This file contains any messages produced by compilers while
running configure, to aid debugging if configure makes a mistake.

It was created by configure, which was
generated by GNU Autoconf 2.69.  Invocation command line was

  $ /data/projects/control-tool/target/act-server-src/libevent/configure --host=aarch64-linux-gnu CC=/exports/toolchains/common/aarch64-linux-gnu/bin/aarch64-linux-gnu-gcc OBJDUMP=/exports/toolchains/common/aarch64-linux-gnu/bin/aarch64-linux-gnu-objdump NM=/exports/toolchains/common/aarch64-linux-gnu/bin/aarch64-linux-gnu-nm AR=/exports/toolchains/common/aarch64-linux-gnu/bin/aarch64-linux-gnu-ar RANLIB=/exports/toolchains/common/aarch64-linux-gnu/bin/aarch64-linux-gnu-ranlib CFLAGS=-w CPPFLAGS=-w --disable-openssl --enable-thread-support --disable-dependency-tracking --disable-libevent-install --disable-libevent-regress --disable-malloc-replacement --enable-silent-rules

## --------- ##
## Platform. ##
## --------- ##

hostname = e108636
uname -m = x86_64
uname -r = 3.10.0-327.18.2.el7.x86_64
uname -s = Linux
uname -v = #1 SMP Thu May 12 11:03:55 UTC 2016

/usr/bin/uname -p = x86_64
/bin/uname -X     = unknown

/bin/arch              = x86_64
/usr/bin/arch -k       = unknown
/usr/convex/getsysinfo = unknown
/usr/bin/hostinfo      = unknown
/bin/machine           = unknown
/usr/bin/oslevel       = unknown
/bin/universe          = unknown

PATH: /exports/texlive/2016/bin/x86_64-linux
PATH: /exports/texlive/2016/bin/x86_64-linux
PATH: /usr/lib64/qt-3.3/bin
PATH: /home/dmilam01/perl5/bin
PATH: /usr/local/bin
PATH: /bin
PATH: /usr/bin
PATH: /usr/local/sbin
PATH: /usr/sbin
PATH: /exports/devtools/bin
PATH: /home/dmilam01/.local/bin
PATH: /home/dmilam01/bin
PATH: /exports/devtools/bin
PATH: /exports/devtools/bin


## ----------- ##
## Core tests. ##
## ----------- ##

configure:2647: checking for a BSD-compatible install
configure:2715: result: /bin/install -c
configure:2726: checking whether build environment is sane
configure:2781: result: yes
configure:2840: checking for aarch64-linux-gnu-strip
configure:2870: result: no
configure:2880: checking for strip
configure:2896: found /bin/strip
configure:2907: result: strip
configure:2932: checking for a thread-safe mkdir -p
configure:2971: result: /bin/mkdir -p
configure:2978: checking for gawk
configure:2994: found /bin/gawk
configure:3005: result: gawk
configure:3016: checking whether make sets $(MAKE)
configure:3038: result: yes
configure:3067: checking whether make supports nested variables
configure:3084: result: yes
configure:3183: checking build system type
configure:3197: result: x86_64-unknown-linux-gnu
configure:3217: checking host system type
configure:3230: result: aarch64-unknown-linux-gnu
configure:3266: checking for aarch64-linux-gnu-gcc
configure:3293: result: /exports/toolchains/common/aarch64-linux-gnu/bin/aarch64-linux-gnu-gcc
configure:3562: checking for C compiler version
configure:3571: /exports/toolchains/common/aarch64-linux-gnu/bin/aarch64-linux-gnu-gcc --version >&5
aarch64-linux-gnu-gcc (Linaro GCC 5.3-2016.02) 5.3.1 20160113
Copyright (C) 2015 Free Software Foundation, Inc.
This is free software; see the source for copying conditions.  There is NO
warranty; not even for MERCHANTABILITY or FITNESS FOR A PARTICULAR PURPOSE.

configure:3582: $? = 0
configure:3571: /exports/toolchains/common/aarch64-linux-gnu/bin/aarch64-linux-gnu-gcc -v >&5
Using built-in specs.
COLLECT_GCC=/exports/toolchains/common/aarch64-linux-gnu/bin/aarch64-linux-gnu-gcc
COLLECT_LTO_WRAPPER=/exports/toolchains/common/aarch64-linux-gnu/bin/../libexec/gcc/aarch64-linux-gnu/5.3.1/lto-wrapper
Target: aarch64-linux-gnu
Configured with: /home/tcwg-buildslave/workspace/tcwg-make-release/label/tcwg-x86_64-ex40/target/aarch64-linux-gnu/snapshots/gcc-linaro-5.3-2016.02/configure SHELL=/bin/bash --with-bugurl=https://bugs.linaro.org --with-mpc=/home/tcwg-buildslave/workspace/tcwg-make-release/label/tcwg-x86_64-ex40/target/aarch64-linux-gnu/_build/builds/destdir/x86_64-unknown-linux-gnu --with-mpfr=/home/tcwg-buildslave/workspace/tcwg-make-release/label/tcwg-x86_64-ex40/target/aarch64-linux-gnu/_build/builds/destdir/x86_64-unknown-linux-gnu --with-gmp=/home/tcwg-buildslave/workspace/tcwg-make-release/label/tcwg-x86_64-ex40/target/aarch64-linux-gnu/_build/builds/destdir/x86_64-unknown-linux-gnu --with-gnu-as --with-gnu-ld --disable-libstdcxx-pch --disable-libmudflap --with-cloog=no --with-ppl=no --with-isl=no --disable-nls --enable-c99 --with-arch=armv8-a --enable-fix-cortex-a53-835769 --enable-fix-cortex-a53-843419 --enable-multiarch --with-build-sysroot=/home/tcwg-buildslave/workspace/tcwg-make-release/label/tcwg-x86_64-ex40/target/aarch64-linux-gnu/_build/sysroots/aarch64-linux-gnu --enable-lto --enable-linker-build-id --enable-long-long --enable-shared --with-sysroot=/home/tcwg-buildslave/workspace/tcwg-make-release/label/tcwg-x86_64-ex40/target/aarch64-linux-gnu/_build/builds/destdir/x86_64-unknown-linux-gnu/aarch64-linux-gnu/libc --enable-languages=c,c++,fortran,lto --enable-checking=release --disable-bootstrap --with-bugurl=https://bugs.linaro.org --build=x86_64-unknown-linux-gnu --host=x86_64-unknown-linux-gnu --target=aarch64-linux-gnu --prefix=/home/tcwg-buildslave/workspace/tcwg-make-release/label/tcwg-x86_64-ex40/target/aarch64-linux-gnu/_build/builds/destdir/x86_64-unknown-linux-gnu
Thread model: posix
gcc version 5.3.1 20160113 (Linaro GCC 5.3-2016.02) 
configure:3582: $? = 0
configure:3571: /exports/toolchains/common/aarch64-linux-gnu/bin/aarch64-linux-gnu-gcc -V >&5
aarch64-linux-gnu-gcc: error: unrecognized command line option '-V'
aarch64-linux-gnu-gcc: fatal error: no input files
compilation terminated.
configure:3582: $? = 1
configure:3571: /exports/toolchains/common/aarch64-linux-gnu/bin/aarch64-linux-gnu-gcc -qversion >&5
aarch64-linux-gnu-gcc: error: unrecognized command line option '-qversion'
aarch64-linux-gnu-gcc: fatal error: no input files
compilation terminated.
configure:3582: $? = 1
configure:3602: checking whether the C compiler works
configure:3624: /exports/toolchains/common/aarch64-linux-gnu/bin/aarch64-linux-gnu-gcc -w -w  conftest.c  >&5
configure:3628: $? = 0
configure:3676: result: yes
configure:3679: checking for C compiler default output file name
configure:3681: result: a.out
configure:3687: checking for suffix of executables
configure:3694: /exports/toolchains/common/aarch64-linux-gnu/bin/aarch64-linux-gnu-gcc -o conftest -w -w  conftest.c  >&5
configure:3698: $? = 0
configure:3720: result: 
configure:3742: checking whether we are cross compiling
configure:3750: /exports/toolchains/common/aarch64-linux-gnu/bin/aarch64-linux-gnu-gcc -o conftest -w -w  conftest.c  >&5
configure:3754: $? = 0
configure:3761: ./conftest
/data/projects/control-tool/target/act-server-src/libevent/configure: line 3763: ./conftest: cannot execute binary file
configure:3765: $? = 126
configure:3780: result: yes
configure:3785: checking for suffix of object files
configure:3807: /exports/toolchains/common/aarch64-linux-gnu/bin/aarch64-linux-gnu-gcc -c -w -w conftest.c >&5
configure:3811: $? = 0
configure:3832: result: o
configure:3836: checking whether we are using the GNU C compiler
configure:3855: /exports/toolchains/common/aarch64-linux-gnu/bin/aarch64-linux-gnu-gcc -c -w -w conftest.c >&5
configure:3855: $? = 0
configure:3864: result: yes
configure:3873: checking whether /exports/toolchains/common/aarch64-linux-gnu/bin/aarch64-linux-gnu-gcc accepts -g
configure:3893: /exports/toolchains/common/aarch64-linux-gnu/bin/aarch64-linux-gnu-gcc -c -g -w conftest.c >&5
configure:3893: $? = 0
configure:3934: result: yes
configure:3951: checking for /exports/toolchains/common/aarch64-linux-gnu/bin/aarch64-linux-gnu-gcc option to accept ISO C89
configure:4014: /exports/toolchains/common/aarch64-linux-gnu/bin/aarch64-linux-gnu-gcc  -c -w -w conftest.c >&5
configure:4014: $? = 0
configure:4027: result: none needed
configure:4058: checking for style of include used by make
configure:4086: result: GNU
configure:4112: checking dependency style of /exports/toolchains/common/aarch64-linux-gnu/bin/aarch64-linux-gnu-gcc
configure:4223: result: none
configure:4239: checking whether /exports/toolchains/common/aarch64-linux-gnu/bin/aarch64-linux-gnu-gcc and cc understand -c and -o together
configure:4270: /exports/toolchains/common/aarch64-linux-gnu/bin/aarch64-linux-gnu-gcc -c conftest.c -o conftest2.o >&5
configure:4274: $? = 0
configure:4280: /exports/toolchains/common/aarch64-linux-gnu/bin/aarch64-linux-gnu-gcc -c conftest.c -o conftest2.o >&5
configure:4284: $? = 0
configure:4295: cc -c conftest.c >&5
configure:4299: $? = 0
configure:4307: cc -c conftest.c -o conftest2.o >&5
configure:4311: $? = 0
configure:4317: cc -c conftest.c -o conftest2.o >&5
configure:4321: $? = 0
configure:4339: result: yes
configure:4365: checking whether ln -s works
configure:4369: result: yes
configure:4380: checking for a sed that does not truncate output
configure:4444: result: /bin/sed
configure:4456: checking how to run the C preprocessor
configure:4487: /exports/toolchains/common/aarch64-linux-gnu/bin/aarch64-linux-gnu-gcc -E -w conftest.c
configure:4487: $? = 0
configure:4501: /exports/toolchains/common/aarch64-linux-gnu/bin/aarch64-linux-gnu-gcc -E -w conftest.c
conftest.c:12:28: fatal error: ac_nonexistent.h: No such file or directory
compilation terminated.
configure:4501: $? = 1
configure: failed program was:
| /* confdefs.h */
| #define PACKAGE_NAME ""
| #define PACKAGE_TARNAME ""
| #define PACKAGE_VERSION ""
| #define PACKAGE_STRING ""
| #define PACKAGE_BUGREPORT ""
| #define PACKAGE_URL ""
| #define PACKAGE "libevent"
| #define VERSION "2.0.22-stable"
| #define NUMERIC_VERSION 0x02001600
| /* end confdefs.h.  */
| #include <ac_nonexistent.h>
configure:4526: result: /exports/toolchains/common/aarch64-linux-gnu/bin/aarch64-linux-gnu-gcc -E
configure:4546: /exports/toolchains/common/aarch64-linux-gnu/bin/aarch64-linux-gnu-gcc -E -w conftest.c
configure:4546: $? = 0
configure:4560: /exports/toolchains/common/aarch64-linux-gnu/bin/aarch64-linux-gnu-gcc -E -w conftest.c
conftest.c:12:28: fatal error: ac_nonexistent.h: No such file or directory
compilation terminated.
configure:4560: $? = 1
configure: failed program was:
| /* confdefs.h */
| #define PACKAGE_NAME ""
| #define PACKAGE_TARNAME ""
| #define PACKAGE_VERSION ""
| #define PACKAGE_STRING ""
| #define PACKAGE_BUGREPORT ""
| #define PACKAGE_URL ""
| #define PACKAGE "libevent"
| #define VERSION "2.0.22-stable"
| #define NUMERIC_VERSION 0x02001600
| /* end confdefs.h.  */
| #include <ac_nonexistent.h>
configure:4589: checking for grep that handles long lines and -e
configure:4647: result: /bin/grep
configure:4652: checking for egrep
configure:4714: result: /bin/grep -E
configure:4720: checking whether /exports/toolchains/common/aarch64-linux-gnu/bin/aarch64-linux-gnu-gcc needs -traditional
configure:4754: result: no
configure:4778: /exports/toolchains/common/aarch64-linux-gnu/bin/aarch64-linux-gnu-gcc -c -w -w conftest.c >&5
configure:4778: $? = 0
configure:4906: checking how to print strings
configure:4933: result: printf
configure:4954: checking for a sed that does not truncate output
configure:5018: result: /bin/sed
configure:5036: checking for fgrep
configure:5098: result: /bin/grep -F
configure:5133: checking for ld used by /exports/toolchains/common/aarch64-linux-gnu/bin/aarch64-linux-gnu-gcc
configure:5200: result: /exports/toolchains/common/aarch64-linux-gnu/aarch64-linux-gnu/bin/ld
configure:5207: checking if the linker (/exports/toolchains/common/aarch64-linux-gnu/aarch64-linux-gnu/bin/ld) is GNU ld
configure:5222: result: yes
configure:5234: checking for BSD- or MS-compatible name lister (nm)
configure:5283: result: /exports/toolchains/common/aarch64-linux-gnu/bin/aarch64-linux-gnu-nm
configure:5413: checking the name lister (/exports/toolchains/common/aarch64-linux-gnu/bin/aarch64-linux-gnu-nm) interface
configure:5420: /exports/toolchains/common/aarch64-linux-gnu/bin/aarch64-linux-gnu-gcc -c -w -Wall -fno-strict-aliasing -w conftest.c >&5
configure:5423: /exports/toolchains/common/aarch64-linux-gnu/bin/aarch64-linux-gnu-nm "conftest.o"
configure:5426: output
0000000000000000 B some_variable
configure:5433: result: BSD nm
configure:5437: checking the maximum length of command line arguments
configure:5567: result: 1572864
configure:5584: checking whether the shell understands some XSI constructs
configure:5594: result: yes
configure:5598: checking whether the shell understands "+="
configure:5604: result: yes
configure:5639: checking how to convert x86_64-unknown-linux-gnu file names to aarch64-unknown-linux-gnu format
configure:5679: result: func_convert_file_noop
configure:5686: checking how to convert x86_64-unknown-linux-gnu file names to toolchain format
configure:5706: result: func_convert_file_noop
configure:5713: checking for /exports/toolchains/common/aarch64-linux-gnu/aarch64-linux-gnu/bin/ld option to reload object files
configure:5720: result: -r
configure:5754: checking for aarch64-linux-gnu-objdump
configure:5781: result: /exports/toolchains/common/aarch64-linux-gnu/bin/aarch64-linux-gnu-objdump
configure:5853: checking how to recognize dependent libraries
configure:6055: result: pass_all
configure:6100: checking for aarch64-linux-gnu-dlltool
configure:6130: result: no
configure:6140: checking for dlltool
configure:6170: result: no
configure:6200: checking how to associate runtime and link libraries
configure:6227: result: printf %s\n
configure:6243: checking for aarch64-linux-gnu-ar
configure:6270: result: /exports/toolchains/common/aarch64-linux-gnu/bin/aarch64-linux-gnu-ar
configure:6351: checking for archiver @FILE support
configure:6368: /exports/toolchains/common/aarch64-linux-gnu/bin/aarch64-linux-gnu-gcc -c -w -Wall -fno-strict-aliasing -w conftest.c >&5
configure:6368: $? = 0
configure:6371: /exports/toolchains/common/aarch64-linux-gnu/bin/aarch64-linux-gnu-ar cru libconftest.a @conftest.lst >&5
configure:6374: $? = 0
configure:6379: /exports/toolchains/common/aarch64-linux-gnu/bin/aarch64-linux-gnu-ar cru libconftest.a @conftest.lst >&5
/exports/toolchains/common/aarch64-linux-gnu/bin/aarch64-linux-gnu-ar: conftest.o: No such file or directory
configure:6382: $? = 1
configure:6394: result: @
configure:6412: checking for aarch64-linux-gnu-strip
configure:6439: result: strip
configure:6511: checking for aarch64-linux-gnu-ranlib
configure:6538: result: /exports/toolchains/common/aarch64-linux-gnu/bin/aarch64-linux-gnu-ranlib
configure:6680: checking command to parse /exports/toolchains/common/aarch64-linux-gnu/bin/aarch64-linux-gnu-nm output from /exports/toolchains/common/aarch64-linux-gnu/bin/aarch64-linux-gnu-gcc object
configure:6800: /exports/toolchains/common/aarch64-linux-gnu/bin/aarch64-linux-gnu-gcc -c -w -Wall -fno-strict-aliasing -w conftest.c >&5
configure:6803: $? = 0
configure:6807: /exports/toolchains/common/aarch64-linux-gnu/bin/aarch64-linux-gnu-nm conftest.o \| sed -n -e 's/^.*[ ]\([ABCDGIRSTW][ABCDGIRSTW]*\)[ ][ ]*\([_A-Za-z][_A-Za-z0-9]*\)$/\1 \2 \2/p' | sed '/ __gnu_lto/d' \> conftest.nm
configure:6810: $? = 0
configure:6876: /exports/toolchains/common/aarch64-linux-gnu/bin/aarch64-linux-gnu-gcc -o conftest -w -Wall -fno-strict-aliasing -w  conftest.c conftstm.o >&5
configure:6879: $? = 0
configure:6917: result: ok
configure:6954: checking for sysroot
configure:6984: result: no
configure:7200: checking for aarch64-linux-gnu-mt
configure:7230: result: no
configure:7240: checking for mt
configure:7270: result: no
configure:7290: checking if : is a manifest tool
configure:7296: : '-?'
configure:7304: result: no
configure:7941: checking for ANSI C header files
configure:7961: /exports/toolchains/common/aarch64-linux-gnu/bin/aarch64-linux-gnu-gcc -c -w -Wall -fno-strict-aliasing -w conftest.c >&5
configure:7961: $? = 0
configure:8045: result: yes
configure:8058: checking for sys/types.h
configure:8058: /exports/toolchains/common/aarch64-linux-gnu/bin/aarch64-linux-gnu-gcc -c -w -Wall -fno-strict-aliasing -w conftest.c >&5
configure:8058: $? = 0
configure:8058: result: yes
configure:8058: checking for sys/stat.h
configure:8058: /exports/toolchains/common/aarch64-linux-gnu/bin/aarch64-linux-gnu-gcc -c -w -Wall -fno-strict-aliasing -w conftest.c >&5
configure:8058: $? = 0
configure:8058: result: yes
configure:8058: checking for stdlib.h
configure:8058: /exports/toolchains/common/aarch64-linux-gnu/bin/aarch64-linux-gnu-gcc -c -w -Wall -fno-strict-aliasing -w conftest.c >&5
configure:8058: $? = 0
configure:8058: result: yes
configure:8058: checking for string.h
configure:8058: /exports/toolchains/common/aarch64-linux-gnu/bin/aarch64-linux-gnu-gcc -c -w -Wall -fno-strict-aliasing -w conftest.c >&5
configure:8058: $? = 0
configure:8058: result: yes
configure:8058: checking for memory.h
configure:8058: /exports/toolchains/common/aarch64-linux-gnu/bin/aarch64-linux-gnu-gcc -c -w -Wall -fno-strict-aliasing -w conftest.c >&5
configure:8058: $? = 0
configure:8058: result: yes
configure:8058: checking for strings.h
configure:8058: /exports/toolchains/common/aarch64-linux-gnu/bin/aarch64-linux-gnu-gcc -c -w -Wall -fno-strict-aliasing -w conftest.c >&5
configure:8058: $? = 0
configure:8058: result: yes
configure:8058: checking for inttypes.h
configure:8058: /exports/toolchains/common/aarch64-linux-gnu/bin/aarch64-linux-gnu-gcc -c -w -Wall -fno-strict-aliasing -w conftest.c >&5
configure:8058: $? = 0
configure:8058: result: yes
configure:8058: checking for stdint.h
configure:8058: /exports/toolchains/common/aarch64-linux-gnu/bin/aarch64-linux-gnu-gcc -c -w -Wall -fno-strict-aliasing -w conftest.c >&5
configure:8058: $? = 0
configure:8058: result: yes
configure:8058: checking for unistd.h
configure:8058: /exports/toolchains/common/aarch64-linux-gnu/bin/aarch64-linux-gnu-gcc -c -w -Wall -fno-strict-aliasing -w conftest.c >&5
configure:8058: $? = 0
configure:8058: result: yes
configure:8072: checking for dlfcn.h
configure:8072: /exports/toolchains/common/aarch64-linux-gnu/bin/aarch64-linux-gnu-gcc -c -w -Wall -fno-strict-aliasing -w conftest.c >&5
configure:8072: $? = 0
configure:8072: result: yes
configure:8278: checking for objdir
configure:8293: result: .libs
configure:8560: checking if /exports/toolchains/common/aarch64-linux-gnu/bin/aarch64-linux-gnu-gcc supports -fno-rtti -fno-exceptions
configure:8578: /exports/toolchains/common/aarch64-linux-gnu/bin/aarch64-linux-gnu-gcc -c -w -Wall -fno-strict-aliasing -w -fno-rtti -fno-exceptions conftest.c >&5
configure:8582: $? = 0
configure:8595: result: yes
configure:8922: checking for /exports/toolchains/common/aarch64-linux-gnu/bin/aarch64-linux-gnu-gcc option to produce PIC
configure:8929: result: -fPIC -DPIC
configure:8937: checking if /exports/toolchains/common/aarch64-linux-gnu/bin/aarch64-linux-gnu-gcc PIC flag -fPIC -DPIC works
configure:8955: /exports/toolchains/common/aarch64-linux-gnu/bin/aarch64-linux-gnu-gcc -c -w -Wall -fno-strict-aliasing -w -fPIC -DPIC -DPIC conftest.c >&5
configure:8959: $? = 0
configure:8972: result: yes
configure:9001: checking if /exports/toolchains/common/aarch64-linux-gnu/bin/aarch64-linux-gnu-gcc static flag -static works
configure:9029: result: yes
configure:9044: checking if /exports/toolchains/common/aarch64-linux-gnu/bin/aarch64-linux-gnu-gcc supports -c -o file.o
configure:9065: /exports/toolchains/common/aarch64-linux-gnu/bin/aarch64-linux-gnu-gcc -c -w -Wall -fno-strict-aliasing -w -o out/conftest2.o conftest.c >&5
configure:9069: $? = 0
configure:9091: result: yes
configure:9099: checking if /exports/toolchains/common/aarch64-linux-gnu/bin/aarch64-linux-gnu-gcc supports -c -o file.o
configure:9146: result: yes
configure:9179: checking whether the /exports/toolchains/common/aarch64-linux-gnu/bin/aarch64-linux-gnu-gcc linker (/exports/toolchains/common/aarch64-linux-gnu/aarch64-linux-gnu/bin/ld) supports shared libraries
configure:10332: result: yes
configure:10369: checking whether -lc should be explicitly linked in
configure:10377: /exports/toolchains/common/aarch64-linux-gnu/bin/aarch64-linux-gnu-gcc -c -w -Wall -fno-strict-aliasing -w conftest.c >&5
configure:10380: $? = 0
configure:10395: /exports/toolchains/common/aarch64-linux-gnu/bin/aarch64-linux-gnu-gcc -shared  -fPIC -DPIC conftest.o  -v -Wl,-soname -Wl,conftest -o conftest 2\>\&1 \| /bin/grep  -lc  \>/dev/null 2\>\&1
configure:10398: $? = 0
configure:10412: result: no
configure:10572: checking dynamic linker characteristics
configure:11083: /exports/toolchains/common/aarch64-linux-gnu/bin/aarch64-linux-gnu-gcc -o conftest -w -Wall -fno-strict-aliasing -w  -Wl,-rpath -Wl,/foo conftest.c  >&5
configure:11083: $? = 0
configure:11309: result: GNU/Linux ld.so
configure:11416: checking how to hardcode library paths into programs
configure:11441: result: immediate
configure:11981: checking whether stripping libraries is possible
configure:11986: result: yes
configure:12021: checking if libtool supports shared libraries
configure:12023: result: yes
configure:12026: checking whether to build shared libraries
configure:12047: result: yes
configure:12050: checking whether to build static libraries
configure:12054: result: yes
configure:12103: checking for library containing inet_ntoa
configure:12134: /exports/toolchains/common/aarch64-linux-gnu/bin/aarch64-linux-gnu-gcc -o conftest -w -Wall -fno-strict-aliasing -w  conftest.c  >&5
configure:12134: $? = 0
configure:12151: result: none required
configure:12159: checking for library containing socket
configure:12190: /exports/toolchains/common/aarch64-linux-gnu/bin/aarch64-linux-gnu-gcc -o conftest -w -Wall -fno-strict-aliasing -w  conftest.c  >&5
configure:12190: $? = 0
configure:12207: result: none required
configure:12215: checking for library containing inet_aton
configure:12246: /exports/toolchains/common/aarch64-linux-gnu/bin/aarch64-linux-gnu-gcc -o conftest -w -Wall -fno-strict-aliasing -w  conftest.c  >&5
configure:12246: $? = 0
configure:12263: result: none required
configure:12271: checking for library containing clock_gettime
configure:12302: /exports/toolchains/common/aarch64-linux-gnu/bin/aarch64-linux-gnu-gcc -o conftest -w -Wall -fno-strict-aliasing -w  conftest.c  >&5
configure:12302: $? = 0
configure:12319: result: none required
configure:12327: checking for library containing sendfile
configure:12358: /exports/toolchains/common/aarch64-linux-gnu/bin/aarch64-linux-gnu-gcc -o conftest -w -Wall -fno-strict-aliasing -w  conftest.c  >&5
configure:12358: $? = 0
configure:12375: result: none required
configure:12384: checking for WIN32
configure:12401: /exports/toolchains/common/aarch64-linux-gnu/bin/aarch64-linux-gnu-gcc -c -w -Wall -fno-strict-aliasing -w conftest.c >&5
conftest.c: In function 'main':
conftest.c:30:1: error: unknown type name 'die'
 die horribly
 ^
configure:12401: $? = 1
configure: failed program was:
| /* confdefs.h */
| #define PACKAGE_NAME ""
| #define PACKAGE_TARNAME ""
| #define PACKAGE_VERSION ""
| #define PACKAGE_STRING ""
| #define PACKAGE_BUGREPORT ""
| #define PACKAGE_URL ""
| #define PACKAGE "libevent"
| #define VERSION "2.0.22-stable"
| #define NUMERIC_VERSION 0x02001600
| #define STDC_HEADERS 1
| #define HAVE_SYS_TYPES_H 1
| #define HAVE_SYS_STAT_H 1
| #define HAVE_STDLIB_H 1
| #define HAVE_STRING_H 1
| #define HAVE_MEMORY_H 1
| #define HAVE_STRINGS_H 1
| #define HAVE_INTTYPES_H 1
| #define HAVE_STDINT_H 1
| #define HAVE_UNISTD_H 1
| #define HAVE_DLFCN_H 1
| #define LT_OBJDIR ".libs/"
| /* end confdefs.h.  */
| 
| int
| main ()
| {
| 
| #ifndef WIN32
| die horribly
| #endif
| 
|   ;
|   return 0;
| }
configure:12405: result: no
configure:12410: checking for CYGWIN
configure:12427: /exports/toolchains/common/aarch64-linux-gnu/bin/aarch64-linux-gnu-gcc -c -w -Wall -fno-strict-aliasing -w conftest.c >&5
conftest.c: In function 'main':
conftest.c:30:1: error: unknown type name 'die'
 die horribly
 ^
configure:12427: $? = 1
configure: failed program was:
| /* confdefs.h */
| #define PACKAGE_NAME ""
| #define PACKAGE_TARNAME ""
| #define PACKAGE_VERSION ""
| #define PACKAGE_STRING ""
| #define PACKAGE_BUGREPORT ""
| #define PACKAGE_URL ""
| #define PACKAGE "libevent"
| #define VERSION "2.0.22-stable"
| #define NUMERIC_VERSION 0x02001600
| #define STDC_HEADERS 1
| #define HAVE_SYS_TYPES_H 1
| #define HAVE_SYS_STAT_H 1
| #define HAVE_STDLIB_H 1
| #define HAVE_STRING_H 1
| #define HAVE_MEMORY_H 1
| #define HAVE_STRINGS_H 1
| #define HAVE_INTTYPES_H 1
| #define HAVE_STDINT_H 1
| #define HAVE_UNISTD_H 1
| #define HAVE_DLFCN_H 1
| #define LT_OBJDIR ".libs/"
| /* end confdefs.h.  */
| 
| int
| main ()
| {
| 
| #ifndef __CYGWIN__
| die horribly
| #endif
| 
|   ;
|   return 0;
| }
configure:12431: result: no
configure:12438: checking zlib.h usability
configure:12438: /exports/toolchains/common/aarch64-linux-gnu/bin/aarch64-linux-gnu-gcc -c -w -Wall -fno-strict-aliasing -w conftest.c >&5
conftest.c:57:18: fatal error: zlib.h: No such file or directory
compilation terminated.
configure:12438: $? = 1
configure: failed program was:
| /* confdefs.h */
| #define PACKAGE_NAME ""
| #define PACKAGE_TARNAME ""
| #define PACKAGE_VERSION ""
| #define PACKAGE_STRING ""
| #define PACKAGE_BUGREPORT ""
| #define PACKAGE_URL ""
| #define PACKAGE "libevent"
| #define VERSION "2.0.22-stable"
| #define NUMERIC_VERSION 0x02001600
| #define STDC_HEADERS 1
| #define HAVE_SYS_TYPES_H 1
| #define HAVE_SYS_STAT_H 1
| #define HAVE_STDLIB_H 1
| #define HAVE_STRING_H 1
| #define HAVE_MEMORY_H 1
| #define HAVE_STRINGS_H 1
| #define HAVE_INTTYPES_H 1
| #define HAVE_STDINT_H 1
| #define HAVE_UNISTD_H 1
| #define HAVE_DLFCN_H 1
| #define LT_OBJDIR ".libs/"
| /* end confdefs.h.  */
| #include <stdio.h>
| #ifdef HAVE_SYS_TYPES_H
| # include <sys/types.h>
| #endif
| #ifdef HAVE_SYS_STAT_H
| # include <sys/stat.h>
| #endif
| #ifdef STDC_HEADERS
| # include <stdlib.h>
| # include <stddef.h>
| #else
| # ifdef HAVE_STDLIB_H
| #  include <stdlib.h>
| # endif
| #endif
| #ifdef HAVE_STRING_H
| # if !defined STDC_HEADERS && defined HAVE_MEMORY_H
| #  include <memory.h>
| # endif
| # include <string.h>
| #endif
| #ifdef HAVE_STRINGS_H
| # include <strings.h>
| #endif
| #ifdef HAVE_INTTYPES_H
| # include <inttypes.h>
| #endif
| #ifdef HAVE_STDINT_H
| # include <stdint.h>
| #endif
| #ifdef HAVE_UNISTD_H
| # include <unistd.h>
| #endif
| #include <zlib.h>
configure:12438: result: no
configure:12438: checking zlib.h presence
configure:12438: /exports/toolchains/common/aarch64-linux-gnu/bin/aarch64-linux-gnu-gcc -E -w conftest.c
conftest.c:24:18: fatal error: zlib.h: No such file or directory
compilation terminated.
configure:12438: $? = 1
configure: failed program was:
| /* confdefs.h */
| #define PACKAGE_NAME ""
| #define PACKAGE_TARNAME ""
| #define PACKAGE_VERSION ""
| #define PACKAGE_STRING ""
| #define PACKAGE_BUGREPORT ""
| #define PACKAGE_URL ""
| #define PACKAGE "libevent"
| #define VERSION "2.0.22-stable"
| #define NUMERIC_VERSION 0x02001600
| #define STDC_HEADERS 1
| #define HAVE_SYS_TYPES_H 1
| #define HAVE_SYS_STAT_H 1
| #define HAVE_STDLIB_H 1
| #define HAVE_STRING_H 1
| #define HAVE_MEMORY_H 1
| #define HAVE_STRINGS_H 1
| #define HAVE_INTTYPES_H 1
| #define HAVE_STDINT_H 1
| #define HAVE_UNISTD_H 1
| #define HAVE_DLFCN_H 1
| #define LT_OBJDIR ".libs/"
| /* end confdefs.h.  */
| #include <zlib.h>
configure:12438: result: no
configure:12438: checking for zlib.h
configure:12438: result: no
configure:12539: checking openssl/bio.h usability
configure:12539: /exports/toolchains/common/aarch64-linux-gnu/bin/aarch64-linux-gnu-gcc -c -w -Wall -fno-strict-aliasing -w conftest.c >&5
conftest.c:57:25: fatal error: openssl/bio.h: No such file or directory
compilation terminated.
configure:12539: $? = 1
configure: failed program was:
| /* confdefs.h */
| #define PACKAGE_NAME ""
| #define PACKAGE_TARNAME ""
| #define PACKAGE_VERSION ""
| #define PACKAGE_STRING ""
| #define PACKAGE_BUGREPORT ""
| #define PACKAGE_URL ""
| #define PACKAGE "libevent"
| #define VERSION "2.0.22-stable"
| #define NUMERIC_VERSION 0x02001600
| #define STDC_HEADERS 1
| #define HAVE_SYS_TYPES_H 1
| #define HAVE_SYS_STAT_H 1
| #define HAVE_STDLIB_H 1
| #define HAVE_STRING_H 1
| #define HAVE_MEMORY_H 1
| #define HAVE_STRINGS_H 1
| #define HAVE_INTTYPES_H 1
| #define HAVE_STDINT_H 1
| #define HAVE_UNISTD_H 1
| #define HAVE_DLFCN_H 1
| #define LT_OBJDIR ".libs/"
| /* end confdefs.h.  */
| #include <stdio.h>
| #ifdef HAVE_SYS_TYPES_H
| # include <sys/types.h>
| #endif
| #ifdef HAVE_SYS_STAT_H
| # include <sys/stat.h>
| #endif
| #ifdef STDC_HEADERS
| # include <stdlib.h>
| # include <stddef.h>
| #else
| # ifdef HAVE_STDLIB_H
| #  include <stdlib.h>
| # endif
| #endif
| #ifdef HAVE_STRING_H
| # if !defined STDC_HEADERS && defined HAVE_MEMORY_H
| #  include <memory.h>
| # endif
| # include <string.h>
| #endif
| #ifdef HAVE_STRINGS_H
| # include <strings.h>
| #endif
| #ifdef HAVE_INTTYPES_H
| # include <inttypes.h>
| #endif
| #ifdef HAVE_STDINT_H
| # include <stdint.h>
| #endif
| #ifdef HAVE_UNISTD_H
| # include <unistd.h>
| #endif
| #include <openssl/bio.h>
configure:12539: result: no
configure:12539: checking openssl/bio.h presence
configure:12539: /exports/toolchains/common/aarch64-linux-gnu/bin/aarch64-linux-gnu-gcc -E -w conftest.c
conftest.c:24:25: fatal error: openssl/bio.h: No such file or directory
compilation terminated.
configure:12539: $? = 1
configure: failed program was:
| /* confdefs.h */
| #define PACKAGE_NAME ""
| #define PACKAGE_TARNAME ""
| #define PACKAGE_VERSION ""
| #define PACKAGE_STRING ""
| #define PACKAGE_BUGREPORT ""
| #define PACKAGE_URL ""
| #define PACKAGE "libevent"
| #define VERSION "2.0.22-stable"
| #define NUMERIC_VERSION 0x02001600
| #define STDC_HEADERS 1
| #define HAVE_SYS_TYPES_H 1
| #define HAVE_SYS_STAT_H 1
| #define HAVE_STDLIB_H 1
| #define HAVE_STRING_H 1
| #define HAVE_MEMORY_H 1
| #define HAVE_STRINGS_H 1
| #define HAVE_INTTYPES_H 1
| #define HAVE_STDINT_H 1
| #define HAVE_UNISTD_H 1
| #define HAVE_DLFCN_H 1
| #define LT_OBJDIR ".libs/"
| /* end confdefs.h.  */
| #include <openssl/bio.h>
configure:12539: result: no
configure:12539: checking for openssl/bio.h
configure:12539: result: no
configure:12621: checking for ANSI C header files
configure:12725: result: yes
configure:12736: checking fcntl.h usability
configure:12736: /exports/toolchains/common/aarch64-linux-gnu/bin/aarch64-linux-gnu-gcc -c -w -Wall -fno-strict-aliasing -w conftest.c >&5
configure:12736: $? = 0
configure:12736: result: yes
configure:12736: checking fcntl.h presence
configure:12736: /exports/toolchains/common/aarch64-linux-gnu/bin/aarch64-linux-gnu-gcc -E -w conftest.c
configure:12736: $? = 0
configure:12736: result: yes
configure:12736: checking for fcntl.h
configure:12736: result: yes
configure:12736: checking stdarg.h usability
configure:12736: /exports/toolchains/common/aarch64-linux-gnu/bin/aarch64-linux-gnu-gcc -c -w -Wall -fno-strict-aliasing -w conftest.c >&5
configure:12736: $? = 0
configure:12736: result: yes
configure:12736: checking stdarg.h presence
configure:12736: /exports/toolchains/common/aarch64-linux-gnu/bin/aarch64-linux-gnu-gcc -E -w conftest.c
configure:12736: $? = 0
configure:12736: result: yes
configure:12736: checking for stdarg.h
configure:12736: result: yes
configure:12736: checking for inttypes.h
configure:12736: result: yes
configure:12736: checking for stdint.h
configure:12736: result: yes
configure:12736: checking stddef.h usability
configure:12736: /exports/toolchains/common/aarch64-linux-gnu/bin/aarch64-linux-gnu-gcc -c -w -Wall -fno-strict-aliasing -w conftest.c >&5
configure:12736: $? = 0
configure:12736: result: yes
configure:12736: checking stddef.h presence
configure:12736: /exports/toolchains/common/aarch64-linux-gnu/bin/aarch64-linux-gnu-gcc -E -w conftest.c
configure:12736: $? = 0
configure:12736: result: yes
configure:12736: checking for stddef.h
configure:12736: result: yes
configure:12736: checking poll.h usability
configure:12736: /exports/toolchains/common/aarch64-linux-gnu/bin/aarch64-linux-gnu-gcc -c -w -Wall -fno-strict-aliasing -w conftest.c >&5
configure:12736: $? = 0
configure:12736: result: yes
configure:12736: checking poll.h presence
configure:12736: /exports/toolchains/common/aarch64-linux-gnu/bin/aarch64-linux-gnu-gcc -E -w conftest.c
configure:12736: $? = 0
configure:12736: result: yes
configure:12736: checking for poll.h
configure:12736: result: yes
configure:12736: checking for unistd.h
configure:12736: result: yes
configure:12736: checking sys/epoll.h usability
configure:12736: /exports/toolchains/common/aarch64-linux-gnu/bin/aarch64-linux-gnu-gcc -c -w -Wall -fno-strict-aliasing -w conftest.c >&5
configure:12736: $? = 0
configure:12736: result: yes
configure:12736: checking sys/epoll.h presence
configure:12736: /exports/toolchains/common/aarch64-linux-gnu/bin/aarch64-linux-gnu-gcc -E -w conftest.c
configure:12736: $? = 0
configure:12736: result: yes
configure:12736: checking for sys/epoll.h
configure:12736: result: yes
configure:12736: checking sys/time.h usability
configure:12736: /exports/toolchains/common/aarch64-linux-gnu/bin/aarch64-linux-gnu-gcc -c -w -Wall -fno-strict-aliasing -w conftest.c >&5
configure:12736: $? = 0
configure:12736: result: yes
configure:12736: checking sys/time.h presence
configure:12736: /exports/toolchains/common/aarch64-linux-gnu/bin/aarch64-linux-gnu-gcc -E -w conftest.c
configure:12736: $? = 0
configure:12736: result: yes
configure:12736: checking for sys/time.h
configure:12736: result: yes
configure:12736: checking sys/queue.h usability
configure:12736: /exports/toolchains/common/aarch64-linux-gnu/bin/aarch64-linux-gnu-gcc -c -w -Wall -fno-strict-aliasing -w conftest.c >&5
configure:12736: $? = 0
configure:12736: result: yes
configure:12736: checking sys/queue.h presence
configure:12736: /exports/toolchains/common/aarch64-linux-gnu/bin/aarch64-linux-gnu-gcc -E -w conftest.c
configure:12736: $? = 0
configure:12736: result: yes
configure:12736: checking for sys/queue.h
configure:12736: result: yes
configure:12736: checking sys/event.h usability
configure:12736: /exports/toolchains/common/aarch64-linux-gnu/bin/aarch64-linux-gnu-gcc -c -w -Wall -fno-strict-aliasing -w conftest.c >&5
conftest.c:68:23: fatal error: sys/event.h: No such file or directory
compilation terminated.
configure:12736: $? = 1
configure: failed program was:
| /* confdefs.h */
| #define PACKAGE_NAME ""
| #define PACKAGE_TARNAME ""
| #define PACKAGE_VERSION ""
| #define PACKAGE_STRING ""
| #define PACKAGE_BUGREPORT ""
| #define PACKAGE_URL ""
| #define PACKAGE "libevent"
| #define VERSION "2.0.22-stable"
| #define NUMERIC_VERSION 0x02001600
| #define STDC_HEADERS 1
| #define HAVE_SYS_TYPES_H 1
| #define HAVE_SYS_STAT_H 1
| #define HAVE_STDLIB_H 1
| #define HAVE_STRING_H 1
| #define HAVE_MEMORY_H 1
| #define HAVE_STRINGS_H 1
| #define HAVE_INTTYPES_H 1
| #define HAVE_STDINT_H 1
| #define HAVE_UNISTD_H 1
| #define HAVE_DLFCN_H 1
| #define LT_OBJDIR ".libs/"
| #define STDC_HEADERS 1
| #define HAVE_FCNTL_H 1
| #define HAVE_STDARG_H 1
| #define HAVE_INTTYPES_H 1
| #define HAVE_STDINT_H 1
| #define HAVE_STDDEF_H 1
| #define HAVE_POLL_H 1
| #define HAVE_UNISTD_H 1
| #define HAVE_SYS_EPOLL_H 1
| #define HAVE_SYS_TIME_H 1
| #define HAVE_SYS_QUEUE_H 1
| /* end confdefs.h.  */
| #include <stdio.h>
| #ifdef HAVE_SYS_TYPES_H
| # include <sys/types.h>
| #endif
| #ifdef HAVE_SYS_STAT_H
| # include <sys/stat.h>
| #endif
| #ifdef STDC_HEADERS
| # include <stdlib.h>
| # include <stddef.h>
| #else
| # ifdef HAVE_STDLIB_H
| #  include <stdlib.h>
| # endif
| #endif
| #ifdef HAVE_STRING_H
| # if !defined STDC_HEADERS && defined HAVE_MEMORY_H
| #  include <memory.h>
| # endif
| # include <string.h>
| #endif
| #ifdef HAVE_STRINGS_H
| # include <strings.h>
| #endif
| #ifdef HAVE_INTTYPES_H
| # include <inttypes.h>
| #endif
| #ifdef HAVE_STDINT_H
| # include <stdint.h>
| #endif
| #ifdef HAVE_UNISTD_H
| # include <unistd.h>
| #endif
| #include <sys/event.h>
configure:12736: result: no
configure:12736: checking sys/event.h presence
configure:12736: /exports/toolchains/common/aarch64-linux-gnu/bin/aarch64-linux-gnu-gcc -E -w conftest.c
conftest.c:35:23: fatal error: sys/event.h: No such file or directory
compilation terminated.
configure:12736: $? = 1
configure: failed program was:
| /* confdefs.h */
| #define PACKAGE_NAME ""
| #define PACKAGE_TARNAME ""
| #define PACKAGE_VERSION ""
| #define PACKAGE_STRING ""
| #define PACKAGE_BUGREPORT ""
| #define PACKAGE_URL ""
| #define PACKAGE "libevent"
| #define VERSION "2.0.22-stable"
| #define NUMERIC_VERSION 0x02001600
| #define STDC_HEADERS 1
| #define HAVE_SYS_TYPES_H 1
| #define HAVE_SYS_STAT_H 1
| #define HAVE_STDLIB_H 1
| #define HAVE_STRING_H 1
| #define HAVE_MEMORY_H 1
| #define HAVE_STRINGS_H 1
| #define HAVE_INTTYPES_H 1
| #define HAVE_STDINT_H 1
| #define HAVE_UNISTD_H 1
| #define HAVE_DLFCN_H 1
| #define LT_OBJDIR ".libs/"
| #define STDC_HEADERS 1
| #define HAVE_FCNTL_H 1
| #define HAVE_STDARG_H 1
| #define HAVE_INTTYPES_H 1
| #define HAVE_STDINT_H 1
| #define HAVE_STDDEF_H 1
| #define HAVE_POLL_H 1
| #define HAVE_UNISTD_H 1
| #define HAVE_SYS_EPOLL_H 1
| #define HAVE_SYS_TIME_H 1
| #define HAVE_SYS_QUEUE_H 1
| /* end confdefs.h.  */
| #include <sys/event.h>
configure:12736: result: no
configure:12736: checking for sys/event.h
configure:12736: result: no
configure:12736: checking sys/param.h usability
configure:12736: /exports/toolchains/common/aarch64-linux-gnu/bin/aarch64-linux-gnu-gcc -c -w -Wall -fno-strict-aliasing -w conftest.c >&5
configure:12736: $? = 0
configure:12736: result: yes
configure:12736: checking sys/param.h presence
configure:12736: /exports/toolchains/common/aarch64-linux-gnu/bin/aarch64-linux-gnu-gcc -E -w conftest.c
configure:12736: $? = 0
configure:12736: result: yes
configure:12736: checking for sys/param.h
configure:12736: result: yes
configure:12736: checking sys/ioctl.h usability
configure:12736: /exports/toolchains/common/aarch64-linux-gnu/bin/aarch64-linux-gnu-gcc -c -w -Wall -fno-strict-aliasing -w conftest.c >&5
configure:12736: $? = 0
configure:12736: result: yes
configure:12736: checking sys/ioctl.h presence
configure:12736: /exports/toolchains/common/aarch64-linux-gnu/bin/aarch64-linux-gnu-gcc -E -w conftest.c
configure:12736: $? = 0
configure:12736: result: yes
configure:12736: checking for sys/ioctl.h
configure:12736: result: yes
configure:12736: checking sys/select.h usability
configure:12736: /exports/toolchains/common/aarch64-linux-gnu/bin/aarch64-linux-gnu-gcc -c -w -Wall -fno-strict-aliasing -w conftest.c >&5
configure:12736: $? = 0
configure:12736: result: yes
configure:12736: checking sys/select.h presence
configure:12736: /exports/toolchains/common/aarch64-linux-gnu/bin/aarch64-linux-gnu-gcc -E -w conftest.c
configure:12736: $? = 0
configure:12736: result: yes
configure:12736: checking for sys/select.h
configure:12736: result: yes
configure:12736: checking sys/devpoll.h usability
configure:12736: /exports/toolchains/common/aarch64-linux-gnu/bin/aarch64-linux-gnu-gcc -c -w -Wall -fno-strict-aliasing -w conftest.c >&5
conftest.c:71:25: fatal error: sys/devpoll.h: No such file or directory
compilation terminated.
configure:12736: $? = 1
configure: failed program was:
| /* confdefs.h */
| #define PACKAGE_NAME ""
| #define PACKAGE_TARNAME ""
| #define PACKAGE_VERSION ""
| #define PACKAGE_STRING ""
| #define PACKAGE_BUGREPORT ""
| #define PACKAGE_URL ""
| #define PACKAGE "libevent"
| #define VERSION "2.0.22-stable"
| #define NUMERIC_VERSION 0x02001600
| #define STDC_HEADERS 1
| #define HAVE_SYS_TYPES_H 1
| #define HAVE_SYS_STAT_H 1
| #define HAVE_STDLIB_H 1
| #define HAVE_STRING_H 1
| #define HAVE_MEMORY_H 1
| #define HAVE_STRINGS_H 1
| #define HAVE_INTTYPES_H 1
| #define HAVE_STDINT_H 1
| #define HAVE_UNISTD_H 1
| #define HAVE_DLFCN_H 1
| #define LT_OBJDIR ".libs/"
| #define STDC_HEADERS 1
| #define HAVE_FCNTL_H 1
| #define HAVE_STDARG_H 1
| #define HAVE_INTTYPES_H 1
| #define HAVE_STDINT_H 1
| #define HAVE_STDDEF_H 1
| #define HAVE_POLL_H 1
| #define HAVE_UNISTD_H 1
| #define HAVE_SYS_EPOLL_H 1
| #define HAVE_SYS_TIME_H 1
| #define HAVE_SYS_QUEUE_H 1
| #define HAVE_SYS_PARAM_H 1
| #define HAVE_SYS_IOCTL_H 1
| #define HAVE_SYS_SELECT_H 1
| /* end confdefs.h.  */
| #include <stdio.h>
| #ifdef HAVE_SYS_TYPES_H
| # include <sys/types.h>
| #endif
| #ifdef HAVE_SYS_STAT_H
| # include <sys/stat.h>
| #endif
| #ifdef STDC_HEADERS
| # include <stdlib.h>
| # include <stddef.h>
| #else
| # ifdef HAVE_STDLIB_H
| #  include <stdlib.h>
| # endif
| #endif
| #ifdef HAVE_STRING_H
| # if !defined STDC_HEADERS && defined HAVE_MEMORY_H
| #  include <memory.h>
| # endif
| # include <string.h>
| #endif
| #ifdef HAVE_STRINGS_H
| # include <strings.h>
| #endif
| #ifdef HAVE_INTTYPES_H
| # include <inttypes.h>
| #endif
| #ifdef HAVE_STDINT_H
| # include <stdint.h>
| #endif
| #ifdef HAVE_UNISTD_H
| # include <unistd.h>
| #endif
| #include <sys/devpoll.h>
configure:12736: result: no
configure:12736: checking sys/devpoll.h presence
configure:12736: /exports/toolchains/common/aarch64-linux-gnu/bin/aarch64-linux-gnu-gcc -E -w conftest.c
conftest.c:38:25: fatal error: sys/devpoll.h: No such file or directory
compilation terminated.
configure:12736: $? = 1
configure: failed program was:
| /* confdefs.h */
| #define PACKAGE_NAME ""
| #define PACKAGE_TARNAME ""
| #define PACKAGE_VERSION ""
| #define PACKAGE_STRING ""
| #define PACKAGE_BUGREPORT ""
| #define PACKAGE_URL ""
| #define PACKAGE "libevent"
| #define VERSION "2.0.22-stable"
| #define NUMERIC_VERSION 0x02001600
| #define STDC_HEADERS 1
| #define HAVE_SYS_TYPES_H 1
| #define HAVE_SYS_STAT_H 1
| #define HAVE_STDLIB_H 1
| #define HAVE_STRING_H 1
| #define HAVE_MEMORY_H 1
| #define HAVE_STRINGS_H 1
| #define HAVE_INTTYPES_H 1
| #define HAVE_STDINT_H 1
| #define HAVE_UNISTD_H 1
| #define HAVE_DLFCN_H 1
| #define LT_OBJDIR ".libs/"
| #define STDC_HEADERS 1
| #define HAVE_FCNTL_H 1
| #define HAVE_STDARG_H 1
| #define HAVE_INTTYPES_H 1
| #define HAVE_STDINT_H 1
| #define HAVE_STDDEF_H 1
| #define HAVE_POLL_H 1
| #define HAVE_UNISTD_H 1
| #define HAVE_SYS_EPOLL_H 1
| #define HAVE_SYS_TIME_H 1
| #define HAVE_SYS_QUEUE_H 1
| #define HAVE_SYS_PARAM_H 1
| #define HAVE_SYS_IOCTL_H 1
| #define HAVE_SYS_SELECT_H 1
| /* end confdefs.h.  */
| #include <sys/devpoll.h>
configure:12736: result: no
configure:12736: checking for sys/devpoll.h
configure:12736: result: no
configure:12736: checking port.h usability
configure:12736: /exports/toolchains/common/aarch64-linux-gnu/bin/aarch64-linux-gnu-gcc -c -w -Wall -fno-strict-aliasing -w conftest.c >&5
conftest.c:71:18: fatal error: port.h: No such file or directory
compilation terminated.
configure:12736: $? = 1
configure: failed program was:
| /* confdefs.h */
| #define PACKAGE_NAME ""
| #define PACKAGE_TARNAME ""
| #define PACKAGE_VERSION ""
| #define PACKAGE_STRING ""
| #define PACKAGE_BUGREPORT ""
| #define PACKAGE_URL ""
| #define PACKAGE "libevent"
| #define VERSION "2.0.22-stable"
| #define NUMERIC_VERSION 0x02001600
| #define STDC_HEADERS 1
| #define HAVE_SYS_TYPES_H 1
| #define HAVE_SYS_STAT_H 1
| #define HAVE_STDLIB_H 1
| #define HAVE_STRING_H 1
| #define HAVE_MEMORY_H 1
| #define HAVE_STRINGS_H 1
| #define HAVE_INTTYPES_H 1
| #define HAVE_STDINT_H 1
| #define HAVE_UNISTD_H 1
| #define HAVE_DLFCN_H 1
| #define LT_OBJDIR ".libs/"
| #define STDC_HEADERS 1
| #define HAVE_FCNTL_H 1
| #define HAVE_STDARG_H 1
| #define HAVE_INTTYPES_H 1
| #define HAVE_STDINT_H 1
| #define HAVE_STDDEF_H 1
| #define HAVE_POLL_H 1
| #define HAVE_UNISTD_H 1
| #define HAVE_SYS_EPOLL_H 1
| #define HAVE_SYS_TIME_H 1
| #define HAVE_SYS_QUEUE_H 1
| #define HAVE_SYS_PARAM_H 1
| #define HAVE_SYS_IOCTL_H 1
| #define HAVE_SYS_SELECT_H 1
| /* end confdefs.h.  */
| #include <stdio.h>
| #ifdef HAVE_SYS_TYPES_H
| # include <sys/types.h>
| #endif
| #ifdef HAVE_SYS_STAT_H
| # include <sys/stat.h>
| #endif
| #ifdef STDC_HEADERS
| # include <stdlib.h>
| # include <stddef.h>
| #else
| # ifdef HAVE_STDLIB_H
| #  include <stdlib.h>
| # endif
| #endif
| #ifdef HAVE_STRING_H
| # if !defined STDC_HEADERS && defined HAVE_MEMORY_H
| #  include <memory.h>
| # endif
| # include <string.h>
| #endif
| #ifdef HAVE_STRINGS_H
| # include <strings.h>
| #endif
| #ifdef HAVE_INTTYPES_H
| # include <inttypes.h>
| #endif
| #ifdef HAVE_STDINT_H
| # include <stdint.h>
| #endif
| #ifdef HAVE_UNISTD_H
| # include <unistd.h>
| #endif
| #include <port.h>
configure:12736: result: no
configure:12736: checking port.h presence
configure:12736: /exports/toolchains/common/aarch64-linux-gnu/bin/aarch64-linux-gnu-gcc -E -w conftest.c
conftest.c:38:18: fatal error: port.h: No such file or directory
compilation terminated.
configure:12736: $? = 1
configure: failed program was:
| /* confdefs.h */
| #define PACKAGE_NAME ""
| #define PACKAGE_TARNAME ""
| #define PACKAGE_VERSION ""
| #define PACKAGE_STRING ""
| #define PACKAGE_BUGREPORT ""
| #define PACKAGE_URL ""
| #define PACKAGE "libevent"
| #define VERSION "2.0.22-stable"
| #define NUMERIC_VERSION 0x02001600
| #define STDC_HEADERS 1
| #define HAVE_SYS_TYPES_H 1
| #define HAVE_SYS_STAT_H 1
| #define HAVE_STDLIB_H 1
| #define HAVE_STRING_H 1
| #define HAVE_MEMORY_H 1
| #define HAVE_STRINGS_H 1
| #define HAVE_INTTYPES_H 1
| #define HAVE_STDINT_H 1
| #define HAVE_UNISTD_H 1
| #define HAVE_DLFCN_H 1
| #define LT_OBJDIR ".libs/"
| #define STDC_HEADERS 1
| #define HAVE_FCNTL_H 1
| #define HAVE_STDARG_H 1
| #define HAVE_INTTYPES_H 1
| #define HAVE_STDINT_H 1
| #define HAVE_STDDEF_H 1
| #define HAVE_POLL_H 1
| #define HAVE_UNISTD_H 1
| #define HAVE_SYS_EPOLL_H 1
| #define HAVE_SYS_TIME_H 1
| #define HAVE_SYS_QUEUE_H 1
| #define HAVE_SYS_PARAM_H 1
| #define HAVE_SYS_IOCTL_H 1
| #define HAVE_SYS_SELECT_H 1
| /* end confdefs.h.  */
| #include <port.h>
configure:12736: result: no
configure:12736: checking for port.h
configure:12736: result: no
configure:12736: checking netinet/in.h usability
configure:12736: /exports/toolchains/common/aarch64-linux-gnu/bin/aarch64-linux-gnu-gcc -c -w -Wall -fno-strict-aliasing -w conftest.c >&5
configure:12736: $? = 0
configure:12736: result: yes
configure:12736: checking netinet/in.h presence
configure:12736: /exports/toolchains/common/aarch64-linux-gnu/bin/aarch64-linux-gnu-gcc -E -w conftest.c
configure:12736: $? = 0
configure:12736: result: yes
configure:12736: checking for netinet/in.h
configure:12736: result: yes
configure:12736: checking netinet/in6.h usability
configure:12736: /exports/toolchains/common/aarch64-linux-gnu/bin/aarch64-linux-gnu-gcc -c -w -Wall -fno-strict-aliasing -w conftest.c >&5
conftest.c:72:25: fatal error: netinet/in6.h: No such file or directory
compilation terminated.
configure:12736: $? = 1
configure: failed program was:
| /* confdefs.h */
| #define PACKAGE_NAME ""
| #define PACKAGE_TARNAME ""
| #define PACKAGE_VERSION ""
| #define PACKAGE_STRING ""
| #define PACKAGE_BUGREPORT ""
| #define PACKAGE_URL ""
| #define PACKAGE "libevent"
| #define VERSION "2.0.22-stable"
| #define NUMERIC_VERSION 0x02001600
| #define STDC_HEADERS 1
| #define HAVE_SYS_TYPES_H 1
| #define HAVE_SYS_STAT_H 1
| #define HAVE_STDLIB_H 1
| #define HAVE_STRING_H 1
| #define HAVE_MEMORY_H 1
| #define HAVE_STRINGS_H 1
| #define HAVE_INTTYPES_H 1
| #define HAVE_STDINT_H 1
| #define HAVE_UNISTD_H 1
| #define HAVE_DLFCN_H 1
| #define LT_OBJDIR ".libs/"
| #define STDC_HEADERS 1
| #define HAVE_FCNTL_H 1
| #define HAVE_STDARG_H 1
| #define HAVE_INTTYPES_H 1
| #define HAVE_STDINT_H 1
| #define HAVE_STDDEF_H 1
| #define HAVE_POLL_H 1
| #define HAVE_UNISTD_H 1
| #define HAVE_SYS_EPOLL_H 1
| #define HAVE_SYS_TIME_H 1
| #define HAVE_SYS_QUEUE_H 1
| #define HAVE_SYS_PARAM_H 1
| #define HAVE_SYS_IOCTL_H 1
| #define HAVE_SYS_SELECT_H 1
| #define HAVE_NETINET_IN_H 1
| /* end confdefs.h.  */
| #include <stdio.h>
| #ifdef HAVE_SYS_TYPES_H
| # include <sys/types.h>
| #endif
| #ifdef HAVE_SYS_STAT_H
| # include <sys/stat.h>
| #endif
| #ifdef STDC_HEADERS
| # include <stdlib.h>
| # include <stddef.h>
| #else
| # ifdef HAVE_STDLIB_H
| #  include <stdlib.h>
| # endif
| #endif
| #ifdef HAVE_STRING_H
| # if !defined STDC_HEADERS && defined HAVE_MEMORY_H
| #  include <memory.h>
| # endif
| # include <string.h>
| #endif
| #ifdef HAVE_STRINGS_H
| # include <strings.h>
| #endif
| #ifdef HAVE_INTTYPES_H
| # include <inttypes.h>
| #endif
| #ifdef HAVE_STDINT_H
| # include <stdint.h>
| #endif
| #ifdef HAVE_UNISTD_H
| # include <unistd.h>
| #endif
| #include <netinet/in6.h>
configure:12736: result: no
configure:12736: checking netinet/in6.h presence
configure:12736: /exports/toolchains/common/aarch64-linux-gnu/bin/aarch64-linux-gnu-gcc -E -w conftest.c
conftest.c:39:25: fatal error: netinet/in6.h: No such file or directory
compilation terminated.
configure:12736: $? = 1
configure: failed program was:
| /* confdefs.h */
| #define PACKAGE_NAME ""
| #define PACKAGE_TARNAME ""
| #define PACKAGE_VERSION ""
| #define PACKAGE_STRING ""
| #define PACKAGE_BUGREPORT ""
| #define PACKAGE_URL ""
| #define PACKAGE "libevent"
| #define VERSION "2.0.22-stable"
| #define NUMERIC_VERSION 0x02001600
| #define STDC_HEADERS 1
| #define HAVE_SYS_TYPES_H 1
| #define HAVE_SYS_STAT_H 1
| #define HAVE_STDLIB_H 1
| #define HAVE_STRING_H 1
| #define HAVE_MEMORY_H 1
| #define HAVE_STRINGS_H 1
| #define HAVE_INTTYPES_H 1
| #define HAVE_STDINT_H 1
| #define HAVE_UNISTD_H 1
| #define HAVE_DLFCN_H 1
| #define LT_OBJDIR ".libs/"
| #define STDC_HEADERS 1
| #define HAVE_FCNTL_H 1
| #define HAVE_STDARG_H 1
| #define HAVE_INTTYPES_H 1
| #define HAVE_STDINT_H 1
| #define HAVE_STDDEF_H 1
| #define HAVE_POLL_H 1
| #define HAVE_UNISTD_H 1
| #define HAVE_SYS_EPOLL_H 1
| #define HAVE_SYS_TIME_H 1
| #define HAVE_SYS_QUEUE_H 1
| #define HAVE_SYS_PARAM_H 1
| #define HAVE_SYS_IOCTL_H 1
| #define HAVE_SYS_SELECT_H 1
| #define HAVE_NETINET_IN_H 1
| /* end confdefs.h.  */
| #include <netinet/in6.h>
configure:12736: result: no
configure:12736: checking for netinet/in6.h
configure:12736: result: no
configure:12736: checking sys/socket.h usability
configure:12736: /exports/toolchains/common/aarch64-linux-gnu/bin/aarch64-linux-gnu-gcc -c -w -Wall -fno-strict-aliasing -w conftest.c >&5
configure:12736: $? = 0
configure:12736: result: yes
configure:12736: checking sys/socket.h presence
configure:12736: /exports/toolchains/common/aarch64-linux-gnu/bin/aarch64-linux-gnu-gcc -E -w conftest.c
configure:12736: $? = 0
configure:12736: result: yes
configure:12736: checking for sys/socket.h
configure:12736: result: yes
configure:12736: checking sys/uio.h usability
configure:12736: /exports/toolchains/common/aarch64-linux-gnu/bin/aarch64-linux-gnu-gcc -c -w -Wall -fno-strict-aliasing -w conftest.c >&5
configure:12736: $? = 0
configure:12736: result: yes
configure:12736: checking sys/uio.h presence
configure:12736: /exports/toolchains/common/aarch64-linux-gnu/bin/aarch64-linux-gnu-gcc -E -w conftest.c
configure:12736: $? = 0
configure:12736: result: yes
configure:12736: checking for sys/uio.h
configure:12736: result: yes
configure:12736: checking arpa/inet.h usability
configure:12736: /exports/toolchains/common/aarch64-linux-gnu/bin/aarch64-linux-gnu-gcc -c -w -Wall -fno-strict-aliasing -w conftest.c >&5
configure:12736: $? = 0
configure:12736: result: yes
configure:12736: checking arpa/inet.h presence
configure:12736: /exports/toolchains/common/aarch64-linux-gnu/bin/aarch64-linux-gnu-gcc -E -w conftest.c
configure:12736: $? = 0
configure:12736: result: yes
configure:12736: checking for arpa/inet.h
configure:12736: result: yes
configure:12736: checking sys/eventfd.h usability
configure:12736: /exports/toolchains/common/aarch64-linux-gnu/bin/aarch64-linux-gnu-gcc -c -w -Wall -fno-strict-aliasing -w conftest.c >&5
configure:12736: $? = 0
configure:12736: result: yes
configure:12736: checking sys/eventfd.h presence
configure:12736: /exports/toolchains/common/aarch64-linux-gnu/bin/aarch64-linux-gnu-gcc -E -w conftest.c
configure:12736: $? = 0
configure:12736: result: yes
configure:12736: checking for sys/eventfd.h
configure:12736: result: yes
configure:12736: checking sys/mman.h usability
configure:12736: /exports/toolchains/common/aarch64-linux-gnu/bin/aarch64-linux-gnu-gcc -c -w -Wall -fno-strict-aliasing -w conftest.c >&5
configure:12736: $? = 0
configure:12736: result: yes
configure:12736: checking sys/mman.h presence
configure:12736: /exports/toolchains/common/aarch64-linux-gnu/bin/aarch64-linux-gnu-gcc -E -w conftest.c
configure:12736: $? = 0
configure:12736: result: yes
configure:12736: checking for sys/mman.h
configure:12736: result: yes
configure:12736: checking sys/sendfile.h usability
configure:12736: /exports/toolchains/common/aarch64-linux-gnu/bin/aarch64-linux-gnu-gcc -c -w -Wall -fno-strict-aliasing -w conftest.c >&5
configure:12736: $? = 0
configure:12736: result: yes
configure:12736: checking sys/sendfile.h presence
configure:12736: /exports/toolchains/common/aarch64-linux-gnu/bin/aarch64-linux-gnu-gcc -E -w conftest.c
configure:12736: $? = 0
configure:12736: result: yes
configure:12736: checking for sys/sendfile.h
configure:12736: result: yes
configure:12736: checking sys/wait.h usability
configure:12736: /exports/toolchains/common/aarch64-linux-gnu/bin/aarch64-linux-gnu-gcc -c -w -Wall -fno-strict-aliasing -w conftest.c >&5
configure:12736: $? = 0
configure:12736: result: yes
configure:12736: checking sys/wait.h presence
configure:12736: /exports/toolchains/common/aarch64-linux-gnu/bin/aarch64-linux-gnu-gcc -E -w conftest.c
configure:12736: $? = 0
configure:12736: result: yes
configure:12736: checking for sys/wait.h
configure:12736: result: yes
configure:12736: checking netdb.h usability
configure:12736: /exports/toolchains/common/aarch64-linux-gnu/bin/aarch64-linux-gnu-gcc -c -w -Wall -fno-strict-aliasing -w conftest.c >&5
configure:12736: $? = 0
configure:12736: result: yes
configure:12736: checking netdb.h presence
configure:12736: /exports/toolchains/common/aarch64-linux-gnu/bin/aarch64-linux-gnu-gcc -E -w conftest.c
configure:12736: $? = 0
configure:12736: result: yes
configure:12736: checking for netdb.h
configure:12736: result: yes
configure:12748: checking for sys/stat.h
configure:12748: result: yes
configure:12760: checking for sys/sysctl.h
configure:12760: /exports/toolchains/common/aarch64-linux-gnu/bin/aarch64-linux-gnu-gcc -c -w -Wall -fno-strict-aliasing -w conftest.c >&5
configure:12760: $? = 0
configure:12760: result: yes
configure:12776: checking for TAILQ_FOREACH in sys/queue.h
configure:12789: result: yes
configure:12804: checking for timeradd in sys/time.h
configure:12820: result: yes
configure:12832: checking for timercmp in sys/time.h
configure:12848: result: yes
configure:12860: checking for timerclear in sys/time.h
configure:12876: result: yes
configure:12888: checking for timerisset in sys/time.h
configure:12904: result: yes
configure:12916: checking whether CTL_KERN is declared
configure:12916: /exports/toolchains/common/aarch64-linux-gnu/bin/aarch64-linux-gnu-gcc -c -w -Wall -fno-strict-aliasing -w conftest.c >&5
configure:12916: $? = 0
configure:12916: result: yes
configure:12929: checking whether KERN_RANDOM is declared
configure:12929: /exports/toolchains/common/aarch64-linux-gnu/bin/aarch64-linux-gnu-gcc -c -w -Wall -fno-strict-aliasing -w conftest.c >&5
configure:12929: $? = 0
configure:12929: result: yes
configure:12942: checking whether RANDOM_UUID is declared
configure:12942: /exports/toolchains/common/aarch64-linux-gnu/bin/aarch64-linux-gnu-gcc -c -w -Wall -fno-strict-aliasing -w conftest.c >&5
configure:12942: $? = 0
configure:12942: result: yes
configure:12955: checking whether KERN_ARND is declared
configure:12955: /exports/toolchains/common/aarch64-linux-gnu/bin/aarch64-linux-gnu-gcc -c -w -Wall -fno-strict-aliasing -w conftest.c >&5
conftest.c: In function 'main':
conftest.c:68:10: error: 'KERN_ARND' undeclared (first use in this function)
   (void) KERN_ARND;
          ^
conftest.c:68:10: note: each undeclared identifier is reported only once for each function it appears in
configure:12955: $? = 1
configure: failed program was:
| /* confdefs.h */
| #define PACKAGE_NAME ""
| #define PACKAGE_TARNAME ""
| #define PACKAGE_VERSION ""
| #define PACKAGE_STRING ""
| #define PACKAGE_BUGREPORT ""
| #define PACKAGE_URL ""
| #define PACKAGE "libevent"
| #define VERSION "2.0.22-stable"
| #define NUMERIC_VERSION 0x02001600
| #define STDC_HEADERS 1
| #define HAVE_SYS_TYPES_H 1
| #define HAVE_SYS_STAT_H 1
| #define HAVE_STDLIB_H 1
| #define HAVE_STRING_H 1
| #define HAVE_MEMORY_H 1
| #define HAVE_STRINGS_H 1
| #define HAVE_INTTYPES_H 1
| #define HAVE_STDINT_H 1
| #define HAVE_UNISTD_H 1
| #define HAVE_DLFCN_H 1
| #define LT_OBJDIR ".libs/"
| #define STDC_HEADERS 1
| #define HAVE_FCNTL_H 1
| #define HAVE_STDARG_H 1
| #define HAVE_INTTYPES_H 1
| #define HAVE_STDINT_H 1
| #define HAVE_STDDEF_H 1
| #define HAVE_POLL_H 1
| #define HAVE_UNISTD_H 1
| #define HAVE_SYS_EPOLL_H 1
| #define HAVE_SYS_TIME_H 1
| #define HAVE_SYS_QUEUE_H 1
| #define HAVE_SYS_PARAM_H 1
| #define HAVE_SYS_IOCTL_H 1
| #define HAVE_SYS_SELECT_H 1
| #define HAVE_NETINET_IN_H 1
| #define HAVE_SYS_SOCKET_H 1
| #define HAVE_SYS_UIO_H 1
| #define HAVE_ARPA_INET_H 1
| #define HAVE_SYS_EVENTFD_H 1
| #define HAVE_SYS_MMAN_H 1
| #define HAVE_SYS_SENDFILE_H 1
| #define HAVE_SYS_WAIT_H 1
| #define HAVE_NETDB_H 1
| #define HAVE_SYS_STAT_H 1
| #define HAVE_SYS_SYSCTL_H 1
| #define HAVE_TAILQFOREACH 1
| #define HAVE_TIMERADD 1
| #define HAVE_TIMERCMP 1
| #define HAVE_TIMERCLEAR 1
| #define HAVE_TIMERISSET 1
| #define HAVE_DECL_CTL_KERN 1
| #define HAVE_DECL_KERN_RANDOM 1
| #define HAVE_DECL_RANDOM_UUID 1
| /* end confdefs.h.  */
| #include <sys/types.h>
| 	     #include <sys/sysctl.h>
| 
| 
| int
| main ()
| {
| #ifndef KERN_ARND
| #ifdef __cplusplus
|   (void) KERN_ARND;
| #else
|   (void) KERN_ARND;
| #endif
| #endif
| 
|   ;
|   return 0;
| }
configure:12955: result: no
configure:13055: checking for an ANSI C-conforming const
configure:13121: /exports/toolchains/common/aarch64-linux-gnu/bin/aarch64-linux-gnu-gcc -c -w -Wall -fno-strict-aliasing -w conftest.c >&5
configure:13121: $? = 0
configure:13128: result: yes
configure:13136: checking for inline
configure:13152: /exports/toolchains/common/aarch64-linux-gnu/bin/aarch64-linux-gnu-gcc -c -w -Wall -fno-strict-aliasing -w conftest.c >&5
configure:13152: $? = 0
configure:13160: result: inline
configure:13178: checking whether time.h and sys/time.h may both be included
configure:13198: /exports/toolchains/common/aarch64-linux-gnu/bin/aarch64-linux-gnu-gcc -c -w -Wall -fno-strict-aliasing -w conftest.c >&5
configure:13198: $? = 0
configure:13205: result: yes
configure:13217: checking for gettimeofday
configure:13217: /exports/toolchains/common/aarch64-linux-gnu/bin/aarch64-linux-gnu-gcc -o conftest -w -Wall -fno-strict-aliasing -w  conftest.c  >&5
configure:13217: $? = 0
configure:13217: result: yes
configure:13217: checking for vasprintf
configure:13217: /exports/toolchains/common/aarch64-linux-gnu/bin/aarch64-linux-gnu-gcc -o conftest -w -Wall -fno-strict-aliasing -w  conftest.c  >&5
configure:13217: $? = 0
configure:13217: result: yes
configure:13217: checking for fcntl
configure:13217: /exports/toolchains/common/aarch64-linux-gnu/bin/aarch64-linux-gnu-gcc -o conftest -w -Wall -fno-strict-aliasing -w  conftest.c  >&5
configure:13217: $? = 0
configure:13217: result: yes
configure:13217: checking for clock_gettime
configure:13217: /exports/toolchains/common/aarch64-linux-gnu/bin/aarch64-linux-gnu-gcc -o conftest -w -Wall -fno-strict-aliasing -w  conftest.c  >&5
configure:13217: $? = 0
configure:13217: result: yes
configure:13217: checking for strtok_r
configure:13217: /exports/toolchains/common/aarch64-linux-gnu/bin/aarch64-linux-gnu-gcc -o conftest -w -Wall -fno-strict-aliasing -w  conftest.c  >&5
configure:13217: $? = 0
configure:13217: result: yes
configure:13217: checking for strsep
configure:13217: /exports/toolchains/common/aarch64-linux-gnu/bin/aarch64-linux-gnu-gcc -o conftest -w -Wall -fno-strict-aliasing -w  conftest.c  >&5
configure:13217: $? = 0
configure:13217: result: yes
configure:13229: checking for getnameinfo
configure:13229: /exports/toolchains/common/aarch64-linux-gnu/bin/aarch64-linux-gnu-gcc -o conftest -w -Wall -fno-strict-aliasing -w  conftest.c  >&5
configure:13229: $? = 0
configure:13229: result: yes
configure:13229: checking for strlcpy
configure:13229: /exports/toolchains/common/aarch64-linux-gnu/bin/aarch64-linux-gnu-gcc -o conftest -w -Wall -fno-strict-aliasing -w  conftest.c  >&5
/tmp/ccACDUte.o: In function `main':
conftest.c:(.text+0x8): undefined reference to `strlcpy'
collect2: error: ld returned 1 exit status
configure:13229: $? = 1
configure: failed program was:
| /* confdefs.h */
| #define PACKAGE_NAME ""
| #define PACKAGE_TARNAME ""
| #define PACKAGE_VERSION ""
| #define PACKAGE_STRING ""
| #define PACKAGE_BUGREPORT ""
| #define PACKAGE_URL ""
| #define PACKAGE "libevent"
| #define VERSION "2.0.22-stable"
| #define NUMERIC_VERSION 0x02001600
| #define STDC_HEADERS 1
| #define HAVE_SYS_TYPES_H 1
| #define HAVE_SYS_STAT_H 1
| #define HAVE_STDLIB_H 1
| #define HAVE_STRING_H 1
| #define HAVE_MEMORY_H 1
| #define HAVE_STRINGS_H 1
| #define HAVE_INTTYPES_H 1
| #define HAVE_STDINT_H 1
| #define HAVE_UNISTD_H 1
| #define HAVE_DLFCN_H 1
| #define LT_OBJDIR ".libs/"
| #define STDC_HEADERS 1
| #define HAVE_FCNTL_H 1
| #define HAVE_STDARG_H 1
| #define HAVE_INTTYPES_H 1
| #define HAVE_STDINT_H 1
| #define HAVE_STDDEF_H 1
| #define HAVE_POLL_H 1
| #define HAVE_UNISTD_H 1
| #define HAVE_SYS_EPOLL_H 1
| #define HAVE_SYS_TIME_H 1
| #define HAVE_SYS_QUEUE_H 1
| #define HAVE_SYS_PARAM_H 1
| #define HAVE_SYS_IOCTL_H 1
| #define HAVE_SYS_SELECT_H 1
| #define HAVE_NETINET_IN_H 1
| #define HAVE_SYS_SOCKET_H 1
| #define HAVE_SYS_UIO_H 1
| #define HAVE_ARPA_INET_H 1
| #define HAVE_SYS_EVENTFD_H 1
| #define HAVE_SYS_MMAN_H 1
| #define HAVE_SYS_SENDFILE_H 1
| #define HAVE_SYS_WAIT_H 1
| #define HAVE_NETDB_H 1
| #define HAVE_SYS_STAT_H 1
| #define HAVE_SYS_SYSCTL_H 1
| #define HAVE_TAILQFOREACH 1
| #define HAVE_TIMERADD 1
| #define HAVE_TIMERCMP 1
| #define HAVE_TIMERCLEAR 1
| #define HAVE_TIMERISSET 1
| #define HAVE_DECL_CTL_KERN 1
| #define HAVE_DECL_KERN_RANDOM 1
| #define HAVE_DECL_RANDOM_UUID 1
| #define HAVE_DECL_KERN_ARND 0
| #define TIME_WITH_SYS_TIME 1
| #define HAVE_GETTIMEOFDAY 1
| #define HAVE_VASPRINTF 1
| #define HAVE_FCNTL 1
| #define HAVE_CLOCK_GETTIME 1
| #define HAVE_STRTOK_R 1
| #define HAVE_STRSEP 1
| #define HAVE_GETNAMEINFO 1
| /* end confdefs.h.  */
| /* Define strlcpy to an innocuous variant, in case <limits.h> declares strlcpy.
|    For example, HP-UX 11i <limits.h> declares gettimeofday.  */
| #define strlcpy innocuous_strlcpy
| 
| /* System header to define __stub macros and hopefully few prototypes,
|     which can conflict with char strlcpy (); below.
|     Prefer <limits.h> to <assert.h> if __STDC__ is defined, since
|     <limits.h> exists even on freestanding compilers.  */
| 
| #ifdef __STDC__
| # include <limits.h>
| #else
| # include <assert.h>
| #endif
| 
| #undef strlcpy
| 
| /* Override any GCC internal prototype to avoid an error.
|    Use char because int might match the return type of a GCC
|    builtin and then its argument prototype would still apply.  */
| #ifdef __cplusplus
| extern "C"
| #endif
| char strlcpy ();
| /* The GNU C library defines this for functions which it implements
|     to always fail with ENOSYS.  Some functions are actually named
|     something starting with __ and the normal name is an alias.  */
| #if defined __stub_strlcpy || defined __stub___strlcpy
| choke me
| #endif
| 
| int
| main ()
| {
| return strlcpy ();
|   ;
|   return 0;
| }
configure:13229: result: no
configure:13229: checking for inet_ntop
configure:13229: /exports/toolchains/common/aarch64-linux-gnu/bin/aarch64-linux-gnu-gcc -o conftest -w -Wall -fno-strict-aliasing -w  conftest.c  >&5
configure:13229: $? = 0
configure:13229: result: yes
configure:13229: checking for inet_pton
configure:13229: /exports/toolchains/common/aarch64-linux-gnu/bin/aarch64-linux-gnu-gcc -o conftest -w -Wall -fno-strict-aliasing -w  conftest.c  >&5
configure:13229: $? = 0
configure:13229: result: yes
configure:13229: checking for signal
configure:13229: /exports/toolchains/common/aarch64-linux-gnu/bin/aarch64-linux-gnu-gcc -o conftest -w -Wall -fno-strict-aliasing -w  conftest.c  >&5
configure:13229: $? = 0
configure:13229: result: yes
configure:13229: checking for sigaction
configure:13229: /exports/toolchains/common/aarch64-linux-gnu/bin/aarch64-linux-gnu-gcc -o conftest -w -Wall -fno-strict-aliasing -w  conftest.c  >&5
configure:13229: $? = 0
configure:13229: result: yes
configure:13229: checking for strtoll
configure:13229: /exports/toolchains/common/aarch64-linux-gnu/bin/aarch64-linux-gnu-gcc -o conftest -w -Wall -fno-strict-aliasing -w  conftest.c  >&5
configure:13229: $? = 0
configure:13229: result: yes
configure:13229: checking for inet_aton
configure:13229: /exports/toolchains/common/aarch64-linux-gnu/bin/aarch64-linux-gnu-gcc -o conftest -w -Wall -fno-strict-aliasing -w  conftest.c  >&5
configure:13229: $? = 0
configure:13229: result: yes
configure:13229: checking for pipe
configure:13229: /exports/toolchains/common/aarch64-linux-gnu/bin/aarch64-linux-gnu-gcc -o conftest -w -Wall -fno-strict-aliasing -w  conftest.c  >&5
configure:13229: $? = 0
configure:13229: result: yes
configure:13229: checking for eventfd
configure:13229: /exports/toolchains/common/aarch64-linux-gnu/bin/aarch64-linux-gnu-gcc -o conftest -w -Wall -fno-strict-aliasing -w  conftest.c  >&5
configure:13229: $? = 0
configure:13229: result: yes
configure:13229: checking for sendfile
configure:13229: /exports/toolchains/common/aarch64-linux-gnu/bin/aarch64-linux-gnu-gcc -o conftest -w -Wall -fno-strict-aliasing -w  conftest.c  >&5
configure:13229: $? = 0
configure:13229: result: yes
configure:13229: checking for mmap
configure:13229: /exports/toolchains/common/aarch64-linux-gnu/bin/aarch64-linux-gnu-gcc -o conftest -w -Wall -fno-strict-aliasing -w  conftest.c  >&5
configure:13229: $? = 0
configure:13229: result: yes
configure:13229: checking for splice
configure:13229: /exports/toolchains/common/aarch64-linux-gnu/bin/aarch64-linux-gnu-gcc -o conftest -w -Wall -fno-strict-aliasing -w  conftest.c  >&5
configure:13229: $? = 0
configure:13229: result: yes
configure:13229: checking for arc4random
configure:13229: /exports/toolchains/common/aarch64-linux-gnu/bin/aarch64-linux-gnu-gcc -o conftest -w -Wall -fno-strict-aliasing -w  conftest.c  >&5
/tmp/ccQKXozq.o: In function `main':
conftest.c:(.text+0x8): undefined reference to `arc4random'
collect2: error: ld returned 1 exit status
configure:13229: $? = 1
configure: failed program was:
| /* confdefs.h */
| #define PACKAGE_NAME ""
| #define PACKAGE_TARNAME ""
| #define PACKAGE_VERSION ""
| #define PACKAGE_STRING ""
| #define PACKAGE_BUGREPORT ""
| #define PACKAGE_URL ""
| #define PACKAGE "libevent"
| #define VERSION "2.0.22-stable"
| #define NUMERIC_VERSION 0x02001600
| #define STDC_HEADERS 1
| #define HAVE_SYS_TYPES_H 1
| #define HAVE_SYS_STAT_H 1
| #define HAVE_STDLIB_H 1
| #define HAVE_STRING_H 1
| #define HAVE_MEMORY_H 1
| #define HAVE_STRINGS_H 1
| #define HAVE_INTTYPES_H 1
| #define HAVE_STDINT_H 1
| #define HAVE_UNISTD_H 1
| #define HAVE_DLFCN_H 1
| #define LT_OBJDIR ".libs/"
| #define STDC_HEADERS 1
| #define HAVE_FCNTL_H 1
| #define HAVE_STDARG_H 1
| #define HAVE_INTTYPES_H 1
| #define HAVE_STDINT_H 1
| #define HAVE_STDDEF_H 1
| #define HAVE_POLL_H 1
| #define HAVE_UNISTD_H 1
| #define HAVE_SYS_EPOLL_H 1
| #define HAVE_SYS_TIME_H 1
| #define HAVE_SYS_QUEUE_H 1
| #define HAVE_SYS_PARAM_H 1
| #define HAVE_SYS_IOCTL_H 1
| #define HAVE_SYS_SELECT_H 1
| #define HAVE_NETINET_IN_H 1
| #define HAVE_SYS_SOCKET_H 1
| #define HAVE_SYS_UIO_H 1
| #define HAVE_ARPA_INET_H 1
| #define HAVE_SYS_EVENTFD_H 1
| #define HAVE_SYS_MMAN_H 1
| #define HAVE_SYS_SENDFILE_H 1
| #define HAVE_SYS_WAIT_H 1
| #define HAVE_NETDB_H 1
| #define HAVE_SYS_STAT_H 1
| #define HAVE_SYS_SYSCTL_H 1
| #define HAVE_TAILQFOREACH 1
| #define HAVE_TIMERADD 1
| #define HAVE_TIMERCMP 1
| #define HAVE_TIMERCLEAR 1
| #define HAVE_TIMERISSET 1
| #define HAVE_DECL_CTL_KERN 1
| #define HAVE_DECL_KERN_RANDOM 1
| #define HAVE_DECL_RANDOM_UUID 1
| #define HAVE_DECL_KERN_ARND 0
| #define TIME_WITH_SYS_TIME 1
| #define HAVE_GETTIMEOFDAY 1
| #define HAVE_VASPRINTF 1
| #define HAVE_FCNTL 1
| #define HAVE_CLOCK_GETTIME 1
| #define HAVE_STRTOK_R 1
| #define HAVE_STRSEP 1
| #define HAVE_GETNAMEINFO 1
| #define HAVE_INET_NTOP 1
| #define HAVE_INET_PTON 1
| #define HAVE_SIGNAL 1
| #define HAVE_SIGACTION 1
| #define HAVE_STRTOLL 1
| #define HAVE_INET_ATON 1
| #define HAVE_PIPE 1
| #define HAVE_EVENTFD 1
| #define HAVE_SENDFILE 1
| #define HAVE_MMAP 1
| #define HAVE_SPLICE 1
| /* end confdefs.h.  */
| /* Define arc4random to an innocuous variant, in case <limits.h> declares arc4random.
|    For example, HP-UX 11i <limits.h> declares gettimeofday.  */
| #define arc4random innocuous_arc4random
| 
| /* System header to define __stub macros and hopefully few prototypes,
|     which can conflict with char arc4random (); below.
|     Prefer <limits.h> to <assert.h> if __STDC__ is defined, since
|     <limits.h> exists even on freestanding compilers.  */
| 
| #ifdef __STDC__
| # include <limits.h>
| #else
| # include <assert.h>
| #endif
| 
| #undef arc4random
| 
| /* Override any GCC internal prototype to avoid an error.
|    Use char because int might match the return type of a GCC
|    builtin and then its argument prototype would still apply.  */
| #ifdef __cplusplus
| extern "C"
| #endif
| char arc4random ();
| /* The GNU C library defines this for functions which it implements
|     to always fail with ENOSYS.  Some functions are actually named
|     something starting with __ and the normal name is an alias.  */
| #if defined __stub_arc4random || defined __stub___arc4random
| choke me
| #endif
| 
| int
| main ()
| {
| return arc4random ();
|   ;
|   return 0;
| }
configure:13229: result: no
configure:13229: checking for arc4random_buf
configure:13229: /exports/toolchains/common/aarch64-linux-gnu/bin/aarch64-linux-gnu-gcc -o conftest -w -Wall -fno-strict-aliasing -w  conftest.c  >&5
/tmp/ccdHnXLw.o: In function `main':
conftest.c:(.text+0x8): undefined reference to `arc4random_buf'
collect2: error: ld returned 1 exit status
configure:13229: $? = 1
configure: failed program was:
| /* confdefs.h */
| #define PACKAGE_NAME ""
| #define PACKAGE_TARNAME ""
| #define PACKAGE_VERSION ""
| #define PACKAGE_STRING ""
| #define PACKAGE_BUGREPORT ""
| #define PACKAGE_URL ""
| #define PACKAGE "libevent"
| #define VERSION "2.0.22-stable"
| #define NUMERIC_VERSION 0x02001600
| #define STDC_HEADERS 1
| #define HAVE_SYS_TYPES_H 1
| #define HAVE_SYS_STAT_H 1
| #define HAVE_STDLIB_H 1
| #define HAVE_STRING_H 1
| #define HAVE_MEMORY_H 1
| #define HAVE_STRINGS_H 1
| #define HAVE_INTTYPES_H 1
| #define HAVE_STDINT_H 1
| #define HAVE_UNISTD_H 1
| #define HAVE_DLFCN_H 1
| #define LT_OBJDIR ".libs/"
| #define STDC_HEADERS 1
| #define HAVE_FCNTL_H 1
| #define HAVE_STDARG_H 1
| #define HAVE_INTTYPES_H 1
| #define HAVE_STDINT_H 1
| #define HAVE_STDDEF_H 1
| #define HAVE_POLL_H 1
| #define HAVE_UNISTD_H 1
| #define HAVE_SYS_EPOLL_H 1
| #define HAVE_SYS_TIME_H 1
| #define HAVE_SYS_QUEUE_H 1
| #define HAVE_SYS_PARAM_H 1
| #define HAVE_SYS_IOCTL_H 1
| #define HAVE_SYS_SELECT_H 1
| #define HAVE_NETINET_IN_H 1
| #define HAVE_SYS_SOCKET_H 1
| #define HAVE_SYS_UIO_H 1
| #define HAVE_ARPA_INET_H 1
| #define HAVE_SYS_EVENTFD_H 1
| #define HAVE_SYS_MMAN_H 1
| #define HAVE_SYS_SENDFILE_H 1
| #define HAVE_SYS_WAIT_H 1
| #define HAVE_NETDB_H 1
| #define HAVE_SYS_STAT_H 1
| #define HAVE_SYS_SYSCTL_H 1
| #define HAVE_TAILQFOREACH 1
| #define HAVE_TIMERADD 1
| #define HAVE_TIMERCMP 1
| #define HAVE_TIMERCLEAR 1
| #define HAVE_TIMERISSET 1
| #define HAVE_DECL_CTL_KERN 1
| #define HAVE_DECL_KERN_RANDOM 1
| #define HAVE_DECL_RANDOM_UUID 1
| #define HAVE_DECL_KERN_ARND 0
| #define TIME_WITH_SYS_TIME 1
| #define HAVE_GETTIMEOFDAY 1
| #define HAVE_VASPRINTF 1
| #define HAVE_FCNTL 1
| #define HAVE_CLOCK_GETTIME 1
| #define HAVE_STRTOK_R 1
| #define HAVE_STRSEP 1
| #define HAVE_GETNAMEINFO 1
| #define HAVE_INET_NTOP 1
| #define HAVE_INET_PTON 1
| #define HAVE_SIGNAL 1
| #define HAVE_SIGACTION 1
| #define HAVE_STRTOLL 1
| #define HAVE_INET_ATON 1
| #define HAVE_PIPE 1
| #define HAVE_EVENTFD 1
| #define HAVE_SENDFILE 1
| #define HAVE_MMAP 1
| #define HAVE_SPLICE 1
| /* end confdefs.h.  */
| /* Define arc4random_buf to an innocuous variant, in case <limits.h> declares arc4random_buf.
|    For example, HP-UX 11i <limits.h> declares gettimeofday.  */
| #define arc4random_buf innocuous_arc4random_buf
| 
| /* System header to define __stub macros and hopefully few prototypes,
|     which can conflict with char arc4random_buf (); below.
|     Prefer <limits.h> to <assert.h> if __STDC__ is defined, since
|     <limits.h> exists even on freestanding compilers.  */
| 
| #ifdef __STDC__
| # include <limits.h>
| #else
| # include <assert.h>
| #endif
| 
| #undef arc4random_buf
| 
| /* Override any GCC internal prototype to avoid an error.
|    Use char because int might match the return type of a GCC
|    builtin and then its argument prototype would still apply.  */
| #ifdef __cplusplus
| extern "C"
| #endif
| char arc4random_buf ();
| /* The GNU C library defines this for functions which it implements
|     to always fail with ENOSYS.  Some functions are actually named
|     something starting with __ and the normal name is an alias.  */
| #if defined __stub_arc4random_buf || defined __stub___arc4random_buf
| choke me
| #endif
| 
| int
| main ()
| {
| return arc4random_buf ();
|   ;
|   return 0;
| }
configure:13229: result: no
configure:13229: checking for issetugid
configure:13229: /exports/toolchains/common/aarch64-linux-gnu/bin/aarch64-linux-gnu-gcc -o conftest -w -Wall -fno-strict-aliasing -w  conftest.c  >&5
/tmp/ccC8tyTt.o: In function `main':
conftest.c:(.text+0x8): undefined reference to `issetugid'
collect2: error: ld returned 1 exit status
configure:13229: $? = 1
configure: failed program was:
| /* confdefs.h */
| #define PACKAGE_NAME ""
| #define PACKAGE_TARNAME ""
| #define PACKAGE_VERSION ""
| #define PACKAGE_STRING ""
| #define PACKAGE_BUGREPORT ""
| #define PACKAGE_URL ""
| #define PACKAGE "libevent"
| #define VERSION "2.0.22-stable"
| #define NUMERIC_VERSION 0x02001600
| #define STDC_HEADERS 1
| #define HAVE_SYS_TYPES_H 1
| #define HAVE_SYS_STAT_H 1
| #define HAVE_STDLIB_H 1
| #define HAVE_STRING_H 1
| #define HAVE_MEMORY_H 1
| #define HAVE_STRINGS_H 1
| #define HAVE_INTTYPES_H 1
| #define HAVE_STDINT_H 1
| #define HAVE_UNISTD_H 1
| #define HAVE_DLFCN_H 1
| #define LT_OBJDIR ".libs/"
| #define STDC_HEADERS 1
| #define HAVE_FCNTL_H 1
| #define HAVE_STDARG_H 1
| #define HAVE_INTTYPES_H 1
| #define HAVE_STDINT_H 1
| #define HAVE_STDDEF_H 1
| #define HAVE_POLL_H 1
| #define HAVE_UNISTD_H 1
| #define HAVE_SYS_EPOLL_H 1
| #define HAVE_SYS_TIME_H 1
| #define HAVE_SYS_QUEUE_H 1
| #define HAVE_SYS_PARAM_H 1
| #define HAVE_SYS_IOCTL_H 1
| #define HAVE_SYS_SELECT_H 1
| #define HAVE_NETINET_IN_H 1
| #define HAVE_SYS_SOCKET_H 1
| #define HAVE_SYS_UIO_H 1
| #define HAVE_ARPA_INET_H 1
| #define HAVE_SYS_EVENTFD_H 1
| #define HAVE_SYS_MMAN_H 1
| #define HAVE_SYS_SENDFILE_H 1
| #define HAVE_SYS_WAIT_H 1
| #define HAVE_NETDB_H 1
| #define HAVE_SYS_STAT_H 1
| #define HAVE_SYS_SYSCTL_H 1
| #define HAVE_TAILQFOREACH 1
| #define HAVE_TIMERADD 1
| #define HAVE_TIMERCMP 1
| #define HAVE_TIMERCLEAR 1
| #define HAVE_TIMERISSET 1
| #define HAVE_DECL_CTL_KERN 1
| #define HAVE_DECL_KERN_RANDOM 1
| #define HAVE_DECL_RANDOM_UUID 1
| #define HAVE_DECL_KERN_ARND 0
| #define TIME_WITH_SYS_TIME 1
| #define HAVE_GETTIMEOFDAY 1
| #define HAVE_VASPRINTF 1
| #define HAVE_FCNTL 1
| #define HAVE_CLOCK_GETTIME 1
| #define HAVE_STRTOK_R 1
| #define HAVE_STRSEP 1
| #define HAVE_GETNAMEINFO 1
| #define HAVE_INET_NTOP 1
| #define HAVE_INET_PTON 1
| #define HAVE_SIGNAL 1
| #define HAVE_SIGACTION 1
| #define HAVE_STRTOLL 1
| #define HAVE_INET_ATON 1
| #define HAVE_PIPE 1
| #define HAVE_EVENTFD 1
| #define HAVE_SENDFILE 1
| #define HAVE_MMAP 1
| #define HAVE_SPLICE 1
| /* end confdefs.h.  */
| /* Define issetugid to an innocuous variant, in case <limits.h> declares issetugid.
|    For example, HP-UX 11i <limits.h> declares gettimeofday.  */
| #define issetugid innocuous_issetugid
| 
| /* System header to define __stub macros and hopefully few prototypes,
|     which can conflict with char issetugid (); below.
|     Prefer <limits.h> to <assert.h> if __STDC__ is defined, since
|     <limits.h> exists even on freestanding compilers.  */
| 
| #ifdef __STDC__
| # include <limits.h>
| #else
| # include <assert.h>
| #endif
| 
| #undef issetugid
| 
| /* Override any GCC internal prototype to avoid an error.
|    Use char because int might match the return type of a GCC
|    builtin and then its argument prototype would still apply.  */
| #ifdef __cplusplus
| extern "C"
| #endif
| char issetugid ();
| /* The GNU C library defines this for functions which it implements
|     to always fail with ENOSYS.  Some functions are actually named
|     something starting with __ and the normal name is an alias.  */
| #if defined __stub_issetugid || defined __stub___issetugid
| choke me
| #endif
| 
| int
| main ()
| {
| return issetugid ();
|   ;
|   return 0;
| }
configure:13229: result: no
configure:13229: checking for geteuid
configure:13229: /exports/toolchains/common/aarch64-linux-gnu/bin/aarch64-linux-gnu-gcc -o conftest -w -Wall -fno-strict-aliasing -w  conftest.c  >&5
configure:13229: $? = 0
configure:13229: result: yes
configure:13229: checking for getegid
configure:13229: /exports/toolchains/common/aarch64-linux-gnu/bin/aarch64-linux-gnu-gcc -o conftest -w -Wall -fno-strict-aliasing -w  conftest.c  >&5
configure:13229: $? = 0
configure:13229: result: yes
configure:13229: checking for getprotobynumber
configure:13229: /exports/toolchains/common/aarch64-linux-gnu/bin/aarch64-linux-gnu-gcc -o conftest -w -Wall -fno-strict-aliasing -w  conftest.c  >&5
configure:13229: $? = 0
configure:13229: result: yes
configure:13229: checking for setenv
configure:13229: /exports/toolchains/common/aarch64-linux-gnu/bin/aarch64-linux-gnu-gcc -o conftest -w -Wall -fno-strict-aliasing -w  conftest.c  >&5
configure:13229: $? = 0
configure:13229: result: yes
configure:13229: checking for unsetenv
configure:13229: /exports/toolchains/common/aarch64-linux-gnu/bin/aarch64-linux-gnu-gcc -o conftest -w -Wall -fno-strict-aliasing -w  conftest.c  >&5
configure:13229: $? = 0
configure:13229: result: yes
configure:13229: checking for putenv
configure:13229: /exports/toolchains/common/aarch64-linux-gnu/bin/aarch64-linux-gnu-gcc -o conftest -w -Wall -fno-strict-aliasing -w  conftest.c  >&5
configure:13229: $? = 0
configure:13229: result: yes
configure:13229: checking for sysctl
configure:13229: /exports/toolchains/common/aarch64-linux-gnu/bin/aarch64-linux-gnu-gcc -o conftest -w -Wall -fno-strict-aliasing -w  conftest.c  >&5
conftest.c:111:1: error: unknown type name 'choke'
 choke me
 ^
conftest.c:114:1: error: expected '=', ',', ';', 'asm' or '__attribute__' before 'int'
 int
 ^
configure:13229: $? = 1
configure: failed program was:
| /* confdefs.h */
| #define PACKAGE_NAME ""
| #define PACKAGE_TARNAME ""
| #define PACKAGE_VERSION ""
| #define PACKAGE_STRING ""
| #define PACKAGE_BUGREPORT ""
| #define PACKAGE_URL ""
| #define PACKAGE "libevent"
| #define VERSION "2.0.22-stable"
| #define NUMERIC_VERSION 0x02001600
| #define STDC_HEADERS 1
| #define HAVE_SYS_TYPES_H 1
| #define HAVE_SYS_STAT_H 1
| #define HAVE_STDLIB_H 1
| #define HAVE_STRING_H 1
| #define HAVE_MEMORY_H 1
| #define HAVE_STRINGS_H 1
| #define HAVE_INTTYPES_H 1
| #define HAVE_STDINT_H 1
| #define HAVE_UNISTD_H 1
| #define HAVE_DLFCN_H 1
| #define LT_OBJDIR ".libs/"
| #define STDC_HEADERS 1
| #define HAVE_FCNTL_H 1
| #define HAVE_STDARG_H 1
| #define HAVE_INTTYPES_H 1
| #define HAVE_STDINT_H 1
| #define HAVE_STDDEF_H 1
| #define HAVE_POLL_H 1
| #define HAVE_UNISTD_H 1
| #define HAVE_SYS_EPOLL_H 1
| #define HAVE_SYS_TIME_H 1
| #define HAVE_SYS_QUEUE_H 1
| #define HAVE_SYS_PARAM_H 1
| #define HAVE_SYS_IOCTL_H 1
| #define HAVE_SYS_SELECT_H 1
| #define HAVE_NETINET_IN_H 1
| #define HAVE_SYS_SOCKET_H 1
| #define HAVE_SYS_UIO_H 1
| #define HAVE_ARPA_INET_H 1
| #define HAVE_SYS_EVENTFD_H 1
| #define HAVE_SYS_MMAN_H 1
| #define HAVE_SYS_SENDFILE_H 1
| #define HAVE_SYS_WAIT_H 1
| #define HAVE_NETDB_H 1
| #define HAVE_SYS_STAT_H 1
| #define HAVE_SYS_SYSCTL_H 1
| #define HAVE_TAILQFOREACH 1
| #define HAVE_TIMERADD 1
| #define HAVE_TIMERCMP 1
| #define HAVE_TIMERCLEAR 1
| #define HAVE_TIMERISSET 1
| #define HAVE_DECL_CTL_KERN 1
| #define HAVE_DECL_KERN_RANDOM 1
| #define HAVE_DECL_RANDOM_UUID 1
| #define HAVE_DECL_KERN_ARND 0
| #define TIME_WITH_SYS_TIME 1
| #define HAVE_GETTIMEOFDAY 1
| #define HAVE_VASPRINTF 1
| #define HAVE_FCNTL 1
| #define HAVE_CLOCK_GETTIME 1
| #define HAVE_STRTOK_R 1
| #define HAVE_STRSEP 1
| #define HAVE_GETNAMEINFO 1
| #define HAVE_INET_NTOP 1
| #define HAVE_INET_PTON 1
| #define HAVE_SIGNAL 1
| #define HAVE_SIGACTION 1
| #define HAVE_STRTOLL 1
| #define HAVE_INET_ATON 1
| #define HAVE_PIPE 1
| #define HAVE_EVENTFD 1
| #define HAVE_SENDFILE 1
| #define HAVE_MMAP 1
| #define HAVE_SPLICE 1
| #define HAVE_GETEUID 1
| #define HAVE_GETEGID 1
| #define HAVE_GETPROTOBYNUMBER 1
| #define HAVE_SETENV 1
| #define HAVE_UNSETENV 1
| #define HAVE_PUTENV 1
| /* end confdefs.h.  */
| /* Define sysctl to an innocuous variant, in case <limits.h> declares sysctl.
|    For example, HP-UX 11i <limits.h> declares gettimeofday.  */
| #define sysctl innocuous_sysctl
| 
| /* System header to define __stub macros and hopefully few prototypes,
|     which can conflict with char sysctl (); below.
|     Prefer <limits.h> to <assert.h> if __STDC__ is defined, since
|     <limits.h> exists even on freestanding compilers.  */
| 
| #ifdef __STDC__
| # include <limits.h>
| #else
| # include <assert.h>
| #endif
| 
| #undef sysctl
| 
| /* Override any GCC internal prototype to avoid an error.
|    Use char because int might match the return type of a GCC
|    builtin and then its argument prototype would still apply.  */
| #ifdef __cplusplus
| extern "C"
| #endif
| char sysctl ();
| /* The GNU C library defines this for functions which it implements
|     to always fail with ENOSYS.  Some functions are actually named
|     something starting with __ and the normal name is an alias.  */
| #if defined __stub_sysctl || defined __stub___sysctl
| choke me
| #endif
| 
| int
| main ()
| {
| return sysctl ();
|   ;
|   return 0;
| }
configure:13229: result: no
configure:13240: checking for umask
configure:13240: /exports/toolchains/common/aarch64-linux-gnu/bin/aarch64-linux-gnu-gcc -o conftest -w -Wall -fno-strict-aliasing -w  conftest.c  >&5
configure:13240: $? = 0
configure:13240: result: yes
configure:13250: checking for getaddrinfo
configure:13273: /exports/toolchains/common/aarch64-linux-gnu/bin/aarch64-linux-gnu-gcc -o conftest -w -Wall -fno-strict-aliasing -w  conftest.c  >&5
configure:13273: $? = 0
configure:13283: result: yes
configure:13426: checking size of long
configure:13431: /exports/toolchains/common/aarch64-linux-gnu/bin/aarch64-linux-gnu-gcc -c -w -Wall -fno-strict-aliasing -w conftest.c >&5
configure:13431: $? = 0
configure:13431: /exports/toolchains/common/aarch64-linux-gnu/bin/aarch64-linux-gnu-gcc -c -w -Wall -fno-strict-aliasing -w conftest.c >&5
conftest.c: In function 'main':
conftest.c:121:12: error: size of array 'test_array' is negative
 static int test_array [1 - 2 * !(((long int) (sizeof (long))) <= 0)];
            ^
configure:13431: $? = 1
configure: failed program was:
| /* confdefs.h */
| #define PACKAGE_NAME ""
| #define PACKAGE_TARNAME ""
| #define PACKAGE_VERSION ""
| #define PACKAGE_STRING ""
| #define PACKAGE_BUGREPORT ""
| #define PACKAGE_URL ""
| #define PACKAGE "libevent"
| #define VERSION "2.0.22-stable"
| #define NUMERIC_VERSION 0x02001600
| #define STDC_HEADERS 1
| #define HAVE_SYS_TYPES_H 1
| #define HAVE_SYS_STAT_H 1
| #define HAVE_STDLIB_H 1
| #define HAVE_STRING_H 1
| #define HAVE_MEMORY_H 1
| #define HAVE_STRINGS_H 1
| #define HAVE_INTTYPES_H 1
| #define HAVE_STDINT_H 1
| #define HAVE_UNISTD_H 1
| #define HAVE_DLFCN_H 1
| #define LT_OBJDIR ".libs/"
| #define STDC_HEADERS 1
| #define HAVE_FCNTL_H 1
| #define HAVE_STDARG_H 1
| #define HAVE_INTTYPES_H 1
| #define HAVE_STDINT_H 1
| #define HAVE_STDDEF_H 1
| #define HAVE_POLL_H 1
| #define HAVE_UNISTD_H 1
| #define HAVE_SYS_EPOLL_H 1
| #define HAVE_SYS_TIME_H 1
| #define HAVE_SYS_QUEUE_H 1
| #define HAVE_SYS_PARAM_H 1
| #define HAVE_SYS_IOCTL_H 1
| #define HAVE_SYS_SELECT_H 1
| #define HAVE_NETINET_IN_H 1
| #define HAVE_SYS_SOCKET_H 1
| #define HAVE_SYS_UIO_H 1
| #define HAVE_ARPA_INET_H 1
| #define HAVE_SYS_EVENTFD_H 1
| #define HAVE_SYS_MMAN_H 1
| #define HAVE_SYS_SENDFILE_H 1
| #define HAVE_SYS_WAIT_H 1
| #define HAVE_NETDB_H 1
| #define HAVE_SYS_STAT_H 1
| #define HAVE_SYS_SYSCTL_H 1
| #define HAVE_TAILQFOREACH 1
| #define HAVE_TIMERADD 1
| #define HAVE_TIMERCMP 1
| #define HAVE_TIMERCLEAR 1
| #define HAVE_TIMERISSET 1
| #define HAVE_DECL_CTL_KERN 1
| #define HAVE_DECL_KERN_RANDOM 1
| #define HAVE_DECL_RANDOM_UUID 1
| #define HAVE_DECL_KERN_ARND 0
| #define TIME_WITH_SYS_TIME 1
| #define HAVE_GETTIMEOFDAY 1
| #define HAVE_VASPRINTF 1
| #define HAVE_FCNTL 1
| #define HAVE_CLOCK_GETTIME 1
| #define HAVE_STRTOK_R 1
| #define HAVE_STRSEP 1
| #define HAVE_GETNAMEINFO 1
| #define HAVE_INET_NTOP 1
| #define HAVE_INET_PTON 1
| #define HAVE_SIGNAL 1
| #define HAVE_SIGACTION 1
| #define HAVE_STRTOLL 1
| #define HAVE_INET_ATON 1
| #define HAVE_PIPE 1
| #define HAVE_EVENTFD 1
| #define HAVE_SENDFILE 1
| #define HAVE_MMAP 1
| #define HAVE_SPLICE 1
| #define HAVE_GETEUID 1
| #define HAVE_GETEGID 1
| #define HAVE_GETPROTOBYNUMBER 1
| #define HAVE_SETENV 1
| #define HAVE_UNSETENV 1
| #define HAVE_PUTENV 1
| #define HAVE_UMASK 1
| #define HAVE_GETADDRINFO 1
| /* end confdefs.h.  */
| #include <stdio.h>
| #ifdef HAVE_SYS_TYPES_H
| # include <sys/types.h>
| #endif
| #ifdef HAVE_SYS_STAT_H
| # include <sys/stat.h>
| #endif
| #ifdef STDC_HEADERS
| # include <stdlib.h>
| # include <stddef.h>
| #else
| # ifdef HAVE_STDLIB_H
| #  include <stdlib.h>
| # endif
| #endif
| #ifdef HAVE_STRING_H
| # if !defined STDC_HEADERS && defined HAVE_MEMORY_H
| #  include <memory.h>
| # endif
| # include <string.h>
| #endif
| #ifdef HAVE_STRINGS_H
| # include <strings.h>
| #endif
| #ifdef HAVE_INTTYPES_H
| # include <inttypes.h>
| #endif
| #ifdef HAVE_STDINT_H
| # include <stdint.h>
| #endif
| #ifdef HAVE_UNISTD_H
| # include <unistd.h>
| #endif
| int
| main ()
| {
| static int test_array [1 - 2 * !(((long int) (sizeof (long))) <= 0)];
| test_array [0] = 0;
| return test_array [0];
| 
|   ;
|   return 0;
| }
configure:13431: /exports/toolchains/common/aarch64-linux-gnu/bin/aarch64-linux-gnu-gcc -c -w -Wall -fno-strict-aliasing -w conftest.c >&5
conftest.c: In function 'main':
conftest.c:121:12: error: size of array 'test_array' is negative
 static int test_array [1 - 2 * !(((long int) (sizeof (long))) <= 1)];
            ^
configure:13431: $? = 1
configure: failed program was:
| /* confdefs.h */
| #define PACKAGE_NAME ""
| #define PACKAGE_TARNAME ""
| #define PACKAGE_VERSION ""
| #define PACKAGE_STRING ""
| #define PACKAGE_BUGREPORT ""
| #define PACKAGE_URL ""
| #define PACKAGE "libevent"
| #define VERSION "2.0.22-stable"
| #define NUMERIC_VERSION 0x02001600
| #define STDC_HEADERS 1
| #define HAVE_SYS_TYPES_H 1
| #define HAVE_SYS_STAT_H 1
| #define HAVE_STDLIB_H 1
| #define HAVE_STRING_H 1
| #define HAVE_MEMORY_H 1
| #define HAVE_STRINGS_H 1
| #define HAVE_INTTYPES_H 1
| #define HAVE_STDINT_H 1
| #define HAVE_UNISTD_H 1
| #define HAVE_DLFCN_H 1
| #define LT_OBJDIR ".libs/"
| #define STDC_HEADERS 1
| #define HAVE_FCNTL_H 1
| #define HAVE_STDARG_H 1
| #define HAVE_INTTYPES_H 1
| #define HAVE_STDINT_H 1
| #define HAVE_STDDEF_H 1
| #define HAVE_POLL_H 1
| #define HAVE_UNISTD_H 1
| #define HAVE_SYS_EPOLL_H 1
| #define HAVE_SYS_TIME_H 1
| #define HAVE_SYS_QUEUE_H 1
| #define HAVE_SYS_PARAM_H 1
| #define HAVE_SYS_IOCTL_H 1
| #define HAVE_SYS_SELECT_H 1
| #define HAVE_NETINET_IN_H 1
| #define HAVE_SYS_SOCKET_H 1
| #define HAVE_SYS_UIO_H 1
| #define HAVE_ARPA_INET_H 1
| #define HAVE_SYS_EVENTFD_H 1
| #define HAVE_SYS_MMAN_H 1
| #define HAVE_SYS_SENDFILE_H 1
| #define HAVE_SYS_WAIT_H 1
| #define HAVE_NETDB_H 1
| #define HAVE_SYS_STAT_H 1
| #define HAVE_SYS_SYSCTL_H 1
| #define HAVE_TAILQFOREACH 1
| #define HAVE_TIMERADD 1
| #define HAVE_TIMERCMP 1
| #define HAVE_TIMERCLEAR 1
| #define HAVE_TIMERISSET 1
| #define HAVE_DECL_CTL_KERN 1
| #define HAVE_DECL_KERN_RANDOM 1
| #define HAVE_DECL_RANDOM_UUID 1
| #define HAVE_DECL_KERN_ARND 0
| #define TIME_WITH_SYS_TIME 1
| #define HAVE_GETTIMEOFDAY 1
| #define HAVE_VASPRINTF 1
| #define HAVE_FCNTL 1
| #define HAVE_CLOCK_GETTIME 1
| #define HAVE_STRTOK_R 1
| #define HAVE_STRSEP 1
| #define HAVE_GETNAMEINFO 1
| #define HAVE_INET_NTOP 1
| #define HAVE_INET_PTON 1
| #define HAVE_SIGNAL 1
| #define HAVE_SIGACTION 1
| #define HAVE_STRTOLL 1
| #define HAVE_INET_ATON 1
| #define HAVE_PIPE 1
| #define HAVE_EVENTFD 1
| #define HAVE_SENDFILE 1
| #define HAVE_MMAP 1
| #define HAVE_SPLICE 1
| #define HAVE_GETEUID 1
| #define HAVE_GETEGID 1
| #define HAVE_GETPROTOBYNUMBER 1
| #define HAVE_SETENV 1
| #define HAVE_UNSETENV 1
| #define HAVE_PUTENV 1
| #define HAVE_UMASK 1
| #define HAVE_GETADDRINFO 1
| /* end confdefs.h.  */
| #include <stdio.h>
| #ifdef HAVE_SYS_TYPES_H
| # include <sys/types.h>
| #endif
| #ifdef HAVE_SYS_STAT_H
| # include <sys/stat.h>
| #endif
| #ifdef STDC_HEADERS
| # include <stdlib.h>
| # include <stddef.h>
| #else
| # ifdef HAVE_STDLIB_H
| #  include <stdlib.h>
| # endif
| #endif
| #ifdef HAVE_STRING_H
| # if !defined STDC_HEADERS && defined HAVE_MEMORY_H
| #  include <memory.h>
| # endif
| # include <string.h>
| #endif
| #ifdef HAVE_STRINGS_H
| # include <strings.h>
| #endif
| #ifdef HAVE_INTTYPES_H
| # include <inttypes.h>
| #endif
| #ifdef HAVE_STDINT_H
| # include <stdint.h>
| #endif
| #ifdef HAVE_UNISTD_H
| # include <unistd.h>
| #endif
| int
| main ()
| {
| static int test_array [1 - 2 * !(((long int) (sizeof (long))) <= 1)];
| test_array [0] = 0;
| return test_array [0];
| 
|   ;
|   return 0;
| }
configure:13431: /exports/toolchains/common/aarch64-linux-gnu/bin/aarch64-linux-gnu-gcc -c -w -Wall -fno-strict-aliasing -w conftest.c >&5
conftest.c: In function 'main':
conftest.c:121:12: error: size of array 'test_array' is negative
 static int test_array [1 - 2 * !(((long int) (sizeof (long))) <= 3)];
            ^
configure:13431: $? = 1
configure: failed program was:
| /* confdefs.h */
| #define PACKAGE_NAME ""
| #define PACKAGE_TARNAME ""
| #define PACKAGE_VERSION ""
| #define PACKAGE_STRING ""
| #define PACKAGE_BUGREPORT ""
| #define PACKAGE_URL ""
| #define PACKAGE "libevent"
| #define VERSION "2.0.22-stable"
| #define NUMERIC_VERSION 0x02001600
| #define STDC_HEADERS 1
| #define HAVE_SYS_TYPES_H 1
| #define HAVE_SYS_STAT_H 1
| #define HAVE_STDLIB_H 1
| #define HAVE_STRING_H 1
| #define HAVE_MEMORY_H 1
| #define HAVE_STRINGS_H 1
| #define HAVE_INTTYPES_H 1
| #define HAVE_STDINT_H 1
| #define HAVE_UNISTD_H 1
| #define HAVE_DLFCN_H 1
| #define LT_OBJDIR ".libs/"
| #define STDC_HEADERS 1
| #define HAVE_FCNTL_H 1
| #define HAVE_STDARG_H 1
| #define HAVE_INTTYPES_H 1
| #define HAVE_STDINT_H 1
| #define HAVE_STDDEF_H 1
| #define HAVE_POLL_H 1
| #define HAVE_UNISTD_H 1
| #define HAVE_SYS_EPOLL_H 1
| #define HAVE_SYS_TIME_H 1
| #define HAVE_SYS_QUEUE_H 1
| #define HAVE_SYS_PARAM_H 1
| #define HAVE_SYS_IOCTL_H 1
| #define HAVE_SYS_SELECT_H 1
| #define HAVE_NETINET_IN_H 1
| #define HAVE_SYS_SOCKET_H 1
| #define HAVE_SYS_UIO_H 1
| #define HAVE_ARPA_INET_H 1
| #define HAVE_SYS_EVENTFD_H 1
| #define HAVE_SYS_MMAN_H 1
| #define HAVE_SYS_SENDFILE_H 1
| #define HAVE_SYS_WAIT_H 1
| #define HAVE_NETDB_H 1
| #define HAVE_SYS_STAT_H 1
| #define HAVE_SYS_SYSCTL_H 1
| #define HAVE_TAILQFOREACH 1
| #define HAVE_TIMERADD 1
| #define HAVE_TIMERCMP 1
| #define HAVE_TIMERCLEAR 1
| #define HAVE_TIMERISSET 1
| #define HAVE_DECL_CTL_KERN 1
| #define HAVE_DECL_KERN_RANDOM 1
| #define HAVE_DECL_RANDOM_UUID 1
| #define HAVE_DECL_KERN_ARND 0
| #define TIME_WITH_SYS_TIME 1
| #define HAVE_GETTIMEOFDAY 1
| #define HAVE_VASPRINTF 1
| #define HAVE_FCNTL 1
| #define HAVE_CLOCK_GETTIME 1
| #define HAVE_STRTOK_R 1
| #define HAVE_STRSEP 1
| #define HAVE_GETNAMEINFO 1
| #define HAVE_INET_NTOP 1
| #define HAVE_INET_PTON 1
| #define HAVE_SIGNAL 1
| #define HAVE_SIGACTION 1
| #define HAVE_STRTOLL 1
| #define HAVE_INET_ATON 1
| #define HAVE_PIPE 1
| #define HAVE_EVENTFD 1
| #define HAVE_SENDFILE 1
| #define HAVE_MMAP 1
| #define HAVE_SPLICE 1
| #define HAVE_GETEUID 1
| #define HAVE_GETEGID 1
| #define HAVE_GETPROTOBYNUMBER 1
| #define HAVE_SETENV 1
| #define HAVE_UNSETENV 1
| #define HAVE_PUTENV 1
| #define HAVE_UMASK 1
| #define HAVE_GETADDRINFO 1
| /* end confdefs.h.  */
| #include <stdio.h>
| #ifdef HAVE_SYS_TYPES_H
| # include <sys/types.h>
| #endif
| #ifdef HAVE_SYS_STAT_H
| # include <sys/stat.h>
| #endif
| #ifdef STDC_HEADERS
| # include <stdlib.h>
| # include <stddef.h>
| #else
| # ifdef HAVE_STDLIB_H
| #  include <stdlib.h>
| # endif
| #endif
| #ifdef HAVE_STRING_H
| # if !defined STDC_HEADERS && defined HAVE_MEMORY_H
| #  include <memory.h>
| # endif
| # include <string.h>
| #endif
| #ifdef HAVE_STRINGS_H
| # include <strings.h>
| #endif
| #ifdef HAVE_INTTYPES_H
| # include <inttypes.h>
| #endif
| #ifdef HAVE_STDINT_H
| # include <stdint.h>
| #endif
| #ifdef HAVE_UNISTD_H
| # include <unistd.h>
| #endif
| int
| main ()
| {
| static int test_array [1 - 2 * !(((long int) (sizeof (long))) <= 3)];
| test_array [0] = 0;
| return test_array [0];
| 
|   ;
|   return 0;
| }
configure:13431: /exports/toolchains/common/aarch64-linux-gnu/bin/aarch64-linux-gnu-gcc -c -w -Wall -fno-strict-aliasing -w conftest.c >&5
conftest.c: In function 'main':
conftest.c:121:12: error: size of array 'test_array' is negative
 static int test_array [1 - 2 * !(((long int) (sizeof (long))) <= 7)];
            ^
configure:13431: $? = 1
configure: failed program was:
| /* confdefs.h */
| #define PACKAGE_NAME ""
| #define PACKAGE_TARNAME ""
| #define PACKAGE_VERSION ""
| #define PACKAGE_STRING ""
| #define PACKAGE_BUGREPORT ""
| #define PACKAGE_URL ""
| #define PACKAGE "libevent"
| #define VERSION "2.0.22-stable"
| #define NUMERIC_VERSION 0x02001600
| #define STDC_HEADERS 1
| #define HAVE_SYS_TYPES_H 1
| #define HAVE_SYS_STAT_H 1
| #define HAVE_STDLIB_H 1
| #define HAVE_STRING_H 1
| #define HAVE_MEMORY_H 1
| #define HAVE_STRINGS_H 1
| #define HAVE_INTTYPES_H 1
| #define HAVE_STDINT_H 1
| #define HAVE_UNISTD_H 1
| #define HAVE_DLFCN_H 1
| #define LT_OBJDIR ".libs/"
| #define STDC_HEADERS 1
| #define HAVE_FCNTL_H 1
| #define HAVE_STDARG_H 1
| #define HAVE_INTTYPES_H 1
| #define HAVE_STDINT_H 1
| #define HAVE_STDDEF_H 1
| #define HAVE_POLL_H 1
| #define HAVE_UNISTD_H 1
| #define HAVE_SYS_EPOLL_H 1
| #define HAVE_SYS_TIME_H 1
| #define HAVE_SYS_QUEUE_H 1
| #define HAVE_SYS_PARAM_H 1
| #define HAVE_SYS_IOCTL_H 1
| #define HAVE_SYS_SELECT_H 1
| #define HAVE_NETINET_IN_H 1
| #define HAVE_SYS_SOCKET_H 1
| #define HAVE_SYS_UIO_H 1
| #define HAVE_ARPA_INET_H 1
| #define HAVE_SYS_EVENTFD_H 1
| #define HAVE_SYS_MMAN_H 1
| #define HAVE_SYS_SENDFILE_H 1
| #define HAVE_SYS_WAIT_H 1
| #define HAVE_NETDB_H 1
| #define HAVE_SYS_STAT_H 1
| #define HAVE_SYS_SYSCTL_H 1
| #define HAVE_TAILQFOREACH 1
| #define HAVE_TIMERADD 1
| #define HAVE_TIMERCMP 1
| #define HAVE_TIMERCLEAR 1
| #define HAVE_TIMERISSET 1
| #define HAVE_DECL_CTL_KERN 1
| #define HAVE_DECL_KERN_RANDOM 1
| #define HAVE_DECL_RANDOM_UUID 1
| #define HAVE_DECL_KERN_ARND 0
| #define TIME_WITH_SYS_TIME 1
| #define HAVE_GETTIMEOFDAY 1
| #define HAVE_VASPRINTF 1
| #define HAVE_FCNTL 1
| #define HAVE_CLOCK_GETTIME 1
| #define HAVE_STRTOK_R 1
| #define HAVE_STRSEP 1
| #define HAVE_GETNAMEINFO 1
| #define HAVE_INET_NTOP 1
| #define HAVE_INET_PTON 1
| #define HAVE_SIGNAL 1
| #define HAVE_SIGACTION 1
| #define HAVE_STRTOLL 1
| #define HAVE_INET_ATON 1
| #define HAVE_PIPE 1
| #define HAVE_EVENTFD 1
| #define HAVE_SENDFILE 1
| #define HAVE_MMAP 1
| #define HAVE_SPLICE 1
| #define HAVE_GETEUID 1
| #define HAVE_GETEGID 1
| #define HAVE_GETPROTOBYNUMBER 1
| #define HAVE_SETENV 1
| #define HAVE_UNSETENV 1
| #define HAVE_PUTENV 1
| #define HAVE_UMASK 1
| #define HAVE_GETADDRINFO 1
| /* end confdefs.h.  */
| #include <stdio.h>
| #ifdef HAVE_SYS_TYPES_H
| # include <sys/types.h>
| #endif
| #ifdef HAVE_SYS_STAT_H
| # include <sys/stat.h>
| #endif
| #ifdef STDC_HEADERS
| # include <stdlib.h>
| # include <stddef.h>
| #else
| # ifdef HAVE_STDLIB_H
| #  include <stdlib.h>
| # endif
| #endif
| #ifdef HAVE_STRING_H
| # if !defined STDC_HEADERS && defined HAVE_MEMORY_H
| #  include <memory.h>
| # endif
| # include <string.h>
| #endif
| #ifdef HAVE_STRINGS_H
| # include <strings.h>
| #endif
| #ifdef HAVE_INTTYPES_H
| # include <inttypes.h>
| #endif
| #ifdef HAVE_STDINT_H
| # include <stdint.h>
| #endif
| #ifdef HAVE_UNISTD_H
| # include <unistd.h>
| #endif
| int
| main ()
| {
| static int test_array [1 - 2 * !(((long int) (sizeof (long))) <= 7)];
| test_array [0] = 0;
| return test_array [0];
| 
|   ;
|   return 0;
| }
configure:13431: /exports/toolchains/common/aarch64-linux-gnu/bin/aarch64-linux-gnu-gcc -c -w -Wall -fno-strict-aliasing -w conftest.c >&5
configure:13431: $? = 0
configure:13431: /exports/toolchains/common/aarch64-linux-gnu/bin/aarch64-linux-gnu-gcc -c -w -Wall -fno-strict-aliasing -w conftest.c >&5
configure:13431: $? = 0
configure:13431: /exports/toolchains/common/aarch64-linux-gnu/bin/aarch64-linux-gnu-gcc -c -w -Wall -fno-strict-aliasing -w conftest.c >&5
configure:13431: $? = 0
configure:13431: /exports/toolchains/common/aarch64-linux-gnu/bin/aarch64-linux-gnu-gcc -c -w -Wall -fno-strict-aliasing -w conftest.c >&5
configure:13431: $? = 0
configure:13445: result: 8
configure:13456: checking for F_SETFD in fcntl.h
configure:13473: result: yes
configure:13487: checking for select
configure:13487: /exports/toolchains/common/aarch64-linux-gnu/bin/aarch64-linux-gnu-gcc -o conftest -w -Wall -fno-strict-aliasing -w  conftest.c  >&5
configure:13487: $? = 0
configure:13487: result: yes
configure:13512: checking for poll
configure:13512: /exports/toolchains/common/aarch64-linux-gnu/bin/aarch64-linux-gnu-gcc -o conftest -w -Wall -fno-strict-aliasing -w  conftest.c  >&5
configure:13512: $? = 0
configure:13512: result: yes
configure:13648: checking for epoll_ctl
configure:13648: /exports/toolchains/common/aarch64-linux-gnu/bin/aarch64-linux-gnu-gcc -o conftest -w -Wall -fno-strict-aliasing -w  conftest.c  >&5
configure:13648: $? = 0
configure:13648: result: yes
configure:13732: checking for port_create
configure:13732: /exports/toolchains/common/aarch64-linux-gnu/bin/aarch64-linux-gnu-gcc -o conftest -w -Wall -fno-strict-aliasing -w  conftest.c  >&5
/tmp/ccBA9OID.o: In function `main':
conftest.c:(.text+0x8): undefined reference to `port_create'
collect2: error: ld returned 1 exit status
configure:13732: $? = 1
configure: failed program was:
| /* confdefs.h */
| #define PACKAGE_NAME ""
| #define PACKAGE_TARNAME ""
| #define PACKAGE_VERSION ""
| #define PACKAGE_STRING ""
| #define PACKAGE_BUGREPORT ""
| #define PACKAGE_URL ""
| #define PACKAGE "libevent"
| #define VERSION "2.0.22-stable"
| #define NUMERIC_VERSION 0x02001600
| #define STDC_HEADERS 1
| #define HAVE_SYS_TYPES_H 1
| #define HAVE_SYS_STAT_H 1
| #define HAVE_STDLIB_H 1
| #define HAVE_STRING_H 1
| #define HAVE_MEMORY_H 1
| #define HAVE_STRINGS_H 1
| #define HAVE_INTTYPES_H 1
| #define HAVE_STDINT_H 1
| #define HAVE_UNISTD_H 1
| #define HAVE_DLFCN_H 1
| #define LT_OBJDIR ".libs/"
| #define STDC_HEADERS 1
| #define HAVE_FCNTL_H 1
| #define HAVE_STDARG_H 1
| #define HAVE_INTTYPES_H 1
| #define HAVE_STDINT_H 1
| #define HAVE_STDDEF_H 1
| #define HAVE_POLL_H 1
| #define HAVE_UNISTD_H 1
| #define HAVE_SYS_EPOLL_H 1
| #define HAVE_SYS_TIME_H 1
| #define HAVE_SYS_QUEUE_H 1
| #define HAVE_SYS_PARAM_H 1
| #define HAVE_SYS_IOCTL_H 1
| #define HAVE_SYS_SELECT_H 1
| #define HAVE_NETINET_IN_H 1
| #define HAVE_SYS_SOCKET_H 1
| #define HAVE_SYS_UIO_H 1
| #define HAVE_ARPA_INET_H 1
| #define HAVE_SYS_EVENTFD_H 1
| #define HAVE_SYS_MMAN_H 1
| #define HAVE_SYS_SENDFILE_H 1
| #define HAVE_SYS_WAIT_H 1
| #define HAVE_NETDB_H 1
| #define HAVE_SYS_STAT_H 1
| #define HAVE_SYS_SYSCTL_H 1
| #define HAVE_TAILQFOREACH 1
| #define HAVE_TIMERADD 1
| #define HAVE_TIMERCMP 1
| #define HAVE_TIMERCLEAR 1
| #define HAVE_TIMERISSET 1
| #define HAVE_DECL_CTL_KERN 1
| #define HAVE_DECL_KERN_RANDOM 1
| #define HAVE_DECL_RANDOM_UUID 1
| #define HAVE_DECL_KERN_ARND 0
| #define TIME_WITH_SYS_TIME 1
| #define HAVE_GETTIMEOFDAY 1
| #define HAVE_VASPRINTF 1
| #define HAVE_FCNTL 1
| #define HAVE_CLOCK_GETTIME 1
| #define HAVE_STRTOK_R 1
| #define HAVE_STRSEP 1
| #define HAVE_GETNAMEINFO 1
| #define HAVE_INET_NTOP 1
| #define HAVE_INET_PTON 1
| #define HAVE_SIGNAL 1
| #define HAVE_SIGACTION 1
| #define HAVE_STRTOLL 1
| #define HAVE_INET_ATON 1
| #define HAVE_PIPE 1
| #define HAVE_EVENTFD 1
| #define HAVE_SENDFILE 1
| #define HAVE_MMAP 1
| #define HAVE_SPLICE 1
| #define HAVE_GETEUID 1
| #define HAVE_GETEGID 1
| #define HAVE_GETPROTOBYNUMBER 1
| #define HAVE_SETENV 1
| #define HAVE_UNSETENV 1
| #define HAVE_PUTENV 1
| #define HAVE_UMASK 1
| #define HAVE_GETADDRINFO 1
| #define SIZEOF_LONG 8
| #define HAVE_SETFD 1
| #define HAVE_SELECT 1
| #define HAVE_POLL 1
| #define HAVE_EPOLL_CTL 1
| #define HAVE_EPOLL 1
| /* end confdefs.h.  */
| /* Define port_create to an innocuous variant, in case <limits.h> declares port_create.
|    For example, HP-UX 11i <limits.h> declares gettimeofday.  */
| #define port_create innocuous_port_create
| 
| /* System header to define __stub macros and hopefully few prototypes,
|     which can conflict with char port_create (); below.
|     Prefer <limits.h> to <assert.h> if __STDC__ is defined, since
|     <limits.h> exists even on freestanding compilers.  */
| 
| #ifdef __STDC__
| # include <limits.h>
| #else
| # include <assert.h>
| #endif
| 
| #undef port_create
| 
| /* Override any GCC internal prototype to avoid an error.
|    Use char because int might match the return type of a GCC
|    builtin and then its argument prototype would still apply.  */
| #ifdef __cplusplus
| extern "C"
| #endif
| char port_create ();
| /* The GNU C library defines this for functions which it implements
|     to always fail with ENOSYS.  Some functions are actually named
|     something starting with __ and the normal name is an alias.  */
| #if defined __stub_port_create || defined __stub___port_create
| choke me
| #endif
| 
| int
| main ()
| {
| return port_create ();
|   ;
|   return 0;
| }
configure:13732: result: no
configure:13769: checking for pid_t
configure:13769: /exports/toolchains/common/aarch64-linux-gnu/bin/aarch64-linux-gnu-gcc -c -w -Wall -fno-strict-aliasing -w conftest.c >&5
configure:13769: $? = 0
configure:13769: /exports/toolchains/common/aarch64-linux-gnu/bin/aarch64-linux-gnu-gcc -c -w -Wall -fno-strict-aliasing -w conftest.c >&5
conftest.c: In function 'main':
conftest.c:127:20: error: expected expression before ')' token
 if (sizeof ((pid_t)))
                    ^
configure:13769: $? = 1
configure: failed program was:
| /* confdefs.h */
| #define PACKAGE_NAME ""
| #define PACKAGE_TARNAME ""
| #define PACKAGE_VERSION ""
| #define PACKAGE_STRING ""
| #define PACKAGE_BUGREPORT ""
| #define PACKAGE_URL ""
| #define PACKAGE "libevent"
| #define VERSION "2.0.22-stable"
| #define NUMERIC_VERSION 0x02001600
| #define STDC_HEADERS 1
| #define HAVE_SYS_TYPES_H 1
| #define HAVE_SYS_STAT_H 1
| #define HAVE_STDLIB_H 1
| #define HAVE_STRING_H 1
| #define HAVE_MEMORY_H 1
| #define HAVE_STRINGS_H 1
| #define HAVE_INTTYPES_H 1
| #define HAVE_STDINT_H 1
| #define HAVE_UNISTD_H 1
| #define HAVE_DLFCN_H 1
| #define LT_OBJDIR ".libs/"
| #define STDC_HEADERS 1
| #define HAVE_FCNTL_H 1
| #define HAVE_STDARG_H 1
| #define HAVE_INTTYPES_H 1
| #define HAVE_STDINT_H 1
| #define HAVE_STDDEF_H 1
| #define HAVE_POLL_H 1
| #define HAVE_UNISTD_H 1
| #define HAVE_SYS_EPOLL_H 1
| #define HAVE_SYS_TIME_H 1
| #define HAVE_SYS_QUEUE_H 1
| #define HAVE_SYS_PARAM_H 1
| #define HAVE_SYS_IOCTL_H 1
| #define HAVE_SYS_SELECT_H 1
| #define HAVE_NETINET_IN_H 1
| #define HAVE_SYS_SOCKET_H 1
| #define HAVE_SYS_UIO_H 1
| #define HAVE_ARPA_INET_H 1
| #define HAVE_SYS_EVENTFD_H 1
| #define HAVE_SYS_MMAN_H 1
| #define HAVE_SYS_SENDFILE_H 1
| #define HAVE_SYS_WAIT_H 1
| #define HAVE_NETDB_H 1
| #define HAVE_SYS_STAT_H 1
| #define HAVE_SYS_SYSCTL_H 1
| #define HAVE_TAILQFOREACH 1
| #define HAVE_TIMERADD 1
| #define HAVE_TIMERCMP 1
| #define HAVE_TIMERCLEAR 1
| #define HAVE_TIMERISSET 1
| #define HAVE_DECL_CTL_KERN 1
| #define HAVE_DECL_KERN_RANDOM 1
| #define HAVE_DECL_RANDOM_UUID 1
| #define HAVE_DECL_KERN_ARND 0
| #define TIME_WITH_SYS_TIME 1
| #define HAVE_GETTIMEOFDAY 1
| #define HAVE_VASPRINTF 1
| #define HAVE_FCNTL 1
| #define HAVE_CLOCK_GETTIME 1
| #define HAVE_STRTOK_R 1
| #define HAVE_STRSEP 1
| #define HAVE_GETNAMEINFO 1
| #define HAVE_INET_NTOP 1
| #define HAVE_INET_PTON 1
| #define HAVE_SIGNAL 1
| #define HAVE_SIGACTION 1
| #define HAVE_STRTOLL 1
| #define HAVE_INET_ATON 1
| #define HAVE_PIPE 1
| #define HAVE_EVENTFD 1
| #define HAVE_SENDFILE 1
| #define HAVE_MMAP 1
| #define HAVE_SPLICE 1
| #define HAVE_GETEUID 1
| #define HAVE_GETEGID 1
| #define HAVE_GETPROTOBYNUMBER 1
| #define HAVE_SETENV 1
| #define HAVE_UNSETENV 1
| #define HAVE_PUTENV 1
| #define HAVE_UMASK 1
| #define HAVE_GETADDRINFO 1
| #define SIZEOF_LONG 8
| #define HAVE_SETFD 1
| #define HAVE_SELECT 1
| #define HAVE_POLL 1
| #define HAVE_EPOLL_CTL 1
| #define HAVE_EPOLL 1
| /* end confdefs.h.  */
| #include <stdio.h>
| #ifdef HAVE_SYS_TYPES_H
| # include <sys/types.h>
| #endif
| #ifdef HAVE_SYS_STAT_H
| # include <sys/stat.h>
| #endif
| #ifdef STDC_HEADERS
| # include <stdlib.h>
| # include <stddef.h>
| #else
| # ifdef HAVE_STDLIB_H
| #  include <stdlib.h>
| # endif
| #endif
| #ifdef HAVE_STRING_H
| # if !defined STDC_HEADERS && defined HAVE_MEMORY_H
| #  include <memory.h>
| # endif
| # include <string.h>
| #endif
| #ifdef HAVE_STRINGS_H
| # include <strings.h>
| #endif
| #ifdef HAVE_INTTYPES_H
| # include <inttypes.h>
| #endif
| #ifdef HAVE_STDINT_H
| # include <stdint.h>
| #endif
| #ifdef HAVE_UNISTD_H
| # include <unistd.h>
| #endif
| int
| main ()
| {
| if (sizeof ((pid_t)))
| 	    return 0;
|   ;
|   return 0;
| }
configure:13769: result: yes
configure:13780: checking for size_t
configure:13780: /exports/toolchains/common/aarch64-linux-gnu/bin/aarch64-linux-gnu-gcc -c -w -Wall -fno-strict-aliasing -w conftest.c >&5
configure:13780: $? = 0
configure:13780: /exports/toolchains/common/aarch64-linux-gnu/bin/aarch64-linux-gnu-gcc -c -w -Wall -fno-strict-aliasing -w conftest.c >&5
conftest.c: In function 'main':
conftest.c:127:21: error: expected expression before ')' token
 if (sizeof ((size_t)))
                     ^
configure:13780: $? = 1
configure: failed program was:
| /* confdefs.h */
| #define PACKAGE_NAME ""
| #define PACKAGE_TARNAME ""
| #define PACKAGE_VERSION ""
| #define PACKAGE_STRING ""
| #define PACKAGE_BUGREPORT ""
| #define PACKAGE_URL ""
| #define PACKAGE "libevent"
| #define VERSION "2.0.22-stable"
| #define NUMERIC_VERSION 0x02001600
| #define STDC_HEADERS 1
| #define HAVE_SYS_TYPES_H 1
| #define HAVE_SYS_STAT_H 1
| #define HAVE_STDLIB_H 1
| #define HAVE_STRING_H 1
| #define HAVE_MEMORY_H 1
| #define HAVE_STRINGS_H 1
| #define HAVE_INTTYPES_H 1
| #define HAVE_STDINT_H 1
| #define HAVE_UNISTD_H 1
| #define HAVE_DLFCN_H 1
| #define LT_OBJDIR ".libs/"
| #define STDC_HEADERS 1
| #define HAVE_FCNTL_H 1
| #define HAVE_STDARG_H 1
| #define HAVE_INTTYPES_H 1
| #define HAVE_STDINT_H 1
| #define HAVE_STDDEF_H 1
| #define HAVE_POLL_H 1
| #define HAVE_UNISTD_H 1
| #define HAVE_SYS_EPOLL_H 1
| #define HAVE_SYS_TIME_H 1
| #define HAVE_SYS_QUEUE_H 1
| #define HAVE_SYS_PARAM_H 1
| #define HAVE_SYS_IOCTL_H 1
| #define HAVE_SYS_SELECT_H 1
| #define HAVE_NETINET_IN_H 1
| #define HAVE_SYS_SOCKET_H 1
| #define HAVE_SYS_UIO_H 1
| #define HAVE_ARPA_INET_H 1
| #define HAVE_SYS_EVENTFD_H 1
| #define HAVE_SYS_MMAN_H 1
| #define HAVE_SYS_SENDFILE_H 1
| #define HAVE_SYS_WAIT_H 1
| #define HAVE_NETDB_H 1
| #define HAVE_SYS_STAT_H 1
| #define HAVE_SYS_SYSCTL_H 1
| #define HAVE_TAILQFOREACH 1
| #define HAVE_TIMERADD 1
| #define HAVE_TIMERCMP 1
| #define HAVE_TIMERCLEAR 1
| #define HAVE_TIMERISSET 1
| #define HAVE_DECL_CTL_KERN 1
| #define HAVE_DECL_KERN_RANDOM 1
| #define HAVE_DECL_RANDOM_UUID 1
| #define HAVE_DECL_KERN_ARND 0
| #define TIME_WITH_SYS_TIME 1
| #define HAVE_GETTIMEOFDAY 1
| #define HAVE_VASPRINTF 1
| #define HAVE_FCNTL 1
| #define HAVE_CLOCK_GETTIME 1
| #define HAVE_STRTOK_R 1
| #define HAVE_STRSEP 1
| #define HAVE_GETNAMEINFO 1
| #define HAVE_INET_NTOP 1
| #define HAVE_INET_PTON 1
| #define HAVE_SIGNAL 1
| #define HAVE_SIGACTION 1
| #define HAVE_STRTOLL 1
| #define HAVE_INET_ATON 1
| #define HAVE_PIPE 1
| #define HAVE_EVENTFD 1
| #define HAVE_SENDFILE 1
| #define HAVE_MMAP 1
| #define HAVE_SPLICE 1
| #define HAVE_GETEUID 1
| #define HAVE_GETEGID 1
| #define HAVE_GETPROTOBYNUMBER 1
| #define HAVE_SETENV 1
| #define HAVE_UNSETENV 1
| #define HAVE_PUTENV 1
| #define HAVE_UMASK 1
| #define HAVE_GETADDRINFO 1
| #define SIZEOF_LONG 8
| #define HAVE_SETFD 1
| #define HAVE_SELECT 1
| #define HAVE_POLL 1
| #define HAVE_EPOLL_CTL 1
| #define HAVE_EPOLL 1
| /* end confdefs.h.  */
| #include <stdio.h>
| #ifdef HAVE_SYS_TYPES_H
| # include <sys/types.h>
| #endif
| #ifdef HAVE_SYS_STAT_H
| # include <sys/stat.h>
| #endif
| #ifdef STDC_HEADERS
| # include <stdlib.h>
| # include <stddef.h>
| #else
| # ifdef HAVE_STDLIB_H
| #  include <stdlib.h>
| # endif
| #endif
| #ifdef HAVE_STRING_H
| # if !defined STDC_HEADERS && defined HAVE_MEMORY_H
| #  include <memory.h>
| # endif
| # include <string.h>
| #endif
| #ifdef HAVE_STRINGS_H
| # include <strings.h>
| #endif
| #ifdef HAVE_INTTYPES_H
| # include <inttypes.h>
| #endif
| #ifdef HAVE_STDINT_H
| # include <stdint.h>
| #endif
| #ifdef HAVE_UNISTD_H
| # include <unistd.h>
| #endif
| int
| main ()
| {
| if (sizeof ((size_t)))
| 	    return 0;
|   ;
|   return 0;
| }
configure:13780: result: yes
configure:13791: checking for ssize_t
configure:13791: /exports/toolchains/common/aarch64-linux-gnu/bin/aarch64-linux-gnu-gcc -c -w -Wall -fno-strict-aliasing -w conftest.c >&5
configure:13791: $? = 0
configure:13791: /exports/toolchains/common/aarch64-linux-gnu/bin/aarch64-linux-gnu-gcc -c -w -Wall -fno-strict-aliasing -w conftest.c >&5
conftest.c: In function 'main':
conftest.c:127:22: error: expected expression before ')' token
 if (sizeof ((ssize_t)))
                      ^
configure:13791: $? = 1
configure: failed program was:
| /* confdefs.h */
| #define PACKAGE_NAME ""
| #define PACKAGE_TARNAME ""
| #define PACKAGE_VERSION ""
| #define PACKAGE_STRING ""
| #define PACKAGE_BUGREPORT ""
| #define PACKAGE_URL ""
| #define PACKAGE "libevent"
| #define VERSION "2.0.22-stable"
| #define NUMERIC_VERSION 0x02001600
| #define STDC_HEADERS 1
| #define HAVE_SYS_TYPES_H 1
| #define HAVE_SYS_STAT_H 1
| #define HAVE_STDLIB_H 1
| #define HAVE_STRING_H 1
| #define HAVE_MEMORY_H 1
| #define HAVE_STRINGS_H 1
| #define HAVE_INTTYPES_H 1
| #define HAVE_STDINT_H 1
| #define HAVE_UNISTD_H 1
| #define HAVE_DLFCN_H 1
| #define LT_OBJDIR ".libs/"
| #define STDC_HEADERS 1
| #define HAVE_FCNTL_H 1
| #define HAVE_STDARG_H 1
| #define HAVE_INTTYPES_H 1
| #define HAVE_STDINT_H 1
| #define HAVE_STDDEF_H 1
| #define HAVE_POLL_H 1
| #define HAVE_UNISTD_H 1
| #define HAVE_SYS_EPOLL_H 1
| #define HAVE_SYS_TIME_H 1
| #define HAVE_SYS_QUEUE_H 1
| #define HAVE_SYS_PARAM_H 1
| #define HAVE_SYS_IOCTL_H 1
| #define HAVE_SYS_SELECT_H 1
| #define HAVE_NETINET_IN_H 1
| #define HAVE_SYS_SOCKET_H 1
| #define HAVE_SYS_UIO_H 1
| #define HAVE_ARPA_INET_H 1
| #define HAVE_SYS_EVENTFD_H 1
| #define HAVE_SYS_MMAN_H 1
| #define HAVE_SYS_SENDFILE_H 1
| #define HAVE_SYS_WAIT_H 1
| #define HAVE_NETDB_H 1
| #define HAVE_SYS_STAT_H 1
| #define HAVE_SYS_SYSCTL_H 1
| #define HAVE_TAILQFOREACH 1
| #define HAVE_TIMERADD 1
| #define HAVE_TIMERCMP 1
| #define HAVE_TIMERCLEAR 1
| #define HAVE_TIMERISSET 1
| #define HAVE_DECL_CTL_KERN 1
| #define HAVE_DECL_KERN_RANDOM 1
| #define HAVE_DECL_RANDOM_UUID 1
| #define HAVE_DECL_KERN_ARND 0
| #define TIME_WITH_SYS_TIME 1
| #define HAVE_GETTIMEOFDAY 1
| #define HAVE_VASPRINTF 1
| #define HAVE_FCNTL 1
| #define HAVE_CLOCK_GETTIME 1
| #define HAVE_STRTOK_R 1
| #define HAVE_STRSEP 1
| #define HAVE_GETNAMEINFO 1
| #define HAVE_INET_NTOP 1
| #define HAVE_INET_PTON 1
| #define HAVE_SIGNAL 1
| #define HAVE_SIGACTION 1
| #define HAVE_STRTOLL 1
| #define HAVE_INET_ATON 1
| #define HAVE_PIPE 1
| #define HAVE_EVENTFD 1
| #define HAVE_SENDFILE 1
| #define HAVE_MMAP 1
| #define HAVE_SPLICE 1
| #define HAVE_GETEUID 1
| #define HAVE_GETEGID 1
| #define HAVE_GETPROTOBYNUMBER 1
| #define HAVE_SETENV 1
| #define HAVE_UNSETENV 1
| #define HAVE_PUTENV 1
| #define HAVE_UMASK 1
| #define HAVE_GETADDRINFO 1
| #define SIZEOF_LONG 8
| #define HAVE_SETFD 1
| #define HAVE_SELECT 1
| #define HAVE_POLL 1
| #define HAVE_EPOLL_CTL 1
| #define HAVE_EPOLL 1
| /* end confdefs.h.  */
| #include <stdio.h>
| #ifdef HAVE_SYS_TYPES_H
| # include <sys/types.h>
| #endif
| #ifdef HAVE_SYS_STAT_H
| # include <sys/stat.h>
| #endif
| #ifdef STDC_HEADERS
| # include <stdlib.h>
| # include <stddef.h>
| #else
| # ifdef HAVE_STDLIB_H
| #  include <stdlib.h>
| # endif
| #endif
| #ifdef HAVE_STRING_H
| # if !defined STDC_HEADERS && defined HAVE_MEMORY_H
| #  include <memory.h>
| # endif
| # include <string.h>
| #endif
| #ifdef HAVE_STRINGS_H
| # include <strings.h>
| #endif
| #ifdef HAVE_INTTYPES_H
| # include <inttypes.h>
| #endif
| #ifdef HAVE_STDINT_H
| # include <stdint.h>
| #endif
| #ifdef HAVE_UNISTD_H
| # include <unistd.h>
| #endif
| int
| main ()
| {
| if (sizeof ((ssize_t)))
| 	    return 0;
|   ;
|   return 0;
| }
configure:13791: result: yes
configure:13803: checking for uint64_t
configure:13803: /exports/toolchains/common/aarch64-linux-gnu/bin/aarch64-linux-gnu-gcc -c -w -Wall -fno-strict-aliasing -w conftest.c >&5
configure:13803: $? = 0
configure:13803: /exports/toolchains/common/aarch64-linux-gnu/bin/aarch64-linux-gnu-gcc -c -w -Wall -fno-strict-aliasing -w conftest.c >&5
conftest.c: In function 'main':
conftest.c:103:23: error: expected expression before ')' token
 if (sizeof ((uint64_t)))
                       ^
configure:13803: $? = 1
configure: failed program was:
| /* confdefs.h */
| #define PACKAGE_NAME ""
| #define PACKAGE_TARNAME ""
| #define PACKAGE_VERSION ""
| #define PACKAGE_STRING ""
| #define PACKAGE_BUGREPORT ""
| #define PACKAGE_URL ""
| #define PACKAGE "libevent"
| #define VERSION "2.0.22-stable"
| #define NUMERIC_VERSION 0x02001600
| #define STDC_HEADERS 1
| #define HAVE_SYS_TYPES_H 1
| #define HAVE_SYS_STAT_H 1
| #define HAVE_STDLIB_H 1
| #define HAVE_STRING_H 1
| #define HAVE_MEMORY_H 1
| #define HAVE_STRINGS_H 1
| #define HAVE_INTTYPES_H 1
| #define HAVE_STDINT_H 1
| #define HAVE_UNISTD_H 1
| #define HAVE_DLFCN_H 1
| #define LT_OBJDIR ".libs/"
| #define STDC_HEADERS 1
| #define HAVE_FCNTL_H 1
| #define HAVE_STDARG_H 1
| #define HAVE_INTTYPES_H 1
| #define HAVE_STDINT_H 1
| #define HAVE_STDDEF_H 1
| #define HAVE_POLL_H 1
| #define HAVE_UNISTD_H 1
| #define HAVE_SYS_EPOLL_H 1
| #define HAVE_SYS_TIME_H 1
| #define HAVE_SYS_QUEUE_H 1
| #define HAVE_SYS_PARAM_H 1
| #define HAVE_SYS_IOCTL_H 1
| #define HAVE_SYS_SELECT_H 1
| #define HAVE_NETINET_IN_H 1
| #define HAVE_SYS_SOCKET_H 1
| #define HAVE_SYS_UIO_H 1
| #define HAVE_ARPA_INET_H 1
| #define HAVE_SYS_EVENTFD_H 1
| #define HAVE_SYS_MMAN_H 1
| #define HAVE_SYS_SENDFILE_H 1
| #define HAVE_SYS_WAIT_H 1
| #define HAVE_NETDB_H 1
| #define HAVE_SYS_STAT_H 1
| #define HAVE_SYS_SYSCTL_H 1
| #define HAVE_TAILQFOREACH 1
| #define HAVE_TIMERADD 1
| #define HAVE_TIMERCMP 1
| #define HAVE_TIMERCLEAR 1
| #define HAVE_TIMERISSET 1
| #define HAVE_DECL_CTL_KERN 1
| #define HAVE_DECL_KERN_RANDOM 1
| #define HAVE_DECL_RANDOM_UUID 1
| #define HAVE_DECL_KERN_ARND 0
| #define TIME_WITH_SYS_TIME 1
| #define HAVE_GETTIMEOFDAY 1
| #define HAVE_VASPRINTF 1
| #define HAVE_FCNTL 1
| #define HAVE_CLOCK_GETTIME 1
| #define HAVE_STRTOK_R 1
| #define HAVE_STRSEP 1
| #define HAVE_GETNAMEINFO 1
| #define HAVE_INET_NTOP 1
| #define HAVE_INET_PTON 1
| #define HAVE_SIGNAL 1
| #define HAVE_SIGACTION 1
| #define HAVE_STRTOLL 1
| #define HAVE_INET_ATON 1
| #define HAVE_PIPE 1
| #define HAVE_EVENTFD 1
| #define HAVE_SENDFILE 1
| #define HAVE_MMAP 1
| #define HAVE_SPLICE 1
| #define HAVE_GETEUID 1
| #define HAVE_GETEGID 1
| #define HAVE_GETPROTOBYNUMBER 1
| #define HAVE_SETENV 1
| #define HAVE_UNSETENV 1
| #define HAVE_PUTENV 1
| #define HAVE_UMASK 1
| #define HAVE_GETADDRINFO 1
| #define SIZEOF_LONG 8
| #define HAVE_SETFD 1
| #define HAVE_SELECT 1
| #define HAVE_POLL 1
| #define HAVE_EPOLL_CTL 1
| #define HAVE_EPOLL 1
| /* end confdefs.h.  */
| #ifdef HAVE_STDINT_H
| #include <stdint.h>
| #elif defined(HAVE_INTTYPES_H)
| #include <inttypes.h>
| #endif
| #ifdef HAVE_SYS_TYPES_H
| #include <sys/types.h>
| #endif
| 
| int
| main ()
| {
| if (sizeof ((uint64_t)))
| 	    return 0;
|   ;
|   return 0;
| }
configure:13803: result: yes
configure:13820: checking for uint32_t
configure:13820: /exports/toolchains/common/aarch64-linux-gnu/bin/aarch64-linux-gnu-gcc -c -w -Wall -fno-strict-aliasing -w conftest.c >&5
configure:13820: $? = 0
configure:13820: /exports/toolchains/common/aarch64-linux-gnu/bin/aarch64-linux-gnu-gcc -c -w -Wall -fno-strict-aliasing -w conftest.c >&5
conftest.c: In function 'main':
conftest.c:104:23: error: expected expression before ')' token
 if (sizeof ((uint32_t)))
                       ^
configure:13820: $? = 1
configure: failed program was:
| /* confdefs.h */
| #define PACKAGE_NAME ""
| #define PACKAGE_TARNAME ""
| #define PACKAGE_VERSION ""
| #define PACKAGE_STRING ""
| #define PACKAGE_BUGREPORT ""
| #define PACKAGE_URL ""
| #define PACKAGE "libevent"
| #define VERSION "2.0.22-stable"
| #define NUMERIC_VERSION 0x02001600
| #define STDC_HEADERS 1
| #define HAVE_SYS_TYPES_H 1
| #define HAVE_SYS_STAT_H 1
| #define HAVE_STDLIB_H 1
| #define HAVE_STRING_H 1
| #define HAVE_MEMORY_H 1
| #define HAVE_STRINGS_H 1
| #define HAVE_INTTYPES_H 1
| #define HAVE_STDINT_H 1
| #define HAVE_UNISTD_H 1
| #define HAVE_DLFCN_H 1
| #define LT_OBJDIR ".libs/"
| #define STDC_HEADERS 1
| #define HAVE_FCNTL_H 1
| #define HAVE_STDARG_H 1
| #define HAVE_INTTYPES_H 1
| #define HAVE_STDINT_H 1
| #define HAVE_STDDEF_H 1
| #define HAVE_POLL_H 1
| #define HAVE_UNISTD_H 1
| #define HAVE_SYS_EPOLL_H 1
| #define HAVE_SYS_TIME_H 1
| #define HAVE_SYS_QUEUE_H 1
| #define HAVE_SYS_PARAM_H 1
| #define HAVE_SYS_IOCTL_H 1
| #define HAVE_SYS_SELECT_H 1
| #define HAVE_NETINET_IN_H 1
| #define HAVE_SYS_SOCKET_H 1
| #define HAVE_SYS_UIO_H 1
| #define HAVE_ARPA_INET_H 1
| #define HAVE_SYS_EVENTFD_H 1
| #define HAVE_SYS_MMAN_H 1
| #define HAVE_SYS_SENDFILE_H 1
| #define HAVE_SYS_WAIT_H 1
| #define HAVE_NETDB_H 1
| #define HAVE_SYS_STAT_H 1
| #define HAVE_SYS_SYSCTL_H 1
| #define HAVE_TAILQFOREACH 1
| #define HAVE_TIMERADD 1
| #define HAVE_TIMERCMP 1
| #define HAVE_TIMERCLEAR 1
| #define HAVE_TIMERISSET 1
| #define HAVE_DECL_CTL_KERN 1
| #define HAVE_DECL_KERN_RANDOM 1
| #define HAVE_DECL_RANDOM_UUID 1
| #define HAVE_DECL_KERN_ARND 0
| #define TIME_WITH_SYS_TIME 1
| #define HAVE_GETTIMEOFDAY 1
| #define HAVE_VASPRINTF 1
| #define HAVE_FCNTL 1
| #define HAVE_CLOCK_GETTIME 1
| #define HAVE_STRTOK_R 1
| #define HAVE_STRSEP 1
| #define HAVE_GETNAMEINFO 1
| #define HAVE_INET_NTOP 1
| #define HAVE_INET_PTON 1
| #define HAVE_SIGNAL 1
| #define HAVE_SIGACTION 1
| #define HAVE_STRTOLL 1
| #define HAVE_INET_ATON 1
| #define HAVE_PIPE 1
| #define HAVE_EVENTFD 1
| #define HAVE_SENDFILE 1
| #define HAVE_MMAP 1
| #define HAVE_SPLICE 1
| #define HAVE_GETEUID 1
| #define HAVE_GETEGID 1
| #define HAVE_GETPROTOBYNUMBER 1
| #define HAVE_SETENV 1
| #define HAVE_UNSETENV 1
| #define HAVE_PUTENV 1
| #define HAVE_UMASK 1
| #define HAVE_GETADDRINFO 1
| #define SIZEOF_LONG 8
| #define HAVE_SETFD 1
| #define HAVE_SELECT 1
| #define HAVE_POLL 1
| #define HAVE_EPOLL_CTL 1
| #define HAVE_EPOLL 1
| #define HAVE_UINT64_T 1
| /* end confdefs.h.  */
| #ifdef HAVE_STDINT_H
| #include <stdint.h>
| #elif defined(HAVE_INTTYPES_H)
| #include <inttypes.h>
| #endif
| #ifdef HAVE_SYS_TYPES_H
| #include <sys/types.h>
| #endif
| 
| int
| main ()
| {
| if (sizeof ((uint32_t)))
| 	    return 0;
|   ;
|   return 0;
| }
configure:13820: result: yes
configure:13837: checking for uint16_t
configure:13837: /exports/toolchains/common/aarch64-linux-gnu/bin/aarch64-linux-gnu-gcc -c -w -Wall -fno-strict-aliasing -w conftest.c >&5
configure:13837: $? = 0
configure:13837: /exports/toolchains/common/aarch64-linux-gnu/bin/aarch64-linux-gnu-gcc -c -w -Wall -fno-strict-aliasing -w conftest.c >&5
conftest.c: In function 'main':
conftest.c:105:23: error: expected expression before ')' token
 if (sizeof ((uint16_t)))
                       ^
configure:13837: $? = 1
configure: failed program was:
| /* confdefs.h */
| #define PACKAGE_NAME ""
| #define PACKAGE_TARNAME ""
| #define PACKAGE_VERSION ""
| #define PACKAGE_STRING ""
| #define PACKAGE_BUGREPORT ""
| #define PACKAGE_URL ""
| #define PACKAGE "libevent"
| #define VERSION "2.0.22-stable"
| #define NUMERIC_VERSION 0x02001600
| #define STDC_HEADERS 1
| #define HAVE_SYS_TYPES_H 1
| #define HAVE_SYS_STAT_H 1
| #define HAVE_STDLIB_H 1
| #define HAVE_STRING_H 1
| #define HAVE_MEMORY_H 1
| #define HAVE_STRINGS_H 1
| #define HAVE_INTTYPES_H 1
| #define HAVE_STDINT_H 1
| #define HAVE_UNISTD_H 1
| #define HAVE_DLFCN_H 1
| #define LT_OBJDIR ".libs/"
| #define STDC_HEADERS 1
| #define HAVE_FCNTL_H 1
| #define HAVE_STDARG_H 1
| #define HAVE_INTTYPES_H 1
| #define HAVE_STDINT_H 1
| #define HAVE_STDDEF_H 1
| #define HAVE_POLL_H 1
| #define HAVE_UNISTD_H 1
| #define HAVE_SYS_EPOLL_H 1
| #define HAVE_SYS_TIME_H 1
| #define HAVE_SYS_QUEUE_H 1
| #define HAVE_SYS_PARAM_H 1
| #define HAVE_SYS_IOCTL_H 1
| #define HAVE_SYS_SELECT_H 1
| #define HAVE_NETINET_IN_H 1
| #define HAVE_SYS_SOCKET_H 1
| #define HAVE_SYS_UIO_H 1
| #define HAVE_ARPA_INET_H 1
| #define HAVE_SYS_EVENTFD_H 1
| #define HAVE_SYS_MMAN_H 1
| #define HAVE_SYS_SENDFILE_H 1
| #define HAVE_SYS_WAIT_H 1
| #define HAVE_NETDB_H 1
| #define HAVE_SYS_STAT_H 1
| #define HAVE_SYS_SYSCTL_H 1
| #define HAVE_TAILQFOREACH 1
| #define HAVE_TIMERADD 1
| #define HAVE_TIMERCMP 1
| #define HAVE_TIMERCLEAR 1
| #define HAVE_TIMERISSET 1
| #define HAVE_DECL_CTL_KERN 1
| #define HAVE_DECL_KERN_RANDOM 1
| #define HAVE_DECL_RANDOM_UUID 1
| #define HAVE_DECL_KERN_ARND 0
| #define TIME_WITH_SYS_TIME 1
| #define HAVE_GETTIMEOFDAY 1
| #define HAVE_VASPRINTF 1
| #define HAVE_FCNTL 1
| #define HAVE_CLOCK_GETTIME 1
| #define HAVE_STRTOK_R 1
| #define HAVE_STRSEP 1
| #define HAVE_GETNAMEINFO 1
| #define HAVE_INET_NTOP 1
| #define HAVE_INET_PTON 1
| #define HAVE_SIGNAL 1
| #define HAVE_SIGACTION 1
| #define HAVE_STRTOLL 1
| #define HAVE_INET_ATON 1
| #define HAVE_PIPE 1
| #define HAVE_EVENTFD 1
| #define HAVE_SENDFILE 1
| #define HAVE_MMAP 1
| #define HAVE_SPLICE 1
| #define HAVE_GETEUID 1
| #define HAVE_GETEGID 1
| #define HAVE_GETPROTOBYNUMBER 1
| #define HAVE_SETENV 1
| #define HAVE_UNSETENV 1
| #define HAVE_PUTENV 1
| #define HAVE_UMASK 1
| #define HAVE_GETADDRINFO 1
| #define SIZEOF_LONG 8
| #define HAVE_SETFD 1
| #define HAVE_SELECT 1
| #define HAVE_POLL 1
| #define HAVE_EPOLL_CTL 1
| #define HAVE_EPOLL 1
| #define HAVE_UINT64_T 1
| #define HAVE_UINT32_T 1
| /* end confdefs.h.  */
| #ifdef HAVE_STDINT_H
| #include <stdint.h>
| #elif defined(HAVE_INTTYPES_H)
| #include <inttypes.h>
| #endif
| #ifdef HAVE_SYS_TYPES_H
| #include <sys/types.h>
| #endif
| 
| int
| main ()
| {
| if (sizeof ((uint16_t)))
| 	    return 0;
|   ;
|   return 0;
| }
configure:13837: result: yes
configure:13854: checking for uint8_t
configure:13854: /exports/toolchains/common/aarch64-linux-gnu/bin/aarch64-linux-gnu-gcc -c -w -Wall -fno-strict-aliasing -w conftest.c >&5
configure:13854: $? = 0
configure:13854: /exports/toolchains/common/aarch64-linux-gnu/bin/aarch64-linux-gnu-gcc -c -w -Wall -fno-strict-aliasing -w conftest.c >&5
conftest.c: In function 'main':
conftest.c:106:22: error: expected expression before ')' token
 if (sizeof ((uint8_t)))
                      ^
configure:13854: $? = 1
configure: failed program was:
| /* confdefs.h */
| #define PACKAGE_NAME ""
| #define PACKAGE_TARNAME ""
| #define PACKAGE_VERSION ""
| #define PACKAGE_STRING ""
| #define PACKAGE_BUGREPORT ""
| #define PACKAGE_URL ""
| #define PACKAGE "libevent"
| #define VERSION "2.0.22-stable"
| #define NUMERIC_VERSION 0x02001600
| #define STDC_HEADERS 1
| #define HAVE_SYS_TYPES_H 1
| #define HAVE_SYS_STAT_H 1
| #define HAVE_STDLIB_H 1
| #define HAVE_STRING_H 1
| #define HAVE_MEMORY_H 1
| #define HAVE_STRINGS_H 1
| #define HAVE_INTTYPES_H 1
| #define HAVE_STDINT_H 1
| #define HAVE_UNISTD_H 1
| #define HAVE_DLFCN_H 1
| #define LT_OBJDIR ".libs/"
| #define STDC_HEADERS 1
| #define HAVE_FCNTL_H 1
| #define HAVE_STDARG_H 1
| #define HAVE_INTTYPES_H 1
| #define HAVE_STDINT_H 1
| #define HAVE_STDDEF_H 1
| #define HAVE_POLL_H 1
| #define HAVE_UNISTD_H 1
| #define HAVE_SYS_EPOLL_H 1
| #define HAVE_SYS_TIME_H 1
| #define HAVE_SYS_QUEUE_H 1
| #define HAVE_SYS_PARAM_H 1
| #define HAVE_SYS_IOCTL_H 1
| #define HAVE_SYS_SELECT_H 1
| #define HAVE_NETINET_IN_H 1
| #define HAVE_SYS_SOCKET_H 1
| #define HAVE_SYS_UIO_H 1
| #define HAVE_ARPA_INET_H 1
| #define HAVE_SYS_EVENTFD_H 1
| #define HAVE_SYS_MMAN_H 1
| #define HAVE_SYS_SENDFILE_H 1
| #define HAVE_SYS_WAIT_H 1
| #define HAVE_NETDB_H 1
| #define HAVE_SYS_STAT_H 1
| #define HAVE_SYS_SYSCTL_H 1
| #define HAVE_TAILQFOREACH 1
| #define HAVE_TIMERADD 1
| #define HAVE_TIMERCMP 1
| #define HAVE_TIMERCLEAR 1
| #define HAVE_TIMERISSET 1
| #define HAVE_DECL_CTL_KERN 1
| #define HAVE_DECL_KERN_RANDOM 1
| #define HAVE_DECL_RANDOM_UUID 1
| #define HAVE_DECL_KERN_ARND 0
| #define TIME_WITH_SYS_TIME 1
| #define HAVE_GETTIMEOFDAY 1
| #define HAVE_VASPRINTF 1
| #define HAVE_FCNTL 1
| #define HAVE_CLOCK_GETTIME 1
| #define HAVE_STRTOK_R 1
| #define HAVE_STRSEP 1
| #define HAVE_GETNAMEINFO 1
| #define HAVE_INET_NTOP 1
| #define HAVE_INET_PTON 1
| #define HAVE_SIGNAL 1
| #define HAVE_SIGACTION 1
| #define HAVE_STRTOLL 1
| #define HAVE_INET_ATON 1
| #define HAVE_PIPE 1
| #define HAVE_EVENTFD 1
| #define HAVE_SENDFILE 1
| #define HAVE_MMAP 1
| #define HAVE_SPLICE 1
| #define HAVE_GETEUID 1
| #define HAVE_GETEGID 1
| #define HAVE_GETPROTOBYNUMBER 1
| #define HAVE_SETENV 1
| #define HAVE_UNSETENV 1
| #define HAVE_PUTENV 1
| #define HAVE_UMASK 1
| #define HAVE_GETADDRINFO 1
| #define SIZEOF_LONG 8
| #define HAVE_SETFD 1
| #define HAVE_SELECT 1
| #define HAVE_POLL 1
| #define HAVE_EPOLL_CTL 1
| #define HAVE_EPOLL 1
| #define HAVE_UINT64_T 1
| #define HAVE_UINT32_T 1
| #define HAVE_UINT16_T 1
| /* end confdefs.h.  */
| #ifdef HAVE_STDINT_H
| #include <stdint.h>
| #elif defined(HAVE_INTTYPES_H)
| #include <inttypes.h>
| #endif
| #ifdef HAVE_SYS_TYPES_H
| #include <sys/types.h>
| #endif
| 
| int
| main ()
| {
| if (sizeof ((uint8_t)))
| 	    return 0;
|   ;
|   return 0;
| }
configure:13854: result: yes
configure:13871: checking for uintptr_t
configure:13871: /exports/toolchains/common/aarch64-linux-gnu/bin/aarch64-linux-gnu-gcc -c -w -Wall -fno-strict-aliasing -w conftest.c >&5
configure:13871: $? = 0
configure:13871: /exports/toolchains/common/aarch64-linux-gnu/bin/aarch64-linux-gnu-gcc -c -w -Wall -fno-strict-aliasing -w conftest.c >&5
conftest.c: In function 'main':
conftest.c:107:24: error: expected expression before ')' token
 if (sizeof ((uintptr_t)))
                        ^
configure:13871: $? = 1
configure: failed program was:
| /* confdefs.h */
| #define PACKAGE_NAME ""
| #define PACKAGE_TARNAME ""
| #define PACKAGE_VERSION ""
| #define PACKAGE_STRING ""
| #define PACKAGE_BUGREPORT ""
| #define PACKAGE_URL ""
| #define PACKAGE "libevent"
| #define VERSION "2.0.22-stable"
| #define NUMERIC_VERSION 0x02001600
| #define STDC_HEADERS 1
| #define HAVE_SYS_TYPES_H 1
| #define HAVE_SYS_STAT_H 1
| #define HAVE_STDLIB_H 1
| #define HAVE_STRING_H 1
| #define HAVE_MEMORY_H 1
| #define HAVE_STRINGS_H 1
| #define HAVE_INTTYPES_H 1
| #define HAVE_STDINT_H 1
| #define HAVE_UNISTD_H 1
| #define HAVE_DLFCN_H 1
| #define LT_OBJDIR ".libs/"
| #define STDC_HEADERS 1
| #define HAVE_FCNTL_H 1
| #define HAVE_STDARG_H 1
| #define HAVE_INTTYPES_H 1
| #define HAVE_STDINT_H 1
| #define HAVE_STDDEF_H 1
| #define HAVE_POLL_H 1
| #define HAVE_UNISTD_H 1
| #define HAVE_SYS_EPOLL_H 1
| #define HAVE_SYS_TIME_H 1
| #define HAVE_SYS_QUEUE_H 1
| #define HAVE_SYS_PARAM_H 1
| #define HAVE_SYS_IOCTL_H 1
| #define HAVE_SYS_SELECT_H 1
| #define HAVE_NETINET_IN_H 1
| #define HAVE_SYS_SOCKET_H 1
| #define HAVE_SYS_UIO_H 1
| #define HAVE_ARPA_INET_H 1
| #define HAVE_SYS_EVENTFD_H 1
| #define HAVE_SYS_MMAN_H 1
| #define HAVE_SYS_SENDFILE_H 1
| #define HAVE_SYS_WAIT_H 1
| #define HAVE_NETDB_H 1
| #define HAVE_SYS_STAT_H 1
| #define HAVE_SYS_SYSCTL_H 1
| #define HAVE_TAILQFOREACH 1
| #define HAVE_TIMERADD 1
| #define HAVE_TIMERCMP 1
| #define HAVE_TIMERCLEAR 1
| #define HAVE_TIMERISSET 1
| #define HAVE_DECL_CTL_KERN 1
| #define HAVE_DECL_KERN_RANDOM 1
| #define HAVE_DECL_RANDOM_UUID 1
| #define HAVE_DECL_KERN_ARND 0
| #define TIME_WITH_SYS_TIME 1
| #define HAVE_GETTIMEOFDAY 1
| #define HAVE_VASPRINTF 1
| #define HAVE_FCNTL 1
| #define HAVE_CLOCK_GETTIME 1
| #define HAVE_STRTOK_R 1
| #define HAVE_STRSEP 1
| #define HAVE_GETNAMEINFO 1
| #define HAVE_INET_NTOP 1
| #define HAVE_INET_PTON 1
| #define HAVE_SIGNAL 1
| #define HAVE_SIGACTION 1
| #define HAVE_STRTOLL 1
| #define HAVE_INET_ATON 1
| #define HAVE_PIPE 1
| #define HAVE_EVENTFD 1
| #define HAVE_SENDFILE 1
| #define HAVE_MMAP 1
| #define HAVE_SPLICE 1
| #define HAVE_GETEUID 1
| #define HAVE_GETEGID 1
| #define HAVE_GETPROTOBYNUMBER 1
| #define HAVE_SETENV 1
| #define HAVE_UNSETENV 1
| #define HAVE_PUTENV 1
| #define HAVE_UMASK 1
| #define HAVE_GETADDRINFO 1
| #define SIZEOF_LONG 8
| #define HAVE_SETFD 1
| #define HAVE_SELECT 1
| #define HAVE_POLL 1
| #define HAVE_EPOLL_CTL 1
| #define HAVE_EPOLL 1
| #define HAVE_UINT64_T 1
| #define HAVE_UINT32_T 1
| #define HAVE_UINT16_T 1
| #define HAVE_UINT8_T 1
| /* end confdefs.h.  */
| #ifdef HAVE_STDINT_H
| #include <stdint.h>
| #elif defined(HAVE_INTTYPES_H)
| #include <inttypes.h>
| #endif
| #ifdef HAVE_SYS_TYPES_H
| #include <sys/types.h>
| #endif
| 
| int
| main ()
| {
| if (sizeof ((uintptr_t)))
| 	    return 0;
|   ;
|   return 0;
| }
configure:13871: result: yes
configure:13890: checking for fd_mask
configure:13890: /exports/toolchains/common/aarch64-linux-gnu/bin/aarch64-linux-gnu-gcc -c -w -Wall -fno-strict-aliasing -w conftest.c >&5
configure:13890: $? = 0
configure:13890: /exports/toolchains/common/aarch64-linux-gnu/bin/aarch64-linux-gnu-gcc -c -w -Wall -fno-strict-aliasing -w conftest.c >&5
conftest.c: In function 'main':
conftest.c:106:22: error: expected expression before ')' token
 if (sizeof ((fd_mask)))
                      ^
configure:13890: $? = 1
configure: failed program was:
| /* confdefs.h */
| #define PACKAGE_NAME ""
| #define PACKAGE_TARNAME ""
| #define PACKAGE_VERSION ""
| #define PACKAGE_STRING ""
| #define PACKAGE_BUGREPORT ""
| #define PACKAGE_URL ""
| #define PACKAGE "libevent"
| #define VERSION "2.0.22-stable"
| #define NUMERIC_VERSION 0x02001600
| #define STDC_HEADERS 1
| #define HAVE_SYS_TYPES_H 1
| #define HAVE_SYS_STAT_H 1
| #define HAVE_STDLIB_H 1
| #define HAVE_STRING_H 1
| #define HAVE_MEMORY_H 1
| #define HAVE_STRINGS_H 1
| #define HAVE_INTTYPES_H 1
| #define HAVE_STDINT_H 1
| #define HAVE_UNISTD_H 1
| #define HAVE_DLFCN_H 1
| #define LT_OBJDIR ".libs/"
| #define STDC_HEADERS 1
| #define HAVE_FCNTL_H 1
| #define HAVE_STDARG_H 1
| #define HAVE_INTTYPES_H 1
| #define HAVE_STDINT_H 1
| #define HAVE_STDDEF_H 1
| #define HAVE_POLL_H 1
| #define HAVE_UNISTD_H 1
| #define HAVE_SYS_EPOLL_H 1
| #define HAVE_SYS_TIME_H 1
| #define HAVE_SYS_QUEUE_H 1
| #define HAVE_SYS_PARAM_H 1
| #define HAVE_SYS_IOCTL_H 1
| #define HAVE_SYS_SELECT_H 1
| #define HAVE_NETINET_IN_H 1
| #define HAVE_SYS_SOCKET_H 1
| #define HAVE_SYS_UIO_H 1
| #define HAVE_ARPA_INET_H 1
| #define HAVE_SYS_EVENTFD_H 1
| #define HAVE_SYS_MMAN_H 1
| #define HAVE_SYS_SENDFILE_H 1
| #define HAVE_SYS_WAIT_H 1
| #define HAVE_NETDB_H 1
| #define HAVE_SYS_STAT_H 1
| #define HAVE_SYS_SYSCTL_H 1
| #define HAVE_TAILQFOREACH 1
| #define HAVE_TIMERADD 1
| #define HAVE_TIMERCMP 1
| #define HAVE_TIMERCLEAR 1
| #define HAVE_TIMERISSET 1
| #define HAVE_DECL_CTL_KERN 1
| #define HAVE_DECL_KERN_RANDOM 1
| #define HAVE_DECL_RANDOM_UUID 1
| #define HAVE_DECL_KERN_ARND 0
| #define TIME_WITH_SYS_TIME 1
| #define HAVE_GETTIMEOFDAY 1
| #define HAVE_VASPRINTF 1
| #define HAVE_FCNTL 1
| #define HAVE_CLOCK_GETTIME 1
| #define HAVE_STRTOK_R 1
| #define HAVE_STRSEP 1
| #define HAVE_GETNAMEINFO 1
| #define HAVE_INET_NTOP 1
| #define HAVE_INET_PTON 1
| #define HAVE_SIGNAL 1
| #define HAVE_SIGACTION 1
| #define HAVE_STRTOLL 1
| #define HAVE_INET_ATON 1
| #define HAVE_PIPE 1
| #define HAVE_EVENTFD 1
| #define HAVE_SENDFILE 1
| #define HAVE_MMAP 1
| #define HAVE_SPLICE 1
| #define HAVE_GETEUID 1
| #define HAVE_GETEGID 1
| #define HAVE_GETPROTOBYNUMBER 1
| #define HAVE_SETENV 1
| #define HAVE_UNSETENV 1
| #define HAVE_PUTENV 1
| #define HAVE_UMASK 1
| #define HAVE_GETADDRINFO 1
| #define SIZEOF_LONG 8
| #define HAVE_SETFD 1
| #define HAVE_SELECT 1
| #define HAVE_POLL 1
| #define HAVE_EPOLL_CTL 1
| #define HAVE_EPOLL 1
| #define HAVE_UINT64_T 1
| #define HAVE_UINT32_T 1
| #define HAVE_UINT16_T 1
| #define HAVE_UINT8_T 1
| #define HAVE_UINTPTR_T 1
| /* end confdefs.h.  */
| #ifdef HAVE_SYS_TYPES_H
| #include <sys/types.h>
| #endif
| #ifdef HAVE_SYS_SELECT_H
| #include <sys/select.h>
| #endif
| 
| int
| main ()
| {
| if (sizeof ((fd_mask)))
| 	    return 0;
|   ;
|   return 0;
| }
configure:13890: result: yes
configure:13911: checking size of long long
configure:13916: /exports/toolchains/common/aarch64-linux-gnu/bin/aarch64-linux-gnu-gcc -c -w -Wall -fno-strict-aliasing -w conftest.c >&5
configure:13916: $? = 0
configure:13916: /exports/toolchains/common/aarch64-linux-gnu/bin/aarch64-linux-gnu-gcc -c -w -Wall -fno-strict-aliasing -w conftest.c >&5
conftest.c: In function 'main':
conftest.c:133:12: error: size of array 'test_array' is negative
 static int test_array [1 - 2 * !(((long int) (sizeof (long long))) <= 0)];
            ^
configure:13916: $? = 1
configure: failed program was:
| /* confdefs.h */
| #define PACKAGE_NAME ""
| #define PACKAGE_TARNAME ""
| #define PACKAGE_VERSION ""
| #define PACKAGE_STRING ""
| #define PACKAGE_BUGREPORT ""
| #define PACKAGE_URL ""
| #define PACKAGE "libevent"
| #define VERSION "2.0.22-stable"
| #define NUMERIC_VERSION 0x02001600
| #define STDC_HEADERS 1
| #define HAVE_SYS_TYPES_H 1
| #define HAVE_SYS_STAT_H 1
| #define HAVE_STDLIB_H 1
| #define HAVE_STRING_H 1
| #define HAVE_MEMORY_H 1
| #define HAVE_STRINGS_H 1
| #define HAVE_INTTYPES_H 1
| #define HAVE_STDINT_H 1
| #define HAVE_UNISTD_H 1
| #define HAVE_DLFCN_H 1
| #define LT_OBJDIR ".libs/"
| #define STDC_HEADERS 1
| #define HAVE_FCNTL_H 1
| #define HAVE_STDARG_H 1
| #define HAVE_INTTYPES_H 1
| #define HAVE_STDINT_H 1
| #define HAVE_STDDEF_H 1
| #define HAVE_POLL_H 1
| #define HAVE_UNISTD_H 1
| #define HAVE_SYS_EPOLL_H 1
| #define HAVE_SYS_TIME_H 1
| #define HAVE_SYS_QUEUE_H 1
| #define HAVE_SYS_PARAM_H 1
| #define HAVE_SYS_IOCTL_H 1
| #define HAVE_SYS_SELECT_H 1
| #define HAVE_NETINET_IN_H 1
| #define HAVE_SYS_SOCKET_H 1
| #define HAVE_SYS_UIO_H 1
| #define HAVE_ARPA_INET_H 1
| #define HAVE_SYS_EVENTFD_H 1
| #define HAVE_SYS_MMAN_H 1
| #define HAVE_SYS_SENDFILE_H 1
| #define HAVE_SYS_WAIT_H 1
| #define HAVE_NETDB_H 1
| #define HAVE_SYS_STAT_H 1
| #define HAVE_SYS_SYSCTL_H 1
| #define HAVE_TAILQFOREACH 1
| #define HAVE_TIMERADD 1
| #define HAVE_TIMERCMP 1
| #define HAVE_TIMERCLEAR 1
| #define HAVE_TIMERISSET 1
| #define HAVE_DECL_CTL_KERN 1
| #define HAVE_DECL_KERN_RANDOM 1
| #define HAVE_DECL_RANDOM_UUID 1
| #define HAVE_DECL_KERN_ARND 0
| #define TIME_WITH_SYS_TIME 1
| #define HAVE_GETTIMEOFDAY 1
| #define HAVE_VASPRINTF 1
| #define HAVE_FCNTL 1
| #define HAVE_CLOCK_GETTIME 1
| #define HAVE_STRTOK_R 1
| #define HAVE_STRSEP 1
| #define HAVE_GETNAMEINFO 1
| #define HAVE_INET_NTOP 1
| #define HAVE_INET_PTON 1
| #define HAVE_SIGNAL 1
| #define HAVE_SIGACTION 1
| #define HAVE_STRTOLL 1
| #define HAVE_INET_ATON 1
| #define HAVE_PIPE 1
| #define HAVE_EVENTFD 1
| #define HAVE_SENDFILE 1
| #define HAVE_MMAP 1
| #define HAVE_SPLICE 1
| #define HAVE_GETEUID 1
| #define HAVE_GETEGID 1
| #define HAVE_GETPROTOBYNUMBER 1
| #define HAVE_SETENV 1
| #define HAVE_UNSETENV 1
| #define HAVE_PUTENV 1
| #define HAVE_UMASK 1
| #define HAVE_GETADDRINFO 1
| #define SIZEOF_LONG 8
| #define HAVE_SETFD 1
| #define HAVE_SELECT 1
| #define HAVE_POLL 1
| #define HAVE_EPOLL_CTL 1
| #define HAVE_EPOLL 1
| #define HAVE_UINT64_T 1
| #define HAVE_UINT32_T 1
| #define HAVE_UINT16_T 1
| #define HAVE_UINT8_T 1
| #define HAVE_UINTPTR_T 1
| #define HAVE_FD_MASK 1
| /* end confdefs.h.  */
| #include <stdio.h>
| #ifdef HAVE_SYS_TYPES_H
| # include <sys/types.h>
| #endif
| #ifdef HAVE_SYS_STAT_H
| # include <sys/stat.h>
| #endif
| #ifdef STDC_HEADERS
| # include <stdlib.h>
| # include <stddef.h>
| #else
| # ifdef HAVE_STDLIB_H
| #  include <stdlib.h>
| # endif
| #endif
| #ifdef HAVE_STRING_H
| # if !defined STDC_HEADERS && defined HAVE_MEMORY_H
| #  include <memory.h>
| # endif
| # include <string.h>
| #endif
| #ifdef HAVE_STRINGS_H
| # include <strings.h>
| #endif
| #ifdef HAVE_INTTYPES_H
| # include <inttypes.h>
| #endif
| #ifdef HAVE_STDINT_H
| # include <stdint.h>
| #endif
| #ifdef HAVE_UNISTD_H
| # include <unistd.h>
| #endif
| int
| main ()
| {
| static int test_array [1 - 2 * !(((long int) (sizeof (long long))) <= 0)];
| test_array [0] = 0;
| return test_array [0];
| 
|   ;
|   return 0;
| }
configure:13916: /exports/toolchains/common/aarch64-linux-gnu/bin/aarch64-linux-gnu-gcc -c -w -Wall -fno-strict-aliasing -w conftest.c >&5
conftest.c: In function 'main':
conftest.c:133:12: error: size of array 'test_array' is negative
 static int test_array [1 - 2 * !(((long int) (sizeof (long long))) <= 1)];
            ^
configure:13916: $? = 1
configure: failed program was:
| /* confdefs.h */
| #define PACKAGE_NAME ""
| #define PACKAGE_TARNAME ""
| #define PACKAGE_VERSION ""
| #define PACKAGE_STRING ""
| #define PACKAGE_BUGREPORT ""
| #define PACKAGE_URL ""
| #define PACKAGE "libevent"
| #define VERSION "2.0.22-stable"
| #define NUMERIC_VERSION 0x02001600
| #define STDC_HEADERS 1
| #define HAVE_SYS_TYPES_H 1
| #define HAVE_SYS_STAT_H 1
| #define HAVE_STDLIB_H 1
| #define HAVE_STRING_H 1
| #define HAVE_MEMORY_H 1
| #define HAVE_STRINGS_H 1
| #define HAVE_INTTYPES_H 1
| #define HAVE_STDINT_H 1
| #define HAVE_UNISTD_H 1
| #define HAVE_DLFCN_H 1
| #define LT_OBJDIR ".libs/"
| #define STDC_HEADERS 1
| #define HAVE_FCNTL_H 1
| #define HAVE_STDARG_H 1
| #define HAVE_INTTYPES_H 1
| #define HAVE_STDINT_H 1
| #define HAVE_STDDEF_H 1
| #define HAVE_POLL_H 1
| #define HAVE_UNISTD_H 1
| #define HAVE_SYS_EPOLL_H 1
| #define HAVE_SYS_TIME_H 1
| #define HAVE_SYS_QUEUE_H 1
| #define HAVE_SYS_PARAM_H 1
| #define HAVE_SYS_IOCTL_H 1
| #define HAVE_SYS_SELECT_H 1
| #define HAVE_NETINET_IN_H 1
| #define HAVE_SYS_SOCKET_H 1
| #define HAVE_SYS_UIO_H 1
| #define HAVE_ARPA_INET_H 1
| #define HAVE_SYS_EVENTFD_H 1
| #define HAVE_SYS_MMAN_H 1
| #define HAVE_SYS_SENDFILE_H 1
| #define HAVE_SYS_WAIT_H 1
| #define HAVE_NETDB_H 1
| #define HAVE_SYS_STAT_H 1
| #define HAVE_SYS_SYSCTL_H 1
| #define HAVE_TAILQFOREACH 1
| #define HAVE_TIMERADD 1
| #define HAVE_TIMERCMP 1
| #define HAVE_TIMERCLEAR 1
| #define HAVE_TIMERISSET 1
| #define HAVE_DECL_CTL_KERN 1
| #define HAVE_DECL_KERN_RANDOM 1
| #define HAVE_DECL_RANDOM_UUID 1
| #define HAVE_DECL_KERN_ARND 0
| #define TIME_WITH_SYS_TIME 1
| #define HAVE_GETTIMEOFDAY 1
| #define HAVE_VASPRINTF 1
| #define HAVE_FCNTL 1
| #define HAVE_CLOCK_GETTIME 1
| #define HAVE_STRTOK_R 1
| #define HAVE_STRSEP 1
| #define HAVE_GETNAMEINFO 1
| #define HAVE_INET_NTOP 1
| #define HAVE_INET_PTON 1
| #define HAVE_SIGNAL 1
| #define HAVE_SIGACTION 1
| #define HAVE_STRTOLL 1
| #define HAVE_INET_ATON 1
| #define HAVE_PIPE 1
| #define HAVE_EVENTFD 1
| #define HAVE_SENDFILE 1
| #define HAVE_MMAP 1
| #define HAVE_SPLICE 1
| #define HAVE_GETEUID 1
| #define HAVE_GETEGID 1
| #define HAVE_GETPROTOBYNUMBER 1
| #define HAVE_SETENV 1
| #define HAVE_UNSETENV 1
| #define HAVE_PUTENV 1
| #define HAVE_UMASK 1
| #define HAVE_GETADDRINFO 1
| #define SIZEOF_LONG 8
| #define HAVE_SETFD 1
| #define HAVE_SELECT 1
| #define HAVE_POLL 1
| #define HAVE_EPOLL_CTL 1
| #define HAVE_EPOLL 1
| #define HAVE_UINT64_T 1
| #define HAVE_UINT32_T 1
| #define HAVE_UINT16_T 1
| #define HAVE_UINT8_T 1
| #define HAVE_UINTPTR_T 1
| #define HAVE_FD_MASK 1
| /* end confdefs.h.  */
| #include <stdio.h>
| #ifdef HAVE_SYS_TYPES_H
| # include <sys/types.h>
| #endif
| #ifdef HAVE_SYS_STAT_H
| # include <sys/stat.h>
| #endif
| #ifdef STDC_HEADERS
| # include <stdlib.h>
| # include <stddef.h>
| #else
| # ifdef HAVE_STDLIB_H
| #  include <stdlib.h>
| # endif
| #endif
| #ifdef HAVE_STRING_H
| # if !defined STDC_HEADERS && defined HAVE_MEMORY_H
| #  include <memory.h>
| # endif
| # include <string.h>
| #endif
| #ifdef HAVE_STRINGS_H
| # include <strings.h>
| #endif
| #ifdef HAVE_INTTYPES_H
| # include <inttypes.h>
| #endif
| #ifdef HAVE_STDINT_H
| # include <stdint.h>
| #endif
| #ifdef HAVE_UNISTD_H
| # include <unistd.h>
| #endif
| int
| main ()
| {
| static int test_array [1 - 2 * !(((long int) (sizeof (long long))) <= 1)];
| test_array [0] = 0;
| return test_array [0];
| 
|   ;
|   return 0;
| }
configure:13916: /exports/toolchains/common/aarch64-linux-gnu/bin/aarch64-linux-gnu-gcc -c -w -Wall -fno-strict-aliasing -w conftest.c >&5
conftest.c: In function 'main':
conftest.c:133:12: error: size of array 'test_array' is negative
 static int test_array [1 - 2 * !(((long int) (sizeof (long long))) <= 3)];
            ^
configure:13916: $? = 1
configure: failed program was:
| /* confdefs.h */
| #define PACKAGE_NAME ""
| #define PACKAGE_TARNAME ""
| #define PACKAGE_VERSION ""
| #define PACKAGE_STRING ""
| #define PACKAGE_BUGREPORT ""
| #define PACKAGE_URL ""
| #define PACKAGE "libevent"
| #define VERSION "2.0.22-stable"
| #define NUMERIC_VERSION 0x02001600
| #define STDC_HEADERS 1
| #define HAVE_SYS_TYPES_H 1
| #define HAVE_SYS_STAT_H 1
| #define HAVE_STDLIB_H 1
| #define HAVE_STRING_H 1
| #define HAVE_MEMORY_H 1
| #define HAVE_STRINGS_H 1
| #define HAVE_INTTYPES_H 1
| #define HAVE_STDINT_H 1
| #define HAVE_UNISTD_H 1
| #define HAVE_DLFCN_H 1
| #define LT_OBJDIR ".libs/"
| #define STDC_HEADERS 1
| #define HAVE_FCNTL_H 1
| #define HAVE_STDARG_H 1
| #define HAVE_INTTYPES_H 1
| #define HAVE_STDINT_H 1
| #define HAVE_STDDEF_H 1
| #define HAVE_POLL_H 1
| #define HAVE_UNISTD_H 1
| #define HAVE_SYS_EPOLL_H 1
| #define HAVE_SYS_TIME_H 1
| #define HAVE_SYS_QUEUE_H 1
| #define HAVE_SYS_PARAM_H 1
| #define HAVE_SYS_IOCTL_H 1
| #define HAVE_SYS_SELECT_H 1
| #define HAVE_NETINET_IN_H 1
| #define HAVE_SYS_SOCKET_H 1
| #define HAVE_SYS_UIO_H 1
| #define HAVE_ARPA_INET_H 1
| #define HAVE_SYS_EVENTFD_H 1
| #define HAVE_SYS_MMAN_H 1
| #define HAVE_SYS_SENDFILE_H 1
| #define HAVE_SYS_WAIT_H 1
| #define HAVE_NETDB_H 1
| #define HAVE_SYS_STAT_H 1
| #define HAVE_SYS_SYSCTL_H 1
| #define HAVE_TAILQFOREACH 1
| #define HAVE_TIMERADD 1
| #define HAVE_TIMERCMP 1
| #define HAVE_TIMERCLEAR 1
| #define HAVE_TIMERISSET 1
| #define HAVE_DECL_CTL_KERN 1
| #define HAVE_DECL_KERN_RANDOM 1
| #define HAVE_DECL_RANDOM_UUID 1
| #define HAVE_DECL_KERN_ARND 0
| #define TIME_WITH_SYS_TIME 1
| #define HAVE_GETTIMEOFDAY 1
| #define HAVE_VASPRINTF 1
| #define HAVE_FCNTL 1
| #define HAVE_CLOCK_GETTIME 1
| #define HAVE_STRTOK_R 1
| #define HAVE_STRSEP 1
| #define HAVE_GETNAMEINFO 1
| #define HAVE_INET_NTOP 1
| #define HAVE_INET_PTON 1
| #define HAVE_SIGNAL 1
| #define HAVE_SIGACTION 1
| #define HAVE_STRTOLL 1
| #define HAVE_INET_ATON 1
| #define HAVE_PIPE 1
| #define HAVE_EVENTFD 1
| #define HAVE_SENDFILE 1
| #define HAVE_MMAP 1
| #define HAVE_SPLICE 1
| #define HAVE_GETEUID 1
| #define HAVE_GETEGID 1
| #define HAVE_GETPROTOBYNUMBER 1
| #define HAVE_SETENV 1
| #define HAVE_UNSETENV 1
| #define HAVE_PUTENV 1
| #define HAVE_UMASK 1
| #define HAVE_GETADDRINFO 1
| #define SIZEOF_LONG 8
| #define HAVE_SETFD 1
| #define HAVE_SELECT 1
| #define HAVE_POLL 1
| #define HAVE_EPOLL_CTL 1
| #define HAVE_EPOLL 1
| #define HAVE_UINT64_T 1
| #define HAVE_UINT32_T 1
| #define HAVE_UINT16_T 1
| #define HAVE_UINT8_T 1
| #define HAVE_UINTPTR_T 1
| #define HAVE_FD_MASK 1
| /* end confdefs.h.  */
| #include <stdio.h>
| #ifdef HAVE_SYS_TYPES_H
| # include <sys/types.h>
| #endif
| #ifdef HAVE_SYS_STAT_H
| # include <sys/stat.h>
| #endif
| #ifdef STDC_HEADERS
| # include <stdlib.h>
| # include <stddef.h>
| #else
| # ifdef HAVE_STDLIB_H
| #  include <stdlib.h>
| # endif
| #endif
| #ifdef HAVE_STRING_H
| # if !defined STDC_HEADERS && defined HAVE_MEMORY_H
| #  include <memory.h>
| # endif
| # include <string.h>
| #endif
| #ifdef HAVE_STRINGS_H
| # include <strings.h>
| #endif
| #ifdef HAVE_INTTYPES_H
| # include <inttypes.h>
| #endif
| #ifdef HAVE_STDINT_H
| # include <stdint.h>
| #endif
| #ifdef HAVE_UNISTD_H
| # include <unistd.h>
| #endif
| int
| main ()
| {
| static int test_array [1 - 2 * !(((long int) (sizeof (long long))) <= 3)];
| test_array [0] = 0;
| return test_array [0];
| 
|   ;
|   return 0;
| }
configure:13916: /exports/toolchains/common/aarch64-linux-gnu/bin/aarch64-linux-gnu-gcc -c -w -Wall -fno-strict-aliasing -w conftest.c >&5
conftest.c: In function 'main':
conftest.c:133:12: error: size of array 'test_array' is negative
 static int test_array [1 - 2 * !(((long int) (sizeof (long long))) <= 7)];
            ^
configure:13916: $? = 1
configure: failed program was:
| /* confdefs.h */
| #define PACKAGE_NAME ""
| #define PACKAGE_TARNAME ""
| #define PACKAGE_VERSION ""
| #define PACKAGE_STRING ""
| #define PACKAGE_BUGREPORT ""
| #define PACKAGE_URL ""
| #define PACKAGE "libevent"
| #define VERSION "2.0.22-stable"
| #define NUMERIC_VERSION 0x02001600
| #define STDC_HEADERS 1
| #define HAVE_SYS_TYPES_H 1
| #define HAVE_SYS_STAT_H 1
| #define HAVE_STDLIB_H 1
| #define HAVE_STRING_H 1
| #define HAVE_MEMORY_H 1
| #define HAVE_STRINGS_H 1
| #define HAVE_INTTYPES_H 1
| #define HAVE_STDINT_H 1
| #define HAVE_UNISTD_H 1
| #define HAVE_DLFCN_H 1
| #define LT_OBJDIR ".libs/"
| #define STDC_HEADERS 1
| #define HAVE_FCNTL_H 1
| #define HAVE_STDARG_H 1
| #define HAVE_INTTYPES_H 1
| #define HAVE_STDINT_H 1
| #define HAVE_STDDEF_H 1
| #define HAVE_POLL_H 1
| #define HAVE_UNISTD_H 1
| #define HAVE_SYS_EPOLL_H 1
| #define HAVE_SYS_TIME_H 1
| #define HAVE_SYS_QUEUE_H 1
| #define HAVE_SYS_PARAM_H 1
| #define HAVE_SYS_IOCTL_H 1
| #define HAVE_SYS_SELECT_H 1
| #define HAVE_NETINET_IN_H 1
| #define HAVE_SYS_SOCKET_H 1
| #define HAVE_SYS_UIO_H 1
| #define HAVE_ARPA_INET_H 1
| #define HAVE_SYS_EVENTFD_H 1
| #define HAVE_SYS_MMAN_H 1
| #define HAVE_SYS_SENDFILE_H 1
| #define HAVE_SYS_WAIT_H 1
| #define HAVE_NETDB_H 1
| #define HAVE_SYS_STAT_H 1
| #define HAVE_SYS_SYSCTL_H 1
| #define HAVE_TAILQFOREACH 1
| #define HAVE_TIMERADD 1
| #define HAVE_TIMERCMP 1
| #define HAVE_TIMERCLEAR 1
| #define HAVE_TIMERISSET 1
| #define HAVE_DECL_CTL_KERN 1
| #define HAVE_DECL_KERN_RANDOM 1
| #define HAVE_DECL_RANDOM_UUID 1
| #define HAVE_DECL_KERN_ARND 0
| #define TIME_WITH_SYS_TIME 1
| #define HAVE_GETTIMEOFDAY 1
| #define HAVE_VASPRINTF 1
| #define HAVE_FCNTL 1
| #define HAVE_CLOCK_GETTIME 1
| #define HAVE_STRTOK_R 1
| #define HAVE_STRSEP 1
| #define HAVE_GETNAMEINFO 1
| #define HAVE_INET_NTOP 1
| #define HAVE_INET_PTON 1
| #define HAVE_SIGNAL 1
| #define HAVE_SIGACTION 1
| #define HAVE_STRTOLL 1
| #define HAVE_INET_ATON 1
| #define HAVE_PIPE 1
| #define HAVE_EVENTFD 1
| #define HAVE_SENDFILE 1
| #define HAVE_MMAP 1
| #define HAVE_SPLICE 1
| #define HAVE_GETEUID 1
| #define HAVE_GETEGID 1
| #define HAVE_GETPROTOBYNUMBER 1
| #define HAVE_SETENV 1
| #define HAVE_UNSETENV 1
| #define HAVE_PUTENV 1
| #define HAVE_UMASK 1
| #define HAVE_GETADDRINFO 1
| #define SIZEOF_LONG 8
| #define HAVE_SETFD 1
| #define HAVE_SELECT 1
| #define HAVE_POLL 1
| #define HAVE_EPOLL_CTL 1
| #define HAVE_EPOLL 1
| #define HAVE_UINT64_T 1
| #define HAVE_UINT32_T 1
| #define HAVE_UINT16_T 1
| #define HAVE_UINT8_T 1
| #define HAVE_UINTPTR_T 1
| #define HAVE_FD_MASK 1
| /* end confdefs.h.  */
| #include <stdio.h>
| #ifdef HAVE_SYS_TYPES_H
| # include <sys/types.h>
| #endif
| #ifdef HAVE_SYS_STAT_H
| # include <sys/stat.h>
| #endif
| #ifdef STDC_HEADERS
| # include <stdlib.h>
| # include <stddef.h>
| #else
| # ifdef HAVE_STDLIB_H
| #  include <stdlib.h>
| # endif
| #endif
| #ifdef HAVE_STRING_H
| # if !defined STDC_HEADERS && defined HAVE_MEMORY_H
| #  include <memory.h>
| # endif
| # include <string.h>
| #endif
| #ifdef HAVE_STRINGS_H
| # include <strings.h>
| #endif
| #ifdef HAVE_INTTYPES_H
| # include <inttypes.h>
| #endif
| #ifdef HAVE_STDINT_H
| # include <stdint.h>
| #endif
| #ifdef HAVE_UNISTD_H
| # include <unistd.h>
| #endif
| int
| main ()
| {
| static int test_array [1 - 2 * !(((long int) (sizeof (long long))) <= 7)];
| test_array [0] = 0;
| return test_array [0];
| 
|   ;
|   return 0;
| }
configure:13916: /exports/toolchains/common/aarch64-linux-gnu/bin/aarch64-linux-gnu-gcc -c -w -Wall -fno-strict-aliasing -w conftest.c >&5
configure:13916: $? = 0
configure:13916: /exports/toolchains/common/aarch64-linux-gnu/bin/aarch64-linux-gnu-gcc -c -w -Wall -fno-strict-aliasing -w conftest.c >&5
configure:13916: $? = 0
configure:13916: /exports/toolchains/common/aarch64-linux-gnu/bin/aarch64-linux-gnu-gcc -c -w -Wall -fno-strict-aliasing -w conftest.c >&5
configure:13916: $? = 0
configure:13916: /exports/toolchains/common/aarch64-linux-gnu/bin/aarch64-linux-gnu-gcc -c -w -Wall -fno-strict-aliasing -w conftest.c >&5
configure:13916: $? = 0
configure:13930: result: 8
configure:13944: checking size of long
configure:13963: result: 8
configure:13977: checking size of int
configure:13982: /exports/toolchains/common/aarch64-linux-gnu/bin/aarch64-linux-gnu-gcc -c -w -Wall -fno-strict-aliasing -w conftest.c >&5
configure:13982: $? = 0
configure:13982: /exports/toolchains/common/aarch64-linux-gnu/bin/aarch64-linux-gnu-gcc -c -w -Wall -fno-strict-aliasing -w conftest.c >&5
conftest.c: In function 'main':
conftest.c:135:12: error: size of array 'test_array' is negative
 static int test_array [1 - 2 * !(((long int) (sizeof (int))) <= 0)];
            ^
configure:13982: $? = 1
configure: failed program was:
| /* confdefs.h */
| #define PACKAGE_NAME ""
| #define PACKAGE_TARNAME ""
| #define PACKAGE_VERSION ""
| #define PACKAGE_STRING ""
| #define PACKAGE_BUGREPORT ""
| #define PACKAGE_URL ""
| #define PACKAGE "libevent"
| #define VERSION "2.0.22-stable"
| #define NUMERIC_VERSION 0x02001600
| #define STDC_HEADERS 1
| #define HAVE_SYS_TYPES_H 1
| #define HAVE_SYS_STAT_H 1
| #define HAVE_STDLIB_H 1
| #define HAVE_STRING_H 1
| #define HAVE_MEMORY_H 1
| #define HAVE_STRINGS_H 1
| #define HAVE_INTTYPES_H 1
| #define HAVE_STDINT_H 1
| #define HAVE_UNISTD_H 1
| #define HAVE_DLFCN_H 1
| #define LT_OBJDIR ".libs/"
| #define STDC_HEADERS 1
| #define HAVE_FCNTL_H 1
| #define HAVE_STDARG_H 1
| #define HAVE_INTTYPES_H 1
| #define HAVE_STDINT_H 1
| #define HAVE_STDDEF_H 1
| #define HAVE_POLL_H 1
| #define HAVE_UNISTD_H 1
| #define HAVE_SYS_EPOLL_H 1
| #define HAVE_SYS_TIME_H 1
| #define HAVE_SYS_QUEUE_H 1
| #define HAVE_SYS_PARAM_H 1
| #define HAVE_SYS_IOCTL_H 1
| #define HAVE_SYS_SELECT_H 1
| #define HAVE_NETINET_IN_H 1
| #define HAVE_SYS_SOCKET_H 1
| #define HAVE_SYS_UIO_H 1
| #define HAVE_ARPA_INET_H 1
| #define HAVE_SYS_EVENTFD_H 1
| #define HAVE_SYS_MMAN_H 1
| #define HAVE_SYS_SENDFILE_H 1
| #define HAVE_SYS_WAIT_H 1
| #define HAVE_NETDB_H 1
| #define HAVE_SYS_STAT_H 1
| #define HAVE_SYS_SYSCTL_H 1
| #define HAVE_TAILQFOREACH 1
| #define HAVE_TIMERADD 1
| #define HAVE_TIMERCMP 1
| #define HAVE_TIMERCLEAR 1
| #define HAVE_TIMERISSET 1
| #define HAVE_DECL_CTL_KERN 1
| #define HAVE_DECL_KERN_RANDOM 1
| #define HAVE_DECL_RANDOM_UUID 1
| #define HAVE_DECL_KERN_ARND 0
| #define TIME_WITH_SYS_TIME 1
| #define HAVE_GETTIMEOFDAY 1
| #define HAVE_VASPRINTF 1
| #define HAVE_FCNTL 1
| #define HAVE_CLOCK_GETTIME 1
| #define HAVE_STRTOK_R 1
| #define HAVE_STRSEP 1
| #define HAVE_GETNAMEINFO 1
| #define HAVE_INET_NTOP 1
| #define HAVE_INET_PTON 1
| #define HAVE_SIGNAL 1
| #define HAVE_SIGACTION 1
| #define HAVE_STRTOLL 1
| #define HAVE_INET_ATON 1
| #define HAVE_PIPE 1
| #define HAVE_EVENTFD 1
| #define HAVE_SENDFILE 1
| #define HAVE_MMAP 1
| #define HAVE_SPLICE 1
| #define HAVE_GETEUID 1
| #define HAVE_GETEGID 1
| #define HAVE_GETPROTOBYNUMBER 1
| #define HAVE_SETENV 1
| #define HAVE_UNSETENV 1
| #define HAVE_PUTENV 1
| #define HAVE_UMASK 1
| #define HAVE_GETADDRINFO 1
| #define SIZEOF_LONG 8
| #define HAVE_SETFD 1
| #define HAVE_SELECT 1
| #define HAVE_POLL 1
| #define HAVE_EPOLL_CTL 1
| #define HAVE_EPOLL 1
| #define HAVE_UINT64_T 1
| #define HAVE_UINT32_T 1
| #define HAVE_UINT16_T 1
| #define HAVE_UINT8_T 1
| #define HAVE_UINTPTR_T 1
| #define HAVE_FD_MASK 1
| #define SIZEOF_LONG_LONG 8
| #define SIZEOF_LONG 8
| /* end confdefs.h.  */
| #include <stdio.h>
| #ifdef HAVE_SYS_TYPES_H
| # include <sys/types.h>
| #endif
| #ifdef HAVE_SYS_STAT_H
| # include <sys/stat.h>
| #endif
| #ifdef STDC_HEADERS
| # include <stdlib.h>
| # include <stddef.h>
| #else
| # ifdef HAVE_STDLIB_H
| #  include <stdlib.h>
| # endif
| #endif
| #ifdef HAVE_STRING_H
| # if !defined STDC_HEADERS && defined HAVE_MEMORY_H
| #  include <memory.h>
| # endif
| # include <string.h>
| #endif
| #ifdef HAVE_STRINGS_H
| # include <strings.h>
| #endif
| #ifdef HAVE_INTTYPES_H
| # include <inttypes.h>
| #endif
| #ifdef HAVE_STDINT_H
| # include <stdint.h>
| #endif
| #ifdef HAVE_UNISTD_H
| # include <unistd.h>
| #endif
| int
| main ()
| {
| static int test_array [1 - 2 * !(((long int) (sizeof (int))) <= 0)];
| test_array [0] = 0;
| return test_array [0];
| 
|   ;
|   return 0;
| }
configure:13982: /exports/toolchains/common/aarch64-linux-gnu/bin/aarch64-linux-gnu-gcc -c -w -Wall -fno-strict-aliasing -w conftest.c >&5
conftest.c: In function 'main':
conftest.c:135:12: error: size of array 'test_array' is negative
 static int test_array [1 - 2 * !(((long int) (sizeof (int))) <= 1)];
            ^
configure:13982: $? = 1
configure: failed program was:
| /* confdefs.h */
| #define PACKAGE_NAME ""
| #define PACKAGE_TARNAME ""
| #define PACKAGE_VERSION ""
| #define PACKAGE_STRING ""
| #define PACKAGE_BUGREPORT ""
| #define PACKAGE_URL ""
| #define PACKAGE "libevent"
| #define VERSION "2.0.22-stable"
| #define NUMERIC_VERSION 0x02001600
| #define STDC_HEADERS 1
| #define HAVE_SYS_TYPES_H 1
| #define HAVE_SYS_STAT_H 1
| #define HAVE_STDLIB_H 1
| #define HAVE_STRING_H 1
| #define HAVE_MEMORY_H 1
| #define HAVE_STRINGS_H 1
| #define HAVE_INTTYPES_H 1
| #define HAVE_STDINT_H 1
| #define HAVE_UNISTD_H 1
| #define HAVE_DLFCN_H 1
| #define LT_OBJDIR ".libs/"
| #define STDC_HEADERS 1
| #define HAVE_FCNTL_H 1
| #define HAVE_STDARG_H 1
| #define HAVE_INTTYPES_H 1
| #define HAVE_STDINT_H 1
| #define HAVE_STDDEF_H 1
| #define HAVE_POLL_H 1
| #define HAVE_UNISTD_H 1
| #define HAVE_SYS_EPOLL_H 1
| #define HAVE_SYS_TIME_H 1
| #define HAVE_SYS_QUEUE_H 1
| #define HAVE_SYS_PARAM_H 1
| #define HAVE_SYS_IOCTL_H 1
| #define HAVE_SYS_SELECT_H 1
| #define HAVE_NETINET_IN_H 1
| #define HAVE_SYS_SOCKET_H 1
| #define HAVE_SYS_UIO_H 1
| #define HAVE_ARPA_INET_H 1
| #define HAVE_SYS_EVENTFD_H 1
| #define HAVE_SYS_MMAN_H 1
| #define HAVE_SYS_SENDFILE_H 1
| #define HAVE_SYS_WAIT_H 1
| #define HAVE_NETDB_H 1
| #define HAVE_SYS_STAT_H 1
| #define HAVE_SYS_SYSCTL_H 1
| #define HAVE_TAILQFOREACH 1
| #define HAVE_TIMERADD 1
| #define HAVE_TIMERCMP 1
| #define HAVE_TIMERCLEAR 1
| #define HAVE_TIMERISSET 1
| #define HAVE_DECL_CTL_KERN 1
| #define HAVE_DECL_KERN_RANDOM 1
| #define HAVE_DECL_RANDOM_UUID 1
| #define HAVE_DECL_KERN_ARND 0
| #define TIME_WITH_SYS_TIME 1
| #define HAVE_GETTIMEOFDAY 1
| #define HAVE_VASPRINTF 1
| #define HAVE_FCNTL 1
| #define HAVE_CLOCK_GETTIME 1
| #define HAVE_STRTOK_R 1
| #define HAVE_STRSEP 1
| #define HAVE_GETNAMEINFO 1
| #define HAVE_INET_NTOP 1
| #define HAVE_INET_PTON 1
| #define HAVE_SIGNAL 1
| #define HAVE_SIGACTION 1
| #define HAVE_STRTOLL 1
| #define HAVE_INET_ATON 1
| #define HAVE_PIPE 1
| #define HAVE_EVENTFD 1
| #define HAVE_SENDFILE 1
| #define HAVE_MMAP 1
| #define HAVE_SPLICE 1
| #define HAVE_GETEUID 1
| #define HAVE_GETEGID 1
| #define HAVE_GETPROTOBYNUMBER 1
| #define HAVE_SETENV 1
| #define HAVE_UNSETENV 1
| #define HAVE_PUTENV 1
| #define HAVE_UMASK 1
| #define HAVE_GETADDRINFO 1
| #define SIZEOF_LONG 8
| #define HAVE_SETFD 1
| #define HAVE_SELECT 1
| #define HAVE_POLL 1
| #define HAVE_EPOLL_CTL 1
| #define HAVE_EPOLL 1
| #define HAVE_UINT64_T 1
| #define HAVE_UINT32_T 1
| #define HAVE_UINT16_T 1
| #define HAVE_UINT8_T 1
| #define HAVE_UINTPTR_T 1
| #define HAVE_FD_MASK 1
| #define SIZEOF_LONG_LONG 8
| #define SIZEOF_LONG 8
| /* end confdefs.h.  */
| #include <stdio.h>
| #ifdef HAVE_SYS_TYPES_H
| # include <sys/types.h>
| #endif
| #ifdef HAVE_SYS_STAT_H
| # include <sys/stat.h>
| #endif
| #ifdef STDC_HEADERS
| # include <stdlib.h>
| # include <stddef.h>
| #else
| # ifdef HAVE_STDLIB_H
| #  include <stdlib.h>
| # endif
| #endif
| #ifdef HAVE_STRING_H
| # if !defined STDC_HEADERS && defined HAVE_MEMORY_H
| #  include <memory.h>
| # endif
| # include <string.h>
| #endif
| #ifdef HAVE_STRINGS_H
| # include <strings.h>
| #endif
| #ifdef HAVE_INTTYPES_H
| # include <inttypes.h>
| #endif
| #ifdef HAVE_STDINT_H
| # include <stdint.h>
| #endif
| #ifdef HAVE_UNISTD_H
| # include <unistd.h>
| #endif
| int
| main ()
| {
| static int test_array [1 - 2 * !(((long int) (sizeof (int))) <= 1)];
| test_array [0] = 0;
| return test_array [0];
| 
|   ;
|   return 0;
| }
configure:13982: /exports/toolchains/common/aarch64-linux-gnu/bin/aarch64-linux-gnu-gcc -c -w -Wall -fno-strict-aliasing -w conftest.c >&5
conftest.c: In function 'main':
conftest.c:135:12: error: size of array 'test_array' is negative
 static int test_array [1 - 2 * !(((long int) (sizeof (int))) <= 3)];
            ^
configure:13982: $? = 1
configure: failed program was:
| /* confdefs.h */
| #define PACKAGE_NAME ""
| #define PACKAGE_TARNAME ""
| #define PACKAGE_VERSION ""
| #define PACKAGE_STRING ""
| #define PACKAGE_BUGREPORT ""
| #define PACKAGE_URL ""
| #define PACKAGE "libevent"
| #define VERSION "2.0.22-stable"
| #define NUMERIC_VERSION 0x02001600
| #define STDC_HEADERS 1
| #define HAVE_SYS_TYPES_H 1
| #define HAVE_SYS_STAT_H 1
| #define HAVE_STDLIB_H 1
| #define HAVE_STRING_H 1
| #define HAVE_MEMORY_H 1
| #define HAVE_STRINGS_H 1
| #define HAVE_INTTYPES_H 1
| #define HAVE_STDINT_H 1
| #define HAVE_UNISTD_H 1
| #define HAVE_DLFCN_H 1
| #define LT_OBJDIR ".libs/"
| #define STDC_HEADERS 1
| #define HAVE_FCNTL_H 1
| #define HAVE_STDARG_H 1
| #define HAVE_INTTYPES_H 1
| #define HAVE_STDINT_H 1
| #define HAVE_STDDEF_H 1
| #define HAVE_POLL_H 1
| #define HAVE_UNISTD_H 1
| #define HAVE_SYS_EPOLL_H 1
| #define HAVE_SYS_TIME_H 1
| #define HAVE_SYS_QUEUE_H 1
| #define HAVE_SYS_PARAM_H 1
| #define HAVE_SYS_IOCTL_H 1
| #define HAVE_SYS_SELECT_H 1
| #define HAVE_NETINET_IN_H 1
| #define HAVE_SYS_SOCKET_H 1
| #define HAVE_SYS_UIO_H 1
| #define HAVE_ARPA_INET_H 1
| #define HAVE_SYS_EVENTFD_H 1
| #define HAVE_SYS_MMAN_H 1
| #define HAVE_SYS_SENDFILE_H 1
| #define HAVE_SYS_WAIT_H 1
| #define HAVE_NETDB_H 1
| #define HAVE_SYS_STAT_H 1
| #define HAVE_SYS_SYSCTL_H 1
| #define HAVE_TAILQFOREACH 1
| #define HAVE_TIMERADD 1
| #define HAVE_TIMERCMP 1
| #define HAVE_TIMERCLEAR 1
| #define HAVE_TIMERISSET 1
| #define HAVE_DECL_CTL_KERN 1
| #define HAVE_DECL_KERN_RANDOM 1
| #define HAVE_DECL_RANDOM_UUID 1
| #define HAVE_DECL_KERN_ARND 0
| #define TIME_WITH_SYS_TIME 1
| #define HAVE_GETTIMEOFDAY 1
| #define HAVE_VASPRINTF 1
| #define HAVE_FCNTL 1
| #define HAVE_CLOCK_GETTIME 1
| #define HAVE_STRTOK_R 1
| #define HAVE_STRSEP 1
| #define HAVE_GETNAMEINFO 1
| #define HAVE_INET_NTOP 1
| #define HAVE_INET_PTON 1
| #define HAVE_SIGNAL 1
| #define HAVE_SIGACTION 1
| #define HAVE_STRTOLL 1
| #define HAVE_INET_ATON 1
| #define HAVE_PIPE 1
| #define HAVE_EVENTFD 1
| #define HAVE_SENDFILE 1
| #define HAVE_MMAP 1
| #define HAVE_SPLICE 1
| #define HAVE_GETEUID 1
| #define HAVE_GETEGID 1
| #define HAVE_GETPROTOBYNUMBER 1
| #define HAVE_SETENV 1
| #define HAVE_UNSETENV 1
| #define HAVE_PUTENV 1
| #define HAVE_UMASK 1
| #define HAVE_GETADDRINFO 1
| #define SIZEOF_LONG 8
| #define HAVE_SETFD 1
| #define HAVE_SELECT 1
| #define HAVE_POLL 1
| #define HAVE_EPOLL_CTL 1
| #define HAVE_EPOLL 1
| #define HAVE_UINT64_T 1
| #define HAVE_UINT32_T 1
| #define HAVE_UINT16_T 1
| #define HAVE_UINT8_T 1
| #define HAVE_UINTPTR_T 1
| #define HAVE_FD_MASK 1
| #define SIZEOF_LONG_LONG 8
| #define SIZEOF_LONG 8
| /* end confdefs.h.  */
| #include <stdio.h>
| #ifdef HAVE_SYS_TYPES_H
| # include <sys/types.h>
| #endif
| #ifdef HAVE_SYS_STAT_H
| # include <sys/stat.h>
| #endif
| #ifdef STDC_HEADERS
| # include <stdlib.h>
| # include <stddef.h>
| #else
| # ifdef HAVE_STDLIB_H
| #  include <stdlib.h>
| # endif
| #endif
| #ifdef HAVE_STRING_H
| # if !defined STDC_HEADERS && defined HAVE_MEMORY_H
| #  include <memory.h>
| # endif
| # include <string.h>
| #endif
| #ifdef HAVE_STRINGS_H
| # include <strings.h>
| #endif
| #ifdef HAVE_INTTYPES_H
| # include <inttypes.h>
| #endif
| #ifdef HAVE_STDINT_H
| # include <stdint.h>
| #endif
| #ifdef HAVE_UNISTD_H
| # include <unistd.h>
| #endif
| int
| main ()
| {
| static int test_array [1 - 2 * !(((long int) (sizeof (int))) <= 3)];
| test_array [0] = 0;
| return test_array [0];
| 
|   ;
|   return 0;
| }
configure:13982: /exports/toolchains/common/aarch64-linux-gnu/bin/aarch64-linux-gnu-gcc -c -w -Wall -fno-strict-aliasing -w conftest.c >&5
configure:13982: $? = 0
configure:13982: /exports/toolchains/common/aarch64-linux-gnu/bin/aarch64-linux-gnu-gcc -c -w -Wall -fno-strict-aliasing -w conftest.c >&5
configure:13982: $? = 0
configure:13982: /exports/toolchains/common/aarch64-linux-gnu/bin/aarch64-linux-gnu-gcc -c -w -Wall -fno-strict-aliasing -w conftest.c >&5
configure:13982: $? = 0
configure:13996: result: 4
configure:14010: checking size of short
configure:14015: /exports/toolchains/common/aarch64-linux-gnu/bin/aarch64-linux-gnu-gcc -c -w -Wall -fno-strict-aliasing -w conftest.c >&5
configure:14015: $? = 0
configure:14015: /exports/toolchains/common/aarch64-linux-gnu/bin/aarch64-linux-gnu-gcc -c -w -Wall -fno-strict-aliasing -w conftest.c >&5
conftest.c: In function 'main':
conftest.c:136:12: error: size of array 'test_array' is negative
 static int test_array [1 - 2 * !(((long int) (sizeof (short))) <= 0)];
            ^
configure:14015: $? = 1
configure: failed program was:
| /* confdefs.h */
| #define PACKAGE_NAME ""
| #define PACKAGE_TARNAME ""
| #define PACKAGE_VERSION ""
| #define PACKAGE_STRING ""
| #define PACKAGE_BUGREPORT ""
| #define PACKAGE_URL ""
| #define PACKAGE "libevent"
| #define VERSION "2.0.22-stable"
| #define NUMERIC_VERSION 0x02001600
| #define STDC_HEADERS 1
| #define HAVE_SYS_TYPES_H 1
| #define HAVE_SYS_STAT_H 1
| #define HAVE_STDLIB_H 1
| #define HAVE_STRING_H 1
| #define HAVE_MEMORY_H 1
| #define HAVE_STRINGS_H 1
| #define HAVE_INTTYPES_H 1
| #define HAVE_STDINT_H 1
| #define HAVE_UNISTD_H 1
| #define HAVE_DLFCN_H 1
| #define LT_OBJDIR ".libs/"
| #define STDC_HEADERS 1
| #define HAVE_FCNTL_H 1
| #define HAVE_STDARG_H 1
| #define HAVE_INTTYPES_H 1
| #define HAVE_STDINT_H 1
| #define HAVE_STDDEF_H 1
| #define HAVE_POLL_H 1
| #define HAVE_UNISTD_H 1
| #define HAVE_SYS_EPOLL_H 1
| #define HAVE_SYS_TIME_H 1
| #define HAVE_SYS_QUEUE_H 1
| #define HAVE_SYS_PARAM_H 1
| #define HAVE_SYS_IOCTL_H 1
| #define HAVE_SYS_SELECT_H 1
| #define HAVE_NETINET_IN_H 1
| #define HAVE_SYS_SOCKET_H 1
| #define HAVE_SYS_UIO_H 1
| #define HAVE_ARPA_INET_H 1
| #define HAVE_SYS_EVENTFD_H 1
| #define HAVE_SYS_MMAN_H 1
| #define HAVE_SYS_SENDFILE_H 1
| #define HAVE_SYS_WAIT_H 1
| #define HAVE_NETDB_H 1
| #define HAVE_SYS_STAT_H 1
| #define HAVE_SYS_SYSCTL_H 1
| #define HAVE_TAILQFOREACH 1
| #define HAVE_TIMERADD 1
| #define HAVE_TIMERCMP 1
| #define HAVE_TIMERCLEAR 1
| #define HAVE_TIMERISSET 1
| #define HAVE_DECL_CTL_KERN 1
| #define HAVE_DECL_KERN_RANDOM 1
| #define HAVE_DECL_RANDOM_UUID 1
| #define HAVE_DECL_KERN_ARND 0
| #define TIME_WITH_SYS_TIME 1
| #define HAVE_GETTIMEOFDAY 1
| #define HAVE_VASPRINTF 1
| #define HAVE_FCNTL 1
| #define HAVE_CLOCK_GETTIME 1
| #define HAVE_STRTOK_R 1
| #define HAVE_STRSEP 1
| #define HAVE_GETNAMEINFO 1
| #define HAVE_INET_NTOP 1
| #define HAVE_INET_PTON 1
| #define HAVE_SIGNAL 1
| #define HAVE_SIGACTION 1
| #define HAVE_STRTOLL 1
| #define HAVE_INET_ATON 1
| #define HAVE_PIPE 1
| #define HAVE_EVENTFD 1
| #define HAVE_SENDFILE 1
| #define HAVE_MMAP 1
| #define HAVE_SPLICE 1
| #define HAVE_GETEUID 1
| #define HAVE_GETEGID 1
| #define HAVE_GETPROTOBYNUMBER 1
| #define HAVE_SETENV 1
| #define HAVE_UNSETENV 1
| #define HAVE_PUTENV 1
| #define HAVE_UMASK 1
| #define HAVE_GETADDRINFO 1
| #define SIZEOF_LONG 8
| #define HAVE_SETFD 1
| #define HAVE_SELECT 1
| #define HAVE_POLL 1
| #define HAVE_EPOLL_CTL 1
| #define HAVE_EPOLL 1
| #define HAVE_UINT64_T 1
| #define HAVE_UINT32_T 1
| #define HAVE_UINT16_T 1
| #define HAVE_UINT8_T 1
| #define HAVE_UINTPTR_T 1
| #define HAVE_FD_MASK 1
| #define SIZEOF_LONG_LONG 8
| #define SIZEOF_LONG 8
| #define SIZEOF_INT 4
| /* end confdefs.h.  */
| #include <stdio.h>
| #ifdef HAVE_SYS_TYPES_H
| # include <sys/types.h>
| #endif
| #ifdef HAVE_SYS_STAT_H
| # include <sys/stat.h>
| #endif
| #ifdef STDC_HEADERS
| # include <stdlib.h>
| # include <stddef.h>
| #else
| # ifdef HAVE_STDLIB_H
| #  include <stdlib.h>
| # endif
| #endif
| #ifdef HAVE_STRING_H
| # if !defined STDC_HEADERS && defined HAVE_MEMORY_H
| #  include <memory.h>
| # endif
| # include <string.h>
| #endif
| #ifdef HAVE_STRINGS_H
| # include <strings.h>
| #endif
| #ifdef HAVE_INTTYPES_H
| # include <inttypes.h>
| #endif
| #ifdef HAVE_STDINT_H
| # include <stdint.h>
| #endif
| #ifdef HAVE_UNISTD_H
| # include <unistd.h>
| #endif
| int
| main ()
| {
| static int test_array [1 - 2 * !(((long int) (sizeof (short))) <= 0)];
| test_array [0] = 0;
| return test_array [0];
| 
|   ;
|   return 0;
| }
configure:14015: /exports/toolchains/common/aarch64-linux-gnu/bin/aarch64-linux-gnu-gcc -c -w -Wall -fno-strict-aliasing -w conftest.c >&5
conftest.c: In function 'main':
conftest.c:136:12: error: size of array 'test_array' is negative
 static int test_array [1 - 2 * !(((long int) (sizeof (short))) <= 1)];
            ^
configure:14015: $? = 1
configure: failed program was:
| /* confdefs.h */
| #define PACKAGE_NAME ""
| #define PACKAGE_TARNAME ""
| #define PACKAGE_VERSION ""
| #define PACKAGE_STRING ""
| #define PACKAGE_BUGREPORT ""
| #define PACKAGE_URL ""
| #define PACKAGE "libevent"
| #define VERSION "2.0.22-stable"
| #define NUMERIC_VERSION 0x02001600
| #define STDC_HEADERS 1
| #define HAVE_SYS_TYPES_H 1
| #define HAVE_SYS_STAT_H 1
| #define HAVE_STDLIB_H 1
| #define HAVE_STRING_H 1
| #define HAVE_MEMORY_H 1
| #define HAVE_STRINGS_H 1
| #define HAVE_INTTYPES_H 1
| #define HAVE_STDINT_H 1
| #define HAVE_UNISTD_H 1
| #define HAVE_DLFCN_H 1
| #define LT_OBJDIR ".libs/"
| #define STDC_HEADERS 1
| #define HAVE_FCNTL_H 1
| #define HAVE_STDARG_H 1
| #define HAVE_INTTYPES_H 1
| #define HAVE_STDINT_H 1
| #define HAVE_STDDEF_H 1
| #define HAVE_POLL_H 1
| #define HAVE_UNISTD_H 1
| #define HAVE_SYS_EPOLL_H 1
| #define HAVE_SYS_TIME_H 1
| #define HAVE_SYS_QUEUE_H 1
| #define HAVE_SYS_PARAM_H 1
| #define HAVE_SYS_IOCTL_H 1
| #define HAVE_SYS_SELECT_H 1
| #define HAVE_NETINET_IN_H 1
| #define HAVE_SYS_SOCKET_H 1
| #define HAVE_SYS_UIO_H 1
| #define HAVE_ARPA_INET_H 1
| #define HAVE_SYS_EVENTFD_H 1
| #define HAVE_SYS_MMAN_H 1
| #define HAVE_SYS_SENDFILE_H 1
| #define HAVE_SYS_WAIT_H 1
| #define HAVE_NETDB_H 1
| #define HAVE_SYS_STAT_H 1
| #define HAVE_SYS_SYSCTL_H 1
| #define HAVE_TAILQFOREACH 1
| #define HAVE_TIMERADD 1
| #define HAVE_TIMERCMP 1
| #define HAVE_TIMERCLEAR 1
| #define HAVE_TIMERISSET 1
| #define HAVE_DECL_CTL_KERN 1
| #define HAVE_DECL_KERN_RANDOM 1
| #define HAVE_DECL_RANDOM_UUID 1
| #define HAVE_DECL_KERN_ARND 0
| #define TIME_WITH_SYS_TIME 1
| #define HAVE_GETTIMEOFDAY 1
| #define HAVE_VASPRINTF 1
| #define HAVE_FCNTL 1
| #define HAVE_CLOCK_GETTIME 1
| #define HAVE_STRTOK_R 1
| #define HAVE_STRSEP 1
| #define HAVE_GETNAMEINFO 1
| #define HAVE_INET_NTOP 1
| #define HAVE_INET_PTON 1
| #define HAVE_SIGNAL 1
| #define HAVE_SIGACTION 1
| #define HAVE_STRTOLL 1
| #define HAVE_INET_ATON 1
| #define HAVE_PIPE 1
| #define HAVE_EVENTFD 1
| #define HAVE_SENDFILE 1
| #define HAVE_MMAP 1
| #define HAVE_SPLICE 1
| #define HAVE_GETEUID 1
| #define HAVE_GETEGID 1
| #define HAVE_GETPROTOBYNUMBER 1
| #define HAVE_SETENV 1
| #define HAVE_UNSETENV 1
| #define HAVE_PUTENV 1
| #define HAVE_UMASK 1
| #define HAVE_GETADDRINFO 1
| #define SIZEOF_LONG 8
| #define HAVE_SETFD 1
| #define HAVE_SELECT 1
| #define HAVE_POLL 1
| #define HAVE_EPOLL_CTL 1
| #define HAVE_EPOLL 1
| #define HAVE_UINT64_T 1
| #define HAVE_UINT32_T 1
| #define HAVE_UINT16_T 1
| #define HAVE_UINT8_T 1
| #define HAVE_UINTPTR_T 1
| #define HAVE_FD_MASK 1
| #define SIZEOF_LONG_LONG 8
| #define SIZEOF_LONG 8
| #define SIZEOF_INT 4
| /* end confdefs.h.  */
| #include <stdio.h>
| #ifdef HAVE_SYS_TYPES_H
| # include <sys/types.h>
| #endif
| #ifdef HAVE_SYS_STAT_H
| # include <sys/stat.h>
| #endif
| #ifdef STDC_HEADERS
| # include <stdlib.h>
| # include <stddef.h>
| #else
| # ifdef HAVE_STDLIB_H
| #  include <stdlib.h>
| # endif
| #endif
| #ifdef HAVE_STRING_H
| # if !defined STDC_HEADERS && defined HAVE_MEMORY_H
| #  include <memory.h>
| # endif
| # include <string.h>
| #endif
| #ifdef HAVE_STRINGS_H
| # include <strings.h>
| #endif
| #ifdef HAVE_INTTYPES_H
| # include <inttypes.h>
| #endif
| #ifdef HAVE_STDINT_H
| # include <stdint.h>
| #endif
| #ifdef HAVE_UNISTD_H
| # include <unistd.h>
| #endif
| int
| main ()
| {
| static int test_array [1 - 2 * !(((long int) (sizeof (short))) <= 1)];
| test_array [0] = 0;
| return test_array [0];
| 
|   ;
|   return 0;
| }
configure:14015: /exports/toolchains/common/aarch64-linux-gnu/bin/aarch64-linux-gnu-gcc -c -w -Wall -fno-strict-aliasing -w conftest.c >&5
configure:14015: $? = 0
configure:14015: /exports/toolchains/common/aarch64-linux-gnu/bin/aarch64-linux-gnu-gcc -c -w -Wall -fno-strict-aliasing -w conftest.c >&5
configure:14015: $? = 0
configure:14029: result: 2
configure:14043: checking size of size_t
configure:14048: /exports/toolchains/common/aarch64-linux-gnu/bin/aarch64-linux-gnu-gcc -c -w -Wall -fno-strict-aliasing -w conftest.c >&5
configure:14048: $? = 0
configure:14048: /exports/toolchains/common/aarch64-linux-gnu/bin/aarch64-linux-gnu-gcc -c -w -Wall -fno-strict-aliasing -w conftest.c >&5
conftest.c: In function 'main':
conftest.c:137:12: error: size of array 'test_array' is negative
 static int test_array [1 - 2 * !(((long int) (sizeof (size_t))) <= 0)];
            ^
configure:14048: $? = 1
configure: failed program was:
| /* confdefs.h */
| #define PACKAGE_NAME ""
| #define PACKAGE_TARNAME ""
| #define PACKAGE_VERSION ""
| #define PACKAGE_STRING ""
| #define PACKAGE_BUGREPORT ""
| #define PACKAGE_URL ""
| #define PACKAGE "libevent"
| #define VERSION "2.0.22-stable"
| #define NUMERIC_VERSION 0x02001600
| #define STDC_HEADERS 1
| #define HAVE_SYS_TYPES_H 1
| #define HAVE_SYS_STAT_H 1
| #define HAVE_STDLIB_H 1
| #define HAVE_STRING_H 1
| #define HAVE_MEMORY_H 1
| #define HAVE_STRINGS_H 1
| #define HAVE_INTTYPES_H 1
| #define HAVE_STDINT_H 1
| #define HAVE_UNISTD_H 1
| #define HAVE_DLFCN_H 1
| #define LT_OBJDIR ".libs/"
| #define STDC_HEADERS 1
| #define HAVE_FCNTL_H 1
| #define HAVE_STDARG_H 1
| #define HAVE_INTTYPES_H 1
| #define HAVE_STDINT_H 1
| #define HAVE_STDDEF_H 1
| #define HAVE_POLL_H 1
| #define HAVE_UNISTD_H 1
| #define HAVE_SYS_EPOLL_H 1
| #define HAVE_SYS_TIME_H 1
| #define HAVE_SYS_QUEUE_H 1
| #define HAVE_SYS_PARAM_H 1
| #define HAVE_SYS_IOCTL_H 1
| #define HAVE_SYS_SELECT_H 1
| #define HAVE_NETINET_IN_H 1
| #define HAVE_SYS_SOCKET_H 1
| #define HAVE_SYS_UIO_H 1
| #define HAVE_ARPA_INET_H 1
| #define HAVE_SYS_EVENTFD_H 1
| #define HAVE_SYS_MMAN_H 1
| #define HAVE_SYS_SENDFILE_H 1
| #define HAVE_SYS_WAIT_H 1
| #define HAVE_NETDB_H 1
| #define HAVE_SYS_STAT_H 1
| #define HAVE_SYS_SYSCTL_H 1
| #define HAVE_TAILQFOREACH 1
| #define HAVE_TIMERADD 1
| #define HAVE_TIMERCMP 1
| #define HAVE_TIMERCLEAR 1
| #define HAVE_TIMERISSET 1
| #define HAVE_DECL_CTL_KERN 1
| #define HAVE_DECL_KERN_RANDOM 1
| #define HAVE_DECL_RANDOM_UUID 1
| #define HAVE_DECL_KERN_ARND 0
| #define TIME_WITH_SYS_TIME 1
| #define HAVE_GETTIMEOFDAY 1
| #define HAVE_VASPRINTF 1
| #define HAVE_FCNTL 1
| #define HAVE_CLOCK_GETTIME 1
| #define HAVE_STRTOK_R 1
| #define HAVE_STRSEP 1
| #define HAVE_GETNAMEINFO 1
| #define HAVE_INET_NTOP 1
| #define HAVE_INET_PTON 1
| #define HAVE_SIGNAL 1
| #define HAVE_SIGACTION 1
| #define HAVE_STRTOLL 1
| #define HAVE_INET_ATON 1
| #define HAVE_PIPE 1
| #define HAVE_EVENTFD 1
| #define HAVE_SENDFILE 1
| #define HAVE_MMAP 1
| #define HAVE_SPLICE 1
| #define HAVE_GETEUID 1
| #define HAVE_GETEGID 1
| #define HAVE_GETPROTOBYNUMBER 1
| #define HAVE_SETENV 1
| #define HAVE_UNSETENV 1
| #define HAVE_PUTENV 1
| #define HAVE_UMASK 1
| #define HAVE_GETADDRINFO 1
| #define SIZEOF_LONG 8
| #define HAVE_SETFD 1
| #define HAVE_SELECT 1
| #define HAVE_POLL 1
| #define HAVE_EPOLL_CTL 1
| #define HAVE_EPOLL 1
| #define HAVE_UINT64_T 1
| #define HAVE_UINT32_T 1
| #define HAVE_UINT16_T 1
| #define HAVE_UINT8_T 1
| #define HAVE_UINTPTR_T 1
| #define HAVE_FD_MASK 1
| #define SIZEOF_LONG_LONG 8
| #define SIZEOF_LONG 8
| #define SIZEOF_INT 4
| #define SIZEOF_SHORT 2
| /* end confdefs.h.  */
| #include <stdio.h>
| #ifdef HAVE_SYS_TYPES_H
| # include <sys/types.h>
| #endif
| #ifdef HAVE_SYS_STAT_H
| # include <sys/stat.h>
| #endif
| #ifdef STDC_HEADERS
| # include <stdlib.h>
| # include <stddef.h>
| #else
| # ifdef HAVE_STDLIB_H
| #  include <stdlib.h>
| # endif
| #endif
| #ifdef HAVE_STRING_H
| # if !defined STDC_HEADERS && defined HAVE_MEMORY_H
| #  include <memory.h>
| # endif
| # include <string.h>
| #endif
| #ifdef HAVE_STRINGS_H
| # include <strings.h>
| #endif
| #ifdef HAVE_INTTYPES_H
| # include <inttypes.h>
| #endif
| #ifdef HAVE_STDINT_H
| # include <stdint.h>
| #endif
| #ifdef HAVE_UNISTD_H
| # include <unistd.h>
| #endif
| int
| main ()
| {
| static int test_array [1 - 2 * !(((long int) (sizeof (size_t))) <= 0)];
| test_array [0] = 0;
| return test_array [0];
| 
|   ;
|   return 0;
| }
configure:14048: /exports/toolchains/common/aarch64-linux-gnu/bin/aarch64-linux-gnu-gcc -c -w -Wall -fno-strict-aliasing -w conftest.c >&5
conftest.c: In function 'main':
conftest.c:137:12: error: size of array 'test_array' is negative
 static int test_array [1 - 2 * !(((long int) (sizeof (size_t))) <= 1)];
            ^
configure:14048: $? = 1
configure: failed program was:
| /* confdefs.h */
| #define PACKAGE_NAME ""
| #define PACKAGE_TARNAME ""
| #define PACKAGE_VERSION ""
| #define PACKAGE_STRING ""
| #define PACKAGE_BUGREPORT ""
| #define PACKAGE_URL ""
| #define PACKAGE "libevent"
| #define VERSION "2.0.22-stable"
| #define NUMERIC_VERSION 0x02001600
| #define STDC_HEADERS 1
| #define HAVE_SYS_TYPES_H 1
| #define HAVE_SYS_STAT_H 1
| #define HAVE_STDLIB_H 1
| #define HAVE_STRING_H 1
| #define HAVE_MEMORY_H 1
| #define HAVE_STRINGS_H 1
| #define HAVE_INTTYPES_H 1
| #define HAVE_STDINT_H 1
| #define HAVE_UNISTD_H 1
| #define HAVE_DLFCN_H 1
| #define LT_OBJDIR ".libs/"
| #define STDC_HEADERS 1
| #define HAVE_FCNTL_H 1
| #define HAVE_STDARG_H 1
| #define HAVE_INTTYPES_H 1
| #define HAVE_STDINT_H 1
| #define HAVE_STDDEF_H 1
| #define HAVE_POLL_H 1
| #define HAVE_UNISTD_H 1
| #define HAVE_SYS_EPOLL_H 1
| #define HAVE_SYS_TIME_H 1
| #define HAVE_SYS_QUEUE_H 1
| #define HAVE_SYS_PARAM_H 1
| #define HAVE_SYS_IOCTL_H 1
| #define HAVE_SYS_SELECT_H 1
| #define HAVE_NETINET_IN_H 1
| #define HAVE_SYS_SOCKET_H 1
| #define HAVE_SYS_UIO_H 1
| #define HAVE_ARPA_INET_H 1
| #define HAVE_SYS_EVENTFD_H 1
| #define HAVE_SYS_MMAN_H 1
| #define HAVE_SYS_SENDFILE_H 1
| #define HAVE_SYS_WAIT_H 1
| #define HAVE_NETDB_H 1
| #define HAVE_SYS_STAT_H 1
| #define HAVE_SYS_SYSCTL_H 1
| #define HAVE_TAILQFOREACH 1
| #define HAVE_TIMERADD 1
| #define HAVE_TIMERCMP 1
| #define HAVE_TIMERCLEAR 1
| #define HAVE_TIMERISSET 1
| #define HAVE_DECL_CTL_KERN 1
| #define HAVE_DECL_KERN_RANDOM 1
| #define HAVE_DECL_RANDOM_UUID 1
| #define HAVE_DECL_KERN_ARND 0
| #define TIME_WITH_SYS_TIME 1
| #define HAVE_GETTIMEOFDAY 1
| #define HAVE_VASPRINTF 1
| #define HAVE_FCNTL 1
| #define HAVE_CLOCK_GETTIME 1
| #define HAVE_STRTOK_R 1
| #define HAVE_STRSEP 1
| #define HAVE_GETNAMEINFO 1
| #define HAVE_INET_NTOP 1
| #define HAVE_INET_PTON 1
| #define HAVE_SIGNAL 1
| #define HAVE_SIGACTION 1
| #define HAVE_STRTOLL 1
| #define HAVE_INET_ATON 1
| #define HAVE_PIPE 1
| #define HAVE_EVENTFD 1
| #define HAVE_SENDFILE 1
| #define HAVE_MMAP 1
| #define HAVE_SPLICE 1
| #define HAVE_GETEUID 1
| #define HAVE_GETEGID 1
| #define HAVE_GETPROTOBYNUMBER 1
| #define HAVE_SETENV 1
| #define HAVE_UNSETENV 1
| #define HAVE_PUTENV 1
| #define HAVE_UMASK 1
| #define HAVE_GETADDRINFO 1
| #define SIZEOF_LONG 8
| #define HAVE_SETFD 1
| #define HAVE_SELECT 1
| #define HAVE_POLL 1
| #define HAVE_EPOLL_CTL 1
| #define HAVE_EPOLL 1
| #define HAVE_UINT64_T 1
| #define HAVE_UINT32_T 1
| #define HAVE_UINT16_T 1
| #define HAVE_UINT8_T 1
| #define HAVE_UINTPTR_T 1
| #define HAVE_FD_MASK 1
| #define SIZEOF_LONG_LONG 8
| #define SIZEOF_LONG 8
| #define SIZEOF_INT 4
| #define SIZEOF_SHORT 2
| /* end confdefs.h.  */
| #include <stdio.h>
| #ifdef HAVE_SYS_TYPES_H
| # include <sys/types.h>
| #endif
| #ifdef HAVE_SYS_STAT_H
| # include <sys/stat.h>
| #endif
| #ifdef STDC_HEADERS
| # include <stdlib.h>
| # include <stddef.h>
| #else
| # ifdef HAVE_STDLIB_H
| #  include <stdlib.h>
| # endif
| #endif
| #ifdef HAVE_STRING_H
| # if !defined STDC_HEADERS && defined HAVE_MEMORY_H
| #  include <memory.h>
| # endif
| # include <string.h>
| #endif
| #ifdef HAVE_STRINGS_H
| # include <strings.h>
| #endif
| #ifdef HAVE_INTTYPES_H
| # include <inttypes.h>
| #endif
| #ifdef HAVE_STDINT_H
| # include <stdint.h>
| #endif
| #ifdef HAVE_UNISTD_H
| # include <unistd.h>
| #endif
| int
| main ()
| {
| static int test_array [1 - 2 * !(((long int) (sizeof (size_t))) <= 1)];
| test_array [0] = 0;
| return test_array [0];
| 
|   ;
|   return 0;
| }
configure:14048: /exports/toolchains/common/aarch64-linux-gnu/bin/aarch64-linux-gnu-gcc -c -w -Wall -fno-strict-aliasing -w conftest.c >&5
conftest.c: In function 'main':
conftest.c:137:12: error: size of array 'test_array' is negative
 static int test_array [1 - 2 * !(((long int) (sizeof (size_t))) <= 3)];
            ^
configure:14048: $? = 1
configure: failed program was:
| /* confdefs.h */
| #define PACKAGE_NAME ""
| #define PACKAGE_TARNAME ""
| #define PACKAGE_VERSION ""
| #define PACKAGE_STRING ""
| #define PACKAGE_BUGREPORT ""
| #define PACKAGE_URL ""
| #define PACKAGE "libevent"
| #define VERSION "2.0.22-stable"
| #define NUMERIC_VERSION 0x02001600
| #define STDC_HEADERS 1
| #define HAVE_SYS_TYPES_H 1
| #define HAVE_SYS_STAT_H 1
| #define HAVE_STDLIB_H 1
| #define HAVE_STRING_H 1
| #define HAVE_MEMORY_H 1
| #define HAVE_STRINGS_H 1
| #define HAVE_INTTYPES_H 1
| #define HAVE_STDINT_H 1
| #define HAVE_UNISTD_H 1
| #define HAVE_DLFCN_H 1
| #define LT_OBJDIR ".libs/"
| #define STDC_HEADERS 1
| #define HAVE_FCNTL_H 1
| #define HAVE_STDARG_H 1
| #define HAVE_INTTYPES_H 1
| #define HAVE_STDINT_H 1
| #define HAVE_STDDEF_H 1
| #define HAVE_POLL_H 1
| #define HAVE_UNISTD_H 1
| #define HAVE_SYS_EPOLL_H 1
| #define HAVE_SYS_TIME_H 1
| #define HAVE_SYS_QUEUE_H 1
| #define HAVE_SYS_PARAM_H 1
| #define HAVE_SYS_IOCTL_H 1
| #define HAVE_SYS_SELECT_H 1
| #define HAVE_NETINET_IN_H 1
| #define HAVE_SYS_SOCKET_H 1
| #define HAVE_SYS_UIO_H 1
| #define HAVE_ARPA_INET_H 1
| #define HAVE_SYS_EVENTFD_H 1
| #define HAVE_SYS_MMAN_H 1
| #define HAVE_SYS_SENDFILE_H 1
| #define HAVE_SYS_WAIT_H 1
| #define HAVE_NETDB_H 1
| #define HAVE_SYS_STAT_H 1
| #define HAVE_SYS_SYSCTL_H 1
| #define HAVE_TAILQFOREACH 1
| #define HAVE_TIMERADD 1
| #define HAVE_TIMERCMP 1
| #define HAVE_TIMERCLEAR 1
| #define HAVE_TIMERISSET 1
| #define HAVE_DECL_CTL_KERN 1
| #define HAVE_DECL_KERN_RANDOM 1
| #define HAVE_DECL_RANDOM_UUID 1
| #define HAVE_DECL_KERN_ARND 0
| #define TIME_WITH_SYS_TIME 1
| #define HAVE_GETTIMEOFDAY 1
| #define HAVE_VASPRINTF 1
| #define HAVE_FCNTL 1
| #define HAVE_CLOCK_GETTIME 1
| #define HAVE_STRTOK_R 1
| #define HAVE_STRSEP 1
| #define HAVE_GETNAMEINFO 1
| #define HAVE_INET_NTOP 1
| #define HAVE_INET_PTON 1
| #define HAVE_SIGNAL 1
| #define HAVE_SIGACTION 1
| #define HAVE_STRTOLL 1
| #define HAVE_INET_ATON 1
| #define HAVE_PIPE 1
| #define HAVE_EVENTFD 1
| #define HAVE_SENDFILE 1
| #define HAVE_MMAP 1
| #define HAVE_SPLICE 1
| #define HAVE_GETEUID 1
| #define HAVE_GETEGID 1
| #define HAVE_GETPROTOBYNUMBER 1
| #define HAVE_SETENV 1
| #define HAVE_UNSETENV 1
| #define HAVE_PUTENV 1
| #define HAVE_UMASK 1
| #define HAVE_GETADDRINFO 1
| #define SIZEOF_LONG 8
| #define HAVE_SETFD 1
| #define HAVE_SELECT 1
| #define HAVE_POLL 1
| #define HAVE_EPOLL_CTL 1
| #define HAVE_EPOLL 1
| #define HAVE_UINT64_T 1
| #define HAVE_UINT32_T 1
| #define HAVE_UINT16_T 1
| #define HAVE_UINT8_T 1
| #define HAVE_UINTPTR_T 1
| #define HAVE_FD_MASK 1
| #define SIZEOF_LONG_LONG 8
| #define SIZEOF_LONG 8
| #define SIZEOF_INT 4
| #define SIZEOF_SHORT 2
| /* end confdefs.h.  */
| #include <stdio.h>
| #ifdef HAVE_SYS_TYPES_H
| # include <sys/types.h>
| #endif
| #ifdef HAVE_SYS_STAT_H
| # include <sys/stat.h>
| #endif
| #ifdef STDC_HEADERS
| # include <stdlib.h>
| # include <stddef.h>
| #else
| # ifdef HAVE_STDLIB_H
| #  include <stdlib.h>
| # endif
| #endif
| #ifdef HAVE_STRING_H
| # if !defined STDC_HEADERS && defined HAVE_MEMORY_H
| #  include <memory.h>
| # endif
| # include <string.h>
| #endif
| #ifdef HAVE_STRINGS_H
| # include <strings.h>
| #endif
| #ifdef HAVE_INTTYPES_H
| # include <inttypes.h>
| #endif
| #ifdef HAVE_STDINT_H
| # include <stdint.h>
| #endif
| #ifdef HAVE_UNISTD_H
| # include <unistd.h>
| #endif
| int
| main ()
| {
| static int test_array [1 - 2 * !(((long int) (sizeof (size_t))) <= 3)];
| test_array [0] = 0;
| return test_array [0];
| 
|   ;
|   return 0;
| }
configure:14048: /exports/toolchains/common/aarch64-linux-gnu/bin/aarch64-linux-gnu-gcc -c -w -Wall -fno-strict-aliasing -w conftest.c >&5
conftest.c: In function 'main':
conftest.c:137:12: error: size of array 'test_array' is negative
 static int test_array [1 - 2 * !(((long int) (sizeof (size_t))) <= 7)];
            ^
configure:14048: $? = 1
configure: failed program was:
| /* confdefs.h */
| #define PACKAGE_NAME ""
| #define PACKAGE_TARNAME ""
| #define PACKAGE_VERSION ""
| #define PACKAGE_STRING ""
| #define PACKAGE_BUGREPORT ""
| #define PACKAGE_URL ""
| #define PACKAGE "libevent"
| #define VERSION "2.0.22-stable"
| #define NUMERIC_VERSION 0x02001600
| #define STDC_HEADERS 1
| #define HAVE_SYS_TYPES_H 1
| #define HAVE_SYS_STAT_H 1
| #define HAVE_STDLIB_H 1
| #define HAVE_STRING_H 1
| #define HAVE_MEMORY_H 1
| #define HAVE_STRINGS_H 1
| #define HAVE_INTTYPES_H 1
| #define HAVE_STDINT_H 1
| #define HAVE_UNISTD_H 1
| #define HAVE_DLFCN_H 1
| #define LT_OBJDIR ".libs/"
| #define STDC_HEADERS 1
| #define HAVE_FCNTL_H 1
| #define HAVE_STDARG_H 1
| #define HAVE_INTTYPES_H 1
| #define HAVE_STDINT_H 1
| #define HAVE_STDDEF_H 1
| #define HAVE_POLL_H 1
| #define HAVE_UNISTD_H 1
| #define HAVE_SYS_EPOLL_H 1
| #define HAVE_SYS_TIME_H 1
| #define HAVE_SYS_QUEUE_H 1
| #define HAVE_SYS_PARAM_H 1
| #define HAVE_SYS_IOCTL_H 1
| #define HAVE_SYS_SELECT_H 1
| #define HAVE_NETINET_IN_H 1
| #define HAVE_SYS_SOCKET_H 1
| #define HAVE_SYS_UIO_H 1
| #define HAVE_ARPA_INET_H 1
| #define HAVE_SYS_EVENTFD_H 1
| #define HAVE_SYS_MMAN_H 1
| #define HAVE_SYS_SENDFILE_H 1
| #define HAVE_SYS_WAIT_H 1
| #define HAVE_NETDB_H 1
| #define HAVE_SYS_STAT_H 1
| #define HAVE_SYS_SYSCTL_H 1
| #define HAVE_TAILQFOREACH 1
| #define HAVE_TIMERADD 1
| #define HAVE_TIMERCMP 1
| #define HAVE_TIMERCLEAR 1
| #define HAVE_TIMERISSET 1
| #define HAVE_DECL_CTL_KERN 1
| #define HAVE_DECL_KERN_RANDOM 1
| #define HAVE_DECL_RANDOM_UUID 1
| #define HAVE_DECL_KERN_ARND 0
| #define TIME_WITH_SYS_TIME 1
| #define HAVE_GETTIMEOFDAY 1
| #define HAVE_VASPRINTF 1
| #define HAVE_FCNTL 1
| #define HAVE_CLOCK_GETTIME 1
| #define HAVE_STRTOK_R 1
| #define HAVE_STRSEP 1
| #define HAVE_GETNAMEINFO 1
| #define HAVE_INET_NTOP 1
| #define HAVE_INET_PTON 1
| #define HAVE_SIGNAL 1
| #define HAVE_SIGACTION 1
| #define HAVE_STRTOLL 1
| #define HAVE_INET_ATON 1
| #define HAVE_PIPE 1
| #define HAVE_EVENTFD 1
| #define HAVE_SENDFILE 1
| #define HAVE_MMAP 1
| #define HAVE_SPLICE 1
| #define HAVE_GETEUID 1
| #define HAVE_GETEGID 1
| #define HAVE_GETPROTOBYNUMBER 1
| #define HAVE_SETENV 1
| #define HAVE_UNSETENV 1
| #define HAVE_PUTENV 1
| #define HAVE_UMASK 1
| #define HAVE_GETADDRINFO 1
| #define SIZEOF_LONG 8
| #define HAVE_SETFD 1
| #define HAVE_SELECT 1
| #define HAVE_POLL 1
| #define HAVE_EPOLL_CTL 1
| #define HAVE_EPOLL 1
| #define HAVE_UINT64_T 1
| #define HAVE_UINT32_T 1
| #define HAVE_UINT16_T 1
| #define HAVE_UINT8_T 1
| #define HAVE_UINTPTR_T 1
| #define HAVE_FD_MASK 1
| #define SIZEOF_LONG_LONG 8
| #define SIZEOF_LONG 8
| #define SIZEOF_INT 4
| #define SIZEOF_SHORT 2
| /* end confdefs.h.  */
| #include <stdio.h>
| #ifdef HAVE_SYS_TYPES_H
| # include <sys/types.h>
| #endif
| #ifdef HAVE_SYS_STAT_H
| # include <sys/stat.h>
| #endif
| #ifdef STDC_HEADERS
| # include <stdlib.h>
| # include <stddef.h>
| #else
| # ifdef HAVE_STDLIB_H
| #  include <stdlib.h>
| # endif
| #endif
| #ifdef HAVE_STRING_H
| # if !defined STDC_HEADERS && defined HAVE_MEMORY_H
| #  include <memory.h>
| # endif
| # include <string.h>
| #endif
| #ifdef HAVE_STRINGS_H
| # include <strings.h>
| #endif
| #ifdef HAVE_INTTYPES_H
| # include <inttypes.h>
| #endif
| #ifdef HAVE_STDINT_H
| # include <stdint.h>
| #endif
| #ifdef HAVE_UNISTD_H
| # include <unistd.h>
| #endif
| int
| main ()
| {
| static int test_array [1 - 2 * !(((long int) (sizeof (size_t))) <= 7)];
| test_array [0] = 0;
| return test_array [0];
| 
|   ;
|   return 0;
| }
configure:14048: /exports/toolchains/common/aarch64-linux-gnu/bin/aarch64-linux-gnu-gcc -c -w -Wall -fno-strict-aliasing -w conftest.c >&5
configure:14048: $? = 0
configure:14048: /exports/toolchains/common/aarch64-linux-gnu/bin/aarch64-linux-gnu-gcc -c -w -Wall -fno-strict-aliasing -w conftest.c >&5
configure:14048: $? = 0
configure:14048: /exports/toolchains/common/aarch64-linux-gnu/bin/aarch64-linux-gnu-gcc -c -w -Wall -fno-strict-aliasing -w conftest.c >&5
configure:14048: $? = 0
configure:14048: /exports/toolchains/common/aarch64-linux-gnu/bin/aarch64-linux-gnu-gcc -c -w -Wall -fno-strict-aliasing -w conftest.c >&5
configure:14048: $? = 0
configure:14062: result: 8
configure:14076: checking size of void *
configure:14081: /exports/toolchains/common/aarch64-linux-gnu/bin/aarch64-linux-gnu-gcc -c -w -Wall -fno-strict-aliasing -w conftest.c >&5
configure:14081: $? = 0
configure:14081: /exports/toolchains/common/aarch64-linux-gnu/bin/aarch64-linux-gnu-gcc -c -w -Wall -fno-strict-aliasing -w conftest.c >&5
conftest.c: In function 'main':
conftest.c:138:12: error: size of array 'test_array' is negative
 static int test_array [1 - 2 * !(((long int) (sizeof (void *))) <= 0)];
            ^
configure:14081: $? = 1
configure: failed program was:
| /* confdefs.h */
| #define PACKAGE_NAME ""
| #define PACKAGE_TARNAME ""
| #define PACKAGE_VERSION ""
| #define PACKAGE_STRING ""
| #define PACKAGE_BUGREPORT ""
| #define PACKAGE_URL ""
| #define PACKAGE "libevent"
| #define VERSION "2.0.22-stable"
| #define NUMERIC_VERSION 0x02001600
| #define STDC_HEADERS 1
| #define HAVE_SYS_TYPES_H 1
| #define HAVE_SYS_STAT_H 1
| #define HAVE_STDLIB_H 1
| #define HAVE_STRING_H 1
| #define HAVE_MEMORY_H 1
| #define HAVE_STRINGS_H 1
| #define HAVE_INTTYPES_H 1
| #define HAVE_STDINT_H 1
| #define HAVE_UNISTD_H 1
| #define HAVE_DLFCN_H 1
| #define LT_OBJDIR ".libs/"
| #define STDC_HEADERS 1
| #define HAVE_FCNTL_H 1
| #define HAVE_STDARG_H 1
| #define HAVE_INTTYPES_H 1
| #define HAVE_STDINT_H 1
| #define HAVE_STDDEF_H 1
| #define HAVE_POLL_H 1
| #define HAVE_UNISTD_H 1
| #define HAVE_SYS_EPOLL_H 1
| #define HAVE_SYS_TIME_H 1
| #define HAVE_SYS_QUEUE_H 1
| #define HAVE_SYS_PARAM_H 1
| #define HAVE_SYS_IOCTL_H 1
| #define HAVE_SYS_SELECT_H 1
| #define HAVE_NETINET_IN_H 1
| #define HAVE_SYS_SOCKET_H 1
| #define HAVE_SYS_UIO_H 1
| #define HAVE_ARPA_INET_H 1
| #define HAVE_SYS_EVENTFD_H 1
| #define HAVE_SYS_MMAN_H 1
| #define HAVE_SYS_SENDFILE_H 1
| #define HAVE_SYS_WAIT_H 1
| #define HAVE_NETDB_H 1
| #define HAVE_SYS_STAT_H 1
| #define HAVE_SYS_SYSCTL_H 1
| #define HAVE_TAILQFOREACH 1
| #define HAVE_TIMERADD 1
| #define HAVE_TIMERCMP 1
| #define HAVE_TIMERCLEAR 1
| #define HAVE_TIMERISSET 1
| #define HAVE_DECL_CTL_KERN 1
| #define HAVE_DECL_KERN_RANDOM 1
| #define HAVE_DECL_RANDOM_UUID 1
| #define HAVE_DECL_KERN_ARND 0
| #define TIME_WITH_SYS_TIME 1
| #define HAVE_GETTIMEOFDAY 1
| #define HAVE_VASPRINTF 1
| #define HAVE_FCNTL 1
| #define HAVE_CLOCK_GETTIME 1
| #define HAVE_STRTOK_R 1
| #define HAVE_STRSEP 1
| #define HAVE_GETNAMEINFO 1
| #define HAVE_INET_NTOP 1
| #define HAVE_INET_PTON 1
| #define HAVE_SIGNAL 1
| #define HAVE_SIGACTION 1
| #define HAVE_STRTOLL 1
| #define HAVE_INET_ATON 1
| #define HAVE_PIPE 1
| #define HAVE_EVENTFD 1
| #define HAVE_SENDFILE 1
| #define HAVE_MMAP 1
| #define HAVE_SPLICE 1
| #define HAVE_GETEUID 1
| #define HAVE_GETEGID 1
| #define HAVE_GETPROTOBYNUMBER 1
| #define HAVE_SETENV 1
| #define HAVE_UNSETENV 1
| #define HAVE_PUTENV 1
| #define HAVE_UMASK 1
| #define HAVE_GETADDRINFO 1
| #define SIZEOF_LONG 8
| #define HAVE_SETFD 1
| #define HAVE_SELECT 1
| #define HAVE_POLL 1
| #define HAVE_EPOLL_CTL 1
| #define HAVE_EPOLL 1
| #define HAVE_UINT64_T 1
| #define HAVE_UINT32_T 1
| #define HAVE_UINT16_T 1
| #define HAVE_UINT8_T 1
| #define HAVE_UINTPTR_T 1
| #define HAVE_FD_MASK 1
| #define SIZEOF_LONG_LONG 8
| #define SIZEOF_LONG 8
| #define SIZEOF_INT 4
| #define SIZEOF_SHORT 2
| #define SIZEOF_SIZE_T 8
| /* end confdefs.h.  */
| #include <stdio.h>
| #ifdef HAVE_SYS_TYPES_H
| # include <sys/types.h>
| #endif
| #ifdef HAVE_SYS_STAT_H
| # include <sys/stat.h>
| #endif
| #ifdef STDC_HEADERS
| # include <stdlib.h>
| # include <stddef.h>
| #else
| # ifdef HAVE_STDLIB_H
| #  include <stdlib.h>
| # endif
| #endif
| #ifdef HAVE_STRING_H
| # if !defined STDC_HEADERS && defined HAVE_MEMORY_H
| #  include <memory.h>
| # endif
| # include <string.h>
| #endif
| #ifdef HAVE_STRINGS_H
| # include <strings.h>
| #endif
| #ifdef HAVE_INTTYPES_H
| # include <inttypes.h>
| #endif
| #ifdef HAVE_STDINT_H
| # include <stdint.h>
| #endif
| #ifdef HAVE_UNISTD_H
| # include <unistd.h>
| #endif
| int
| main ()
| {
| static int test_array [1 - 2 * !(((long int) (sizeof (void *))) <= 0)];
| test_array [0] = 0;
| return test_array [0];
| 
|   ;
|   return 0;
| }
configure:14081: /exports/toolchains/common/aarch64-linux-gnu/bin/aarch64-linux-gnu-gcc -c -w -Wall -fno-strict-aliasing -w conftest.c >&5
conftest.c: In function 'main':
conftest.c:138:12: error: size of array 'test_array' is negative
 static int test_array [1 - 2 * !(((long int) (sizeof (void *))) <= 1)];
            ^
configure:14081: $? = 1
configure: failed program was:
| /* confdefs.h */
| #define PACKAGE_NAME ""
| #define PACKAGE_TARNAME ""
| #define PACKAGE_VERSION ""
| #define PACKAGE_STRING ""
| #define PACKAGE_BUGREPORT ""
| #define PACKAGE_URL ""
| #define PACKAGE "libevent"
| #define VERSION "2.0.22-stable"
| #define NUMERIC_VERSION 0x02001600
| #define STDC_HEADERS 1
| #define HAVE_SYS_TYPES_H 1
| #define HAVE_SYS_STAT_H 1
| #define HAVE_STDLIB_H 1
| #define HAVE_STRING_H 1
| #define HAVE_MEMORY_H 1
| #define HAVE_STRINGS_H 1
| #define HAVE_INTTYPES_H 1
| #define HAVE_STDINT_H 1
| #define HAVE_UNISTD_H 1
| #define HAVE_DLFCN_H 1
| #define LT_OBJDIR ".libs/"
| #define STDC_HEADERS 1
| #define HAVE_FCNTL_H 1
| #define HAVE_STDARG_H 1
| #define HAVE_INTTYPES_H 1
| #define HAVE_STDINT_H 1
| #define HAVE_STDDEF_H 1
| #define HAVE_POLL_H 1
| #define HAVE_UNISTD_H 1
| #define HAVE_SYS_EPOLL_H 1
| #define HAVE_SYS_TIME_H 1
| #define HAVE_SYS_QUEUE_H 1
| #define HAVE_SYS_PARAM_H 1
| #define HAVE_SYS_IOCTL_H 1
| #define HAVE_SYS_SELECT_H 1
| #define HAVE_NETINET_IN_H 1
| #define HAVE_SYS_SOCKET_H 1
| #define HAVE_SYS_UIO_H 1
| #define HAVE_ARPA_INET_H 1
| #define HAVE_SYS_EVENTFD_H 1
| #define HAVE_SYS_MMAN_H 1
| #define HAVE_SYS_SENDFILE_H 1
| #define HAVE_SYS_WAIT_H 1
| #define HAVE_NETDB_H 1
| #define HAVE_SYS_STAT_H 1
| #define HAVE_SYS_SYSCTL_H 1
| #define HAVE_TAILQFOREACH 1
| #define HAVE_TIMERADD 1
| #define HAVE_TIMERCMP 1
| #define HAVE_TIMERCLEAR 1
| #define HAVE_TIMERISSET 1
| #define HAVE_DECL_CTL_KERN 1
| #define HAVE_DECL_KERN_RANDOM 1
| #define HAVE_DECL_RANDOM_UUID 1
| #define HAVE_DECL_KERN_ARND 0
| #define TIME_WITH_SYS_TIME 1
| #define HAVE_GETTIMEOFDAY 1
| #define HAVE_VASPRINTF 1
| #define HAVE_FCNTL 1
| #define HAVE_CLOCK_GETTIME 1
| #define HAVE_STRTOK_R 1
| #define HAVE_STRSEP 1
| #define HAVE_GETNAMEINFO 1
| #define HAVE_INET_NTOP 1
| #define HAVE_INET_PTON 1
| #define HAVE_SIGNAL 1
| #define HAVE_SIGACTION 1
| #define HAVE_STRTOLL 1
| #define HAVE_INET_ATON 1
| #define HAVE_PIPE 1
| #define HAVE_EVENTFD 1
| #define HAVE_SENDFILE 1
| #define HAVE_MMAP 1
| #define HAVE_SPLICE 1
| #define HAVE_GETEUID 1
| #define HAVE_GETEGID 1
| #define HAVE_GETPROTOBYNUMBER 1
| #define HAVE_SETENV 1
| #define HAVE_UNSETENV 1
| #define HAVE_PUTENV 1
| #define HAVE_UMASK 1
| #define HAVE_GETADDRINFO 1
| #define SIZEOF_LONG 8
| #define HAVE_SETFD 1
| #define HAVE_SELECT 1
| #define HAVE_POLL 1
| #define HAVE_EPOLL_CTL 1
| #define HAVE_EPOLL 1
| #define HAVE_UINT64_T 1
| #define HAVE_UINT32_T 1
| #define HAVE_UINT16_T 1
| #define HAVE_UINT8_T 1
| #define HAVE_UINTPTR_T 1
| #define HAVE_FD_MASK 1
| #define SIZEOF_LONG_LONG 8
| #define SIZEOF_LONG 8
| #define SIZEOF_INT 4
| #define SIZEOF_SHORT 2
| #define SIZEOF_SIZE_T 8
| /* end confdefs.h.  */
| #include <stdio.h>
| #ifdef HAVE_SYS_TYPES_H
| # include <sys/types.h>
| #endif
| #ifdef HAVE_SYS_STAT_H
| # include <sys/stat.h>
| #endif
| #ifdef STDC_HEADERS
| # include <stdlib.h>
| # include <stddef.h>
| #else
| # ifdef HAVE_STDLIB_H
| #  include <stdlib.h>
| # endif
| #endif
| #ifdef HAVE_STRING_H
| # if !defined STDC_HEADERS && defined HAVE_MEMORY_H
| #  include <memory.h>
| # endif
| # include <string.h>
| #endif
| #ifdef HAVE_STRINGS_H
| # include <strings.h>
| #endif
| #ifdef HAVE_INTTYPES_H
| # include <inttypes.h>
| #endif
| #ifdef HAVE_STDINT_H
| # include <stdint.h>
| #endif
| #ifdef HAVE_UNISTD_H
| # include <unistd.h>
| #endif
| int
| main ()
| {
| static int test_array [1 - 2 * !(((long int) (sizeof (void *))) <= 1)];
| test_array [0] = 0;
| return test_array [0];
| 
|   ;
|   return 0;
| }
configure:14081: /exports/toolchains/common/aarch64-linux-gnu/bin/aarch64-linux-gnu-gcc -c -w -Wall -fno-strict-aliasing -w conftest.c >&5
conftest.c: In function 'main':
conftest.c:138:12: error: size of array 'test_array' is negative
 static int test_array [1 - 2 * !(((long int) (sizeof (void *))) <= 3)];
            ^
configure:14081: $? = 1
configure: failed program was:
| /* confdefs.h */
| #define PACKAGE_NAME ""
| #define PACKAGE_TARNAME ""
| #define PACKAGE_VERSION ""
| #define PACKAGE_STRING ""
| #define PACKAGE_BUGREPORT ""
| #define PACKAGE_URL ""
| #define PACKAGE "libevent"
| #define VERSION "2.0.22-stable"
| #define NUMERIC_VERSION 0x02001600
| #define STDC_HEADERS 1
| #define HAVE_SYS_TYPES_H 1
| #define HAVE_SYS_STAT_H 1
| #define HAVE_STDLIB_H 1
| #define HAVE_STRING_H 1
| #define HAVE_MEMORY_H 1
| #define HAVE_STRINGS_H 1
| #define HAVE_INTTYPES_H 1
| #define HAVE_STDINT_H 1
| #define HAVE_UNISTD_H 1
| #define HAVE_DLFCN_H 1
| #define LT_OBJDIR ".libs/"
| #define STDC_HEADERS 1
| #define HAVE_FCNTL_H 1
| #define HAVE_STDARG_H 1
| #define HAVE_INTTYPES_H 1
| #define HAVE_STDINT_H 1
| #define HAVE_STDDEF_H 1
| #define HAVE_POLL_H 1
| #define HAVE_UNISTD_H 1
| #define HAVE_SYS_EPOLL_H 1
| #define HAVE_SYS_TIME_H 1
| #define HAVE_SYS_QUEUE_H 1
| #define HAVE_SYS_PARAM_H 1
| #define HAVE_SYS_IOCTL_H 1
| #define HAVE_SYS_SELECT_H 1
| #define HAVE_NETINET_IN_H 1
| #define HAVE_SYS_SOCKET_H 1
| #define HAVE_SYS_UIO_H 1
| #define HAVE_ARPA_INET_H 1
| #define HAVE_SYS_EVENTFD_H 1
| #define HAVE_SYS_MMAN_H 1
| #define HAVE_SYS_SENDFILE_H 1
| #define HAVE_SYS_WAIT_H 1
| #define HAVE_NETDB_H 1
| #define HAVE_SYS_STAT_H 1
| #define HAVE_SYS_SYSCTL_H 1
| #define HAVE_TAILQFOREACH 1
| #define HAVE_TIMERADD 1
| #define HAVE_TIMERCMP 1
| #define HAVE_TIMERCLEAR 1
| #define HAVE_TIMERISSET 1
| #define HAVE_DECL_CTL_KERN 1
| #define HAVE_DECL_KERN_RANDOM 1
| #define HAVE_DECL_RANDOM_UUID 1
| #define HAVE_DECL_KERN_ARND 0
| #define TIME_WITH_SYS_TIME 1
| #define HAVE_GETTIMEOFDAY 1
| #define HAVE_VASPRINTF 1
| #define HAVE_FCNTL 1
| #define HAVE_CLOCK_GETTIME 1
| #define HAVE_STRTOK_R 1
| #define HAVE_STRSEP 1
| #define HAVE_GETNAMEINFO 1
| #define HAVE_INET_NTOP 1
| #define HAVE_INET_PTON 1
| #define HAVE_SIGNAL 1
| #define HAVE_SIGACTION 1
| #define HAVE_STRTOLL 1
| #define HAVE_INET_ATON 1
| #define HAVE_PIPE 1
| #define HAVE_EVENTFD 1
| #define HAVE_SENDFILE 1
| #define HAVE_MMAP 1
| #define HAVE_SPLICE 1
| #define HAVE_GETEUID 1
| #define HAVE_GETEGID 1
| #define HAVE_GETPROTOBYNUMBER 1
| #define HAVE_SETENV 1
| #define HAVE_UNSETENV 1
| #define HAVE_PUTENV 1
| #define HAVE_UMASK 1
| #define HAVE_GETADDRINFO 1
| #define SIZEOF_LONG 8
| #define HAVE_SETFD 1
| #define HAVE_SELECT 1
| #define HAVE_POLL 1
| #define HAVE_EPOLL_CTL 1
| #define HAVE_EPOLL 1
| #define HAVE_UINT64_T 1
| #define HAVE_UINT32_T 1
| #define HAVE_UINT16_T 1
| #define HAVE_UINT8_T 1
| #define HAVE_UINTPTR_T 1
| #define HAVE_FD_MASK 1
| #define SIZEOF_LONG_LONG 8
| #define SIZEOF_LONG 8
| #define SIZEOF_INT 4
| #define SIZEOF_SHORT 2
| #define SIZEOF_SIZE_T 8
| /* end confdefs.h.  */
| #include <stdio.h>
| #ifdef HAVE_SYS_TYPES_H
| # include <sys/types.h>
| #endif
| #ifdef HAVE_SYS_STAT_H
| # include <sys/stat.h>
| #endif
| #ifdef STDC_HEADERS
| # include <stdlib.h>
| # include <stddef.h>
| #else
| # ifdef HAVE_STDLIB_H
| #  include <stdlib.h>
| # endif
| #endif
| #ifdef HAVE_STRING_H
| # if !defined STDC_HEADERS && defined HAVE_MEMORY_H
| #  include <memory.h>
| # endif
| # include <string.h>
| #endif
| #ifdef HAVE_STRINGS_H
| # include <strings.h>
| #endif
| #ifdef HAVE_INTTYPES_H
| # include <inttypes.h>
| #endif
| #ifdef HAVE_STDINT_H
| # include <stdint.h>
| #endif
| #ifdef HAVE_UNISTD_H
| # include <unistd.h>
| #endif
| int
| main ()
| {
| static int test_array [1 - 2 * !(((long int) (sizeof (void *))) <= 3)];
| test_array [0] = 0;
| return test_array [0];
| 
|   ;
|   return 0;
| }
configure:14081: /exports/toolchains/common/aarch64-linux-gnu/bin/aarch64-linux-gnu-gcc -c -w -Wall -fno-strict-aliasing -w conftest.c >&5
conftest.c: In function 'main':
conftest.c:138:12: error: size of array 'test_array' is negative
 static int test_array [1 - 2 * !(((long int) (sizeof (void *))) <= 7)];
            ^
configure:14081: $? = 1
configure: failed program was:
| /* confdefs.h */
| #define PACKAGE_NAME ""
| #define PACKAGE_TARNAME ""
| #define PACKAGE_VERSION ""
| #define PACKAGE_STRING ""
| #define PACKAGE_BUGREPORT ""
| #define PACKAGE_URL ""
| #define PACKAGE "libevent"
| #define VERSION "2.0.22-stable"
| #define NUMERIC_VERSION 0x02001600
| #define STDC_HEADERS 1
| #define HAVE_SYS_TYPES_H 1
| #define HAVE_SYS_STAT_H 1
| #define HAVE_STDLIB_H 1
| #define HAVE_STRING_H 1
| #define HAVE_MEMORY_H 1
| #define HAVE_STRINGS_H 1
| #define HAVE_INTTYPES_H 1
| #define HAVE_STDINT_H 1
| #define HAVE_UNISTD_H 1
| #define HAVE_DLFCN_H 1
| #define LT_OBJDIR ".libs/"
| #define STDC_HEADERS 1
| #define HAVE_FCNTL_H 1
| #define HAVE_STDARG_H 1
| #define HAVE_INTTYPES_H 1
| #define HAVE_STDINT_H 1
| #define HAVE_STDDEF_H 1
| #define HAVE_POLL_H 1
| #define HAVE_UNISTD_H 1
| #define HAVE_SYS_EPOLL_H 1
| #define HAVE_SYS_TIME_H 1
| #define HAVE_SYS_QUEUE_H 1
| #define HAVE_SYS_PARAM_H 1
| #define HAVE_SYS_IOCTL_H 1
| #define HAVE_SYS_SELECT_H 1
| #define HAVE_NETINET_IN_H 1
| #define HAVE_SYS_SOCKET_H 1
| #define HAVE_SYS_UIO_H 1
| #define HAVE_ARPA_INET_H 1
| #define HAVE_SYS_EVENTFD_H 1
| #define HAVE_SYS_MMAN_H 1
| #define HAVE_SYS_SENDFILE_H 1
| #define HAVE_SYS_WAIT_H 1
| #define HAVE_NETDB_H 1
| #define HAVE_SYS_STAT_H 1
| #define HAVE_SYS_SYSCTL_H 1
| #define HAVE_TAILQFOREACH 1
| #define HAVE_TIMERADD 1
| #define HAVE_TIMERCMP 1
| #define HAVE_TIMERCLEAR 1
| #define HAVE_TIMERISSET 1
| #define HAVE_DECL_CTL_KERN 1
| #define HAVE_DECL_KERN_RANDOM 1
| #define HAVE_DECL_RANDOM_UUID 1
| #define HAVE_DECL_KERN_ARND 0
| #define TIME_WITH_SYS_TIME 1
| #define HAVE_GETTIMEOFDAY 1
| #define HAVE_VASPRINTF 1
| #define HAVE_FCNTL 1
| #define HAVE_CLOCK_GETTIME 1
| #define HAVE_STRTOK_R 1
| #define HAVE_STRSEP 1
| #define HAVE_GETNAMEINFO 1
| #define HAVE_INET_NTOP 1
| #define HAVE_INET_PTON 1
| #define HAVE_SIGNAL 1
| #define HAVE_SIGACTION 1
| #define HAVE_STRTOLL 1
| #define HAVE_INET_ATON 1
| #define HAVE_PIPE 1
| #define HAVE_EVENTFD 1
| #define HAVE_SENDFILE 1
| #define HAVE_MMAP 1
| #define HAVE_SPLICE 1
| #define HAVE_GETEUID 1
| #define HAVE_GETEGID 1
| #define HAVE_GETPROTOBYNUMBER 1
| #define HAVE_SETENV 1
| #define HAVE_UNSETENV 1
| #define HAVE_PUTENV 1
| #define HAVE_UMASK 1
| #define HAVE_GETADDRINFO 1
| #define SIZEOF_LONG 8
| #define HAVE_SETFD 1
| #define HAVE_SELECT 1
| #define HAVE_POLL 1
| #define HAVE_EPOLL_CTL 1
| #define HAVE_EPOLL 1
| #define HAVE_UINT64_T 1
| #define HAVE_UINT32_T 1
| #define HAVE_UINT16_T 1
| #define HAVE_UINT8_T 1
| #define HAVE_UINTPTR_T 1
| #define HAVE_FD_MASK 1
| #define SIZEOF_LONG_LONG 8
| #define SIZEOF_LONG 8
| #define SIZEOF_INT 4
| #define SIZEOF_SHORT 2
| #define SIZEOF_SIZE_T 8
| /* end confdefs.h.  */
| #include <stdio.h>
| #ifdef HAVE_SYS_TYPES_H
| # include <sys/types.h>
| #endif
| #ifdef HAVE_SYS_STAT_H
| # include <sys/stat.h>
| #endif
| #ifdef STDC_HEADERS
| # include <stdlib.h>
| # include <stddef.h>
| #else
| # ifdef HAVE_STDLIB_H
| #  include <stdlib.h>
| # endif
| #endif
| #ifdef HAVE_STRING_H
| # if !defined STDC_HEADERS && defined HAVE_MEMORY_H
| #  include <memory.h>
| # endif
| # include <string.h>
| #endif
| #ifdef HAVE_STRINGS_H
| # include <strings.h>
| #endif
| #ifdef HAVE_INTTYPES_H
| # include <inttypes.h>
| #endif
| #ifdef HAVE_STDINT_H
| # include <stdint.h>
| #endif
| #ifdef HAVE_UNISTD_H
| # include <unistd.h>
| #endif
| int
| main ()
| {
| static int test_array [1 - 2 * !(((long int) (sizeof (void *))) <= 7)];
| test_array [0] = 0;
| return test_array [0];
| 
|   ;
|   return 0;
| }
configure:14081: /exports/toolchains/common/aarch64-linux-gnu/bin/aarch64-linux-gnu-gcc -c -w -Wall -fno-strict-aliasing -w conftest.c >&5
configure:14081: $? = 0
configure:14081: /exports/toolchains/common/aarch64-linux-gnu/bin/aarch64-linux-gnu-gcc -c -w -Wall -fno-strict-aliasing -w conftest.c >&5
configure:14081: $? = 0
configure:14081: /exports/toolchains/common/aarch64-linux-gnu/bin/aarch64-linux-gnu-gcc -c -w -Wall -fno-strict-aliasing -w conftest.c >&5
configure:14081: $? = 0
configure:14081: /exports/toolchains/common/aarch64-linux-gnu/bin/aarch64-linux-gnu-gcc -c -w -Wall -fno-strict-aliasing -w conftest.c >&5
configure:14081: $? = 0
configure:14095: result: 8
configure:14109: checking size of off_t
configure:14114: /exports/toolchains/common/aarch64-linux-gnu/bin/aarch64-linux-gnu-gcc -c -w -Wall -fno-strict-aliasing -w conftest.c >&5
configure:14114: $? = 0
configure:14114: /exports/toolchains/common/aarch64-linux-gnu/bin/aarch64-linux-gnu-gcc -c -w -Wall -fno-strict-aliasing -w conftest.c >&5
conftest.c: In function 'main':
conftest.c:139:12: error: size of array 'test_array' is negative
 static int test_array [1 - 2 * !(((long int) (sizeof (off_t))) <= 0)];
            ^
configure:14114: $? = 1
configure: failed program was:
| /* confdefs.h */
| #define PACKAGE_NAME ""
| #define PACKAGE_TARNAME ""
| #define PACKAGE_VERSION ""
| #define PACKAGE_STRING ""
| #define PACKAGE_BUGREPORT ""
| #define PACKAGE_URL ""
| #define PACKAGE "libevent"
| #define VERSION "2.0.22-stable"
| #define NUMERIC_VERSION 0x02001600
| #define STDC_HEADERS 1
| #define HAVE_SYS_TYPES_H 1
| #define HAVE_SYS_STAT_H 1
| #define HAVE_STDLIB_H 1
| #define HAVE_STRING_H 1
| #define HAVE_MEMORY_H 1
| #define HAVE_STRINGS_H 1
| #define HAVE_INTTYPES_H 1
| #define HAVE_STDINT_H 1
| #define HAVE_UNISTD_H 1
| #define HAVE_DLFCN_H 1
| #define LT_OBJDIR ".libs/"
| #define STDC_HEADERS 1
| #define HAVE_FCNTL_H 1
| #define HAVE_STDARG_H 1
| #define HAVE_INTTYPES_H 1
| #define HAVE_STDINT_H 1
| #define HAVE_STDDEF_H 1
| #define HAVE_POLL_H 1
| #define HAVE_UNISTD_H 1
| #define HAVE_SYS_EPOLL_H 1
| #define HAVE_SYS_TIME_H 1
| #define HAVE_SYS_QUEUE_H 1
| #define HAVE_SYS_PARAM_H 1
| #define HAVE_SYS_IOCTL_H 1
| #define HAVE_SYS_SELECT_H 1
| #define HAVE_NETINET_IN_H 1
| #define HAVE_SYS_SOCKET_H 1
| #define HAVE_SYS_UIO_H 1
| #define HAVE_ARPA_INET_H 1
| #define HAVE_SYS_EVENTFD_H 1
| #define HAVE_SYS_MMAN_H 1
| #define HAVE_SYS_SENDFILE_H 1
| #define HAVE_SYS_WAIT_H 1
| #define HAVE_NETDB_H 1
| #define HAVE_SYS_STAT_H 1
| #define HAVE_SYS_SYSCTL_H 1
| #define HAVE_TAILQFOREACH 1
| #define HAVE_TIMERADD 1
| #define HAVE_TIMERCMP 1
| #define HAVE_TIMERCLEAR 1
| #define HAVE_TIMERISSET 1
| #define HAVE_DECL_CTL_KERN 1
| #define HAVE_DECL_KERN_RANDOM 1
| #define HAVE_DECL_RANDOM_UUID 1
| #define HAVE_DECL_KERN_ARND 0
| #define TIME_WITH_SYS_TIME 1
| #define HAVE_GETTIMEOFDAY 1
| #define HAVE_VASPRINTF 1
| #define HAVE_FCNTL 1
| #define HAVE_CLOCK_GETTIME 1
| #define HAVE_STRTOK_R 1
| #define HAVE_STRSEP 1
| #define HAVE_GETNAMEINFO 1
| #define HAVE_INET_NTOP 1
| #define HAVE_INET_PTON 1
| #define HAVE_SIGNAL 1
| #define HAVE_SIGACTION 1
| #define HAVE_STRTOLL 1
| #define HAVE_INET_ATON 1
| #define HAVE_PIPE 1
| #define HAVE_EVENTFD 1
| #define HAVE_SENDFILE 1
| #define HAVE_MMAP 1
| #define HAVE_SPLICE 1
| #define HAVE_GETEUID 1
| #define HAVE_GETEGID 1
| #define HAVE_GETPROTOBYNUMBER 1
| #define HAVE_SETENV 1
| #define HAVE_UNSETENV 1
| #define HAVE_PUTENV 1
| #define HAVE_UMASK 1
| #define HAVE_GETADDRINFO 1
| #define SIZEOF_LONG 8
| #define HAVE_SETFD 1
| #define HAVE_SELECT 1
| #define HAVE_POLL 1
| #define HAVE_EPOLL_CTL 1
| #define HAVE_EPOLL 1
| #define HAVE_UINT64_T 1
| #define HAVE_UINT32_T 1
| #define HAVE_UINT16_T 1
| #define HAVE_UINT8_T 1
| #define HAVE_UINTPTR_T 1
| #define HAVE_FD_MASK 1
| #define SIZEOF_LONG_LONG 8
| #define SIZEOF_LONG 8
| #define SIZEOF_INT 4
| #define SIZEOF_SHORT 2
| #define SIZEOF_SIZE_T 8
| #define SIZEOF_VOID_P 8
| /* end confdefs.h.  */
| #include <stdio.h>
| #ifdef HAVE_SYS_TYPES_H
| # include <sys/types.h>
| #endif
| #ifdef HAVE_SYS_STAT_H
| # include <sys/stat.h>
| #endif
| #ifdef STDC_HEADERS
| # include <stdlib.h>
| # include <stddef.h>
| #else
| # ifdef HAVE_STDLIB_H
| #  include <stdlib.h>
| # endif
| #endif
| #ifdef HAVE_STRING_H
| # if !defined STDC_HEADERS && defined HAVE_MEMORY_H
| #  include <memory.h>
| # endif
| # include <string.h>
| #endif
| #ifdef HAVE_STRINGS_H
| # include <strings.h>
| #endif
| #ifdef HAVE_INTTYPES_H
| # include <inttypes.h>
| #endif
| #ifdef HAVE_STDINT_H
| # include <stdint.h>
| #endif
| #ifdef HAVE_UNISTD_H
| # include <unistd.h>
| #endif
| int
| main ()
| {
| static int test_array [1 - 2 * !(((long int) (sizeof (off_t))) <= 0)];
| test_array [0] = 0;
| return test_array [0];
| 
|   ;
|   return 0;
| }
configure:14114: /exports/toolchains/common/aarch64-linux-gnu/bin/aarch64-linux-gnu-gcc -c -w -Wall -fno-strict-aliasing -w conftest.c >&5
conftest.c: In function 'main':
conftest.c:139:12: error: size of array 'test_array' is negative
 static int test_array [1 - 2 * !(((long int) (sizeof (off_t))) <= 1)];
            ^
configure:14114: $? = 1
configure: failed program was:
| /* confdefs.h */
| #define PACKAGE_NAME ""
| #define PACKAGE_TARNAME ""
| #define PACKAGE_VERSION ""
| #define PACKAGE_STRING ""
| #define PACKAGE_BUGREPORT ""
| #define PACKAGE_URL ""
| #define PACKAGE "libevent"
| #define VERSION "2.0.22-stable"
| #define NUMERIC_VERSION 0x02001600
| #define STDC_HEADERS 1
| #define HAVE_SYS_TYPES_H 1
| #define HAVE_SYS_STAT_H 1
| #define HAVE_STDLIB_H 1
| #define HAVE_STRING_H 1
| #define HAVE_MEMORY_H 1
| #define HAVE_STRINGS_H 1
| #define HAVE_INTTYPES_H 1
| #define HAVE_STDINT_H 1
| #define HAVE_UNISTD_H 1
| #define HAVE_DLFCN_H 1
| #define LT_OBJDIR ".libs/"
| #define STDC_HEADERS 1
| #define HAVE_FCNTL_H 1
| #define HAVE_STDARG_H 1
| #define HAVE_INTTYPES_H 1
| #define HAVE_STDINT_H 1
| #define HAVE_STDDEF_H 1
| #define HAVE_POLL_H 1
| #define HAVE_UNISTD_H 1
| #define HAVE_SYS_EPOLL_H 1
| #define HAVE_SYS_TIME_H 1
| #define HAVE_SYS_QUEUE_H 1
| #define HAVE_SYS_PARAM_H 1
| #define HAVE_SYS_IOCTL_H 1
| #define HAVE_SYS_SELECT_H 1
| #define HAVE_NETINET_IN_H 1
| #define HAVE_SYS_SOCKET_H 1
| #define HAVE_SYS_UIO_H 1
| #define HAVE_ARPA_INET_H 1
| #define HAVE_SYS_EVENTFD_H 1
| #define HAVE_SYS_MMAN_H 1
| #define HAVE_SYS_SENDFILE_H 1
| #define HAVE_SYS_WAIT_H 1
| #define HAVE_NETDB_H 1
| #define HAVE_SYS_STAT_H 1
| #define HAVE_SYS_SYSCTL_H 1
| #define HAVE_TAILQFOREACH 1
| #define HAVE_TIMERADD 1
| #define HAVE_TIMERCMP 1
| #define HAVE_TIMERCLEAR 1
| #define HAVE_TIMERISSET 1
| #define HAVE_DECL_CTL_KERN 1
| #define HAVE_DECL_KERN_RANDOM 1
| #define HAVE_DECL_RANDOM_UUID 1
| #define HAVE_DECL_KERN_ARND 0
| #define TIME_WITH_SYS_TIME 1
| #define HAVE_GETTIMEOFDAY 1
| #define HAVE_VASPRINTF 1
| #define HAVE_FCNTL 1
| #define HAVE_CLOCK_GETTIME 1
| #define HAVE_STRTOK_R 1
| #define HAVE_STRSEP 1
| #define HAVE_GETNAMEINFO 1
| #define HAVE_INET_NTOP 1
| #define HAVE_INET_PTON 1
| #define HAVE_SIGNAL 1
| #define HAVE_SIGACTION 1
| #define HAVE_STRTOLL 1
| #define HAVE_INET_ATON 1
| #define HAVE_PIPE 1
| #define HAVE_EVENTFD 1
| #define HAVE_SENDFILE 1
| #define HAVE_MMAP 1
| #define HAVE_SPLICE 1
| #define HAVE_GETEUID 1
| #define HAVE_GETEGID 1
| #define HAVE_GETPROTOBYNUMBER 1
| #define HAVE_SETENV 1
| #define HAVE_UNSETENV 1
| #define HAVE_PUTENV 1
| #define HAVE_UMASK 1
| #define HAVE_GETADDRINFO 1
| #define SIZEOF_LONG 8
| #define HAVE_SETFD 1
| #define HAVE_SELECT 1
| #define HAVE_POLL 1
| #define HAVE_EPOLL_CTL 1
| #define HAVE_EPOLL 1
| #define HAVE_UINT64_T 1
| #define HAVE_UINT32_T 1
| #define HAVE_UINT16_T 1
| #define HAVE_UINT8_T 1
| #define HAVE_UINTPTR_T 1
| #define HAVE_FD_MASK 1
| #define SIZEOF_LONG_LONG 8
| #define SIZEOF_LONG 8
| #define SIZEOF_INT 4
| #define SIZEOF_SHORT 2
| #define SIZEOF_SIZE_T 8
| #define SIZEOF_VOID_P 8
| /* end confdefs.h.  */
| #include <stdio.h>
| #ifdef HAVE_SYS_TYPES_H
| # include <sys/types.h>
| #endif
| #ifdef HAVE_SYS_STAT_H
| # include <sys/stat.h>
| #endif
| #ifdef STDC_HEADERS
| # include <stdlib.h>
| # include <stddef.h>
| #else
| # ifdef HAVE_STDLIB_H
| #  include <stdlib.h>
| # endif
| #endif
| #ifdef HAVE_STRING_H
| # if !defined STDC_HEADERS && defined HAVE_MEMORY_H
| #  include <memory.h>
| # endif
| # include <string.h>
| #endif
| #ifdef HAVE_STRINGS_H
| # include <strings.h>
| #endif
| #ifdef HAVE_INTTYPES_H
| # include <inttypes.h>
| #endif
| #ifdef HAVE_STDINT_H
| # include <stdint.h>
| #endif
| #ifdef HAVE_UNISTD_H
| # include <unistd.h>
| #endif
| int
| main ()
| {
| static int test_array [1 - 2 * !(((long int) (sizeof (off_t))) <= 1)];
| test_array [0] = 0;
| return test_array [0];
| 
|   ;
|   return 0;
| }
configure:14114: /exports/toolchains/common/aarch64-linux-gnu/bin/aarch64-linux-gnu-gcc -c -w -Wall -fno-strict-aliasing -w conftest.c >&5
conftest.c: In function 'main':
conftest.c:139:12: error: size of array 'test_array' is negative
 static int test_array [1 - 2 * !(((long int) (sizeof (off_t))) <= 3)];
            ^
configure:14114: $? = 1
configure: failed program was:
| /* confdefs.h */
| #define PACKAGE_NAME ""
| #define PACKAGE_TARNAME ""
| #define PACKAGE_VERSION ""
| #define PACKAGE_STRING ""
| #define PACKAGE_BUGREPORT ""
| #define PACKAGE_URL ""
| #define PACKAGE "libevent"
| #define VERSION "2.0.22-stable"
| #define NUMERIC_VERSION 0x02001600
| #define STDC_HEADERS 1
| #define HAVE_SYS_TYPES_H 1
| #define HAVE_SYS_STAT_H 1
| #define HAVE_STDLIB_H 1
| #define HAVE_STRING_H 1
| #define HAVE_MEMORY_H 1
| #define HAVE_STRINGS_H 1
| #define HAVE_INTTYPES_H 1
| #define HAVE_STDINT_H 1
| #define HAVE_UNISTD_H 1
| #define HAVE_DLFCN_H 1
| #define LT_OBJDIR ".libs/"
| #define STDC_HEADERS 1
| #define HAVE_FCNTL_H 1
| #define HAVE_STDARG_H 1
| #define HAVE_INTTYPES_H 1
| #define HAVE_STDINT_H 1
| #define HAVE_STDDEF_H 1
| #define HAVE_POLL_H 1
| #define HAVE_UNISTD_H 1
| #define HAVE_SYS_EPOLL_H 1
| #define HAVE_SYS_TIME_H 1
| #define HAVE_SYS_QUEUE_H 1
| #define HAVE_SYS_PARAM_H 1
| #define HAVE_SYS_IOCTL_H 1
| #define HAVE_SYS_SELECT_H 1
| #define HAVE_NETINET_IN_H 1
| #define HAVE_SYS_SOCKET_H 1
| #define HAVE_SYS_UIO_H 1
| #define HAVE_ARPA_INET_H 1
| #define HAVE_SYS_EVENTFD_H 1
| #define HAVE_SYS_MMAN_H 1
| #define HAVE_SYS_SENDFILE_H 1
| #define HAVE_SYS_WAIT_H 1
| #define HAVE_NETDB_H 1
| #define HAVE_SYS_STAT_H 1
| #define HAVE_SYS_SYSCTL_H 1
| #define HAVE_TAILQFOREACH 1
| #define HAVE_TIMERADD 1
| #define HAVE_TIMERCMP 1
| #define HAVE_TIMERCLEAR 1
| #define HAVE_TIMERISSET 1
| #define HAVE_DECL_CTL_KERN 1
| #define HAVE_DECL_KERN_RANDOM 1
| #define HAVE_DECL_RANDOM_UUID 1
| #define HAVE_DECL_KERN_ARND 0
| #define TIME_WITH_SYS_TIME 1
| #define HAVE_GETTIMEOFDAY 1
| #define HAVE_VASPRINTF 1
| #define HAVE_FCNTL 1
| #define HAVE_CLOCK_GETTIME 1
| #define HAVE_STRTOK_R 1
| #define HAVE_STRSEP 1
| #define HAVE_GETNAMEINFO 1
| #define HAVE_INET_NTOP 1
| #define HAVE_INET_PTON 1
| #define HAVE_SIGNAL 1
| #define HAVE_SIGACTION 1
| #define HAVE_STRTOLL 1
| #define HAVE_INET_ATON 1
| #define HAVE_PIPE 1
| #define HAVE_EVENTFD 1
| #define HAVE_SENDFILE 1
| #define HAVE_MMAP 1
| #define HAVE_SPLICE 1
| #define HAVE_GETEUID 1
| #define HAVE_GETEGID 1
| #define HAVE_GETPROTOBYNUMBER 1
| #define HAVE_SETENV 1
| #define HAVE_UNSETENV 1
| #define HAVE_PUTENV 1
| #define HAVE_UMASK 1
| #define HAVE_GETADDRINFO 1
| #define SIZEOF_LONG 8
| #define HAVE_SETFD 1
| #define HAVE_SELECT 1
| #define HAVE_POLL 1
| #define HAVE_EPOLL_CTL 1
| #define HAVE_EPOLL 1
| #define HAVE_UINT64_T 1
| #define HAVE_UINT32_T 1
| #define HAVE_UINT16_T 1
| #define HAVE_UINT8_T 1
| #define HAVE_UINTPTR_T 1
| #define HAVE_FD_MASK 1
| #define SIZEOF_LONG_LONG 8
| #define SIZEOF_LONG 8
| #define SIZEOF_INT 4
| #define SIZEOF_SHORT 2
| #define SIZEOF_SIZE_T 8
| #define SIZEOF_VOID_P 8
| /* end confdefs.h.  */
| #include <stdio.h>
| #ifdef HAVE_SYS_TYPES_H
| # include <sys/types.h>
| #endif
| #ifdef HAVE_SYS_STAT_H
| # include <sys/stat.h>
| #endif
| #ifdef STDC_HEADERS
| # include <stdlib.h>
| # include <stddef.h>
| #else
| # ifdef HAVE_STDLIB_H
| #  include <stdlib.h>
| # endif
| #endif
| #ifdef HAVE_STRING_H
| # if !defined STDC_HEADERS && defined HAVE_MEMORY_H
| #  include <memory.h>
| # endif
| # include <string.h>
| #endif
| #ifdef HAVE_STRINGS_H
| # include <strings.h>
| #endif
| #ifdef HAVE_INTTYPES_H
| # include <inttypes.h>
| #endif
| #ifdef HAVE_STDINT_H
| # include <stdint.h>
| #endif
| #ifdef HAVE_UNISTD_H
| # include <unistd.h>
| #endif
| int
| main ()
| {
| static int test_array [1 - 2 * !(((long int) (sizeof (off_t))) <= 3)];
| test_array [0] = 0;
| return test_array [0];
| 
|   ;
|   return 0;
| }
configure:14114: /exports/toolchains/common/aarch64-linux-gnu/bin/aarch64-linux-gnu-gcc -c -w -Wall -fno-strict-aliasing -w conftest.c >&5
conftest.c: In function 'main':
conftest.c:139:12: error: size of array 'test_array' is negative
 static int test_array [1 - 2 * !(((long int) (sizeof (off_t))) <= 7)];
            ^
configure:14114: $? = 1
configure: failed program was:
| /* confdefs.h */
| #define PACKAGE_NAME ""
| #define PACKAGE_TARNAME ""
| #define PACKAGE_VERSION ""
| #define PACKAGE_STRING ""
| #define PACKAGE_BUGREPORT ""
| #define PACKAGE_URL ""
| #define PACKAGE "libevent"
| #define VERSION "2.0.22-stable"
| #define NUMERIC_VERSION 0x02001600
| #define STDC_HEADERS 1
| #define HAVE_SYS_TYPES_H 1
| #define HAVE_SYS_STAT_H 1
| #define HAVE_STDLIB_H 1
| #define HAVE_STRING_H 1
| #define HAVE_MEMORY_H 1
| #define HAVE_STRINGS_H 1
| #define HAVE_INTTYPES_H 1
| #define HAVE_STDINT_H 1
| #define HAVE_UNISTD_H 1
| #define HAVE_DLFCN_H 1
| #define LT_OBJDIR ".libs/"
| #define STDC_HEADERS 1
| #define HAVE_FCNTL_H 1
| #define HAVE_STDARG_H 1
| #define HAVE_INTTYPES_H 1
| #define HAVE_STDINT_H 1
| #define HAVE_STDDEF_H 1
| #define HAVE_POLL_H 1
| #define HAVE_UNISTD_H 1
| #define HAVE_SYS_EPOLL_H 1
| #define HAVE_SYS_TIME_H 1
| #define HAVE_SYS_QUEUE_H 1
| #define HAVE_SYS_PARAM_H 1
| #define HAVE_SYS_IOCTL_H 1
| #define HAVE_SYS_SELECT_H 1
| #define HAVE_NETINET_IN_H 1
| #define HAVE_SYS_SOCKET_H 1
| #define HAVE_SYS_UIO_H 1
| #define HAVE_ARPA_INET_H 1
| #define HAVE_SYS_EVENTFD_H 1
| #define HAVE_SYS_MMAN_H 1
| #define HAVE_SYS_SENDFILE_H 1
| #define HAVE_SYS_WAIT_H 1
| #define HAVE_NETDB_H 1
| #define HAVE_SYS_STAT_H 1
| #define HAVE_SYS_SYSCTL_H 1
| #define HAVE_TAILQFOREACH 1
| #define HAVE_TIMERADD 1
| #define HAVE_TIMERCMP 1
| #define HAVE_TIMERCLEAR 1
| #define HAVE_TIMERISSET 1
| #define HAVE_DECL_CTL_KERN 1
| #define HAVE_DECL_KERN_RANDOM 1
| #define HAVE_DECL_RANDOM_UUID 1
| #define HAVE_DECL_KERN_ARND 0
| #define TIME_WITH_SYS_TIME 1
| #define HAVE_GETTIMEOFDAY 1
| #define HAVE_VASPRINTF 1
| #define HAVE_FCNTL 1
| #define HAVE_CLOCK_GETTIME 1
| #define HAVE_STRTOK_R 1
| #define HAVE_STRSEP 1
| #define HAVE_GETNAMEINFO 1
| #define HAVE_INET_NTOP 1
| #define HAVE_INET_PTON 1
| #define HAVE_SIGNAL 1
| #define HAVE_SIGACTION 1
| #define HAVE_STRTOLL 1
| #define HAVE_INET_ATON 1
| #define HAVE_PIPE 1
| #define HAVE_EVENTFD 1
| #define HAVE_SENDFILE 1
| #define HAVE_MMAP 1
| #define HAVE_SPLICE 1
| #define HAVE_GETEUID 1
| #define HAVE_GETEGID 1
| #define HAVE_GETPROTOBYNUMBER 1
| #define HAVE_SETENV 1
| #define HAVE_UNSETENV 1
| #define HAVE_PUTENV 1
| #define HAVE_UMASK 1
| #define HAVE_GETADDRINFO 1
| #define SIZEOF_LONG 8
| #define HAVE_SETFD 1
| #define HAVE_SELECT 1
| #define HAVE_POLL 1
| #define HAVE_EPOLL_CTL 1
| #define HAVE_EPOLL 1
| #define HAVE_UINT64_T 1
| #define HAVE_UINT32_T 1
| #define HAVE_UINT16_T 1
| #define HAVE_UINT8_T 1
| #define HAVE_UINTPTR_T 1
| #define HAVE_FD_MASK 1
| #define SIZEOF_LONG_LONG 8
| #define SIZEOF_LONG 8
| #define SIZEOF_INT 4
| #define SIZEOF_SHORT 2
| #define SIZEOF_SIZE_T 8
| #define SIZEOF_VOID_P 8
| /* end confdefs.h.  */
| #include <stdio.h>
| #ifdef HAVE_SYS_TYPES_H
| # include <sys/types.h>
| #endif
| #ifdef HAVE_SYS_STAT_H
| # include <sys/stat.h>
| #endif
| #ifdef STDC_HEADERS
| # include <stdlib.h>
| # include <stddef.h>
| #else
| # ifdef HAVE_STDLIB_H
| #  include <stdlib.h>
| # endif
| #endif
| #ifdef HAVE_STRING_H
| # if !defined STDC_HEADERS && defined HAVE_MEMORY_H
| #  include <memory.h>
| # endif
| # include <string.h>
| #endif
| #ifdef HAVE_STRINGS_H
| # include <strings.h>
| #endif
| #ifdef HAVE_INTTYPES_H
| # include <inttypes.h>
| #endif
| #ifdef HAVE_STDINT_H
| # include <stdint.h>
| #endif
| #ifdef HAVE_UNISTD_H
| # include <unistd.h>
| #endif
| int
| main ()
| {
| static int test_array [1 - 2 * !(((long int) (sizeof (off_t))) <= 7)];
| test_array [0] = 0;
| return test_array [0];
| 
|   ;
|   return 0;
| }
configure:14114: /exports/toolchains/common/aarch64-linux-gnu/bin/aarch64-linux-gnu-gcc -c -w -Wall -fno-strict-aliasing -w conftest.c >&5
configure:14114: $? = 0
configure:14114: /exports/toolchains/common/aarch64-linux-gnu/bin/aarch64-linux-gnu-gcc -c -w -Wall -fno-strict-aliasing -w conftest.c >&5
configure:14114: $? = 0
configure:14114: /exports/toolchains/common/aarch64-linux-gnu/bin/aarch64-linux-gnu-gcc -c -w -Wall -fno-strict-aliasing -w conftest.c >&5
configure:14114: $? = 0
configure:14114: /exports/toolchains/common/aarch64-linux-gnu/bin/aarch64-linux-gnu-gcc -c -w -Wall -fno-strict-aliasing -w conftest.c >&5
configure:14114: $? = 0
configure:14128: result: 8
configure:14139: checking for struct in6_addr
configure:14139: /exports/toolchains/common/aarch64-linux-gnu/bin/aarch64-linux-gnu-gcc -c -w -Wall -fno-strict-aliasing -w conftest.c >&5
configure:14139: $? = 0
configure:14139: /exports/toolchains/common/aarch64-linux-gnu/bin/aarch64-linux-gnu-gcc -c -w -Wall -fno-strict-aliasing -w conftest.c >&5
conftest.c: In function 'main':
conftest.c:134:30: error: expected expression before ')' token
 if (sizeof ((struct in6_addr)))
                              ^
configure:14139: $? = 1
configure: failed program was:
| /* confdefs.h */
| #define PACKAGE_NAME ""
| #define PACKAGE_TARNAME ""
| #define PACKAGE_VERSION ""
| #define PACKAGE_STRING ""
| #define PACKAGE_BUGREPORT ""
| #define PACKAGE_URL ""
| #define PACKAGE "libevent"
| #define VERSION "2.0.22-stable"
| #define NUMERIC_VERSION 0x02001600
| #define STDC_HEADERS 1
| #define HAVE_SYS_TYPES_H 1
| #define HAVE_SYS_STAT_H 1
| #define HAVE_STDLIB_H 1
| #define HAVE_STRING_H 1
| #define HAVE_MEMORY_H 1
| #define HAVE_STRINGS_H 1
| #define HAVE_INTTYPES_H 1
| #define HAVE_STDINT_H 1
| #define HAVE_UNISTD_H 1
| #define HAVE_DLFCN_H 1
| #define LT_OBJDIR ".libs/"
| #define STDC_HEADERS 1
| #define HAVE_FCNTL_H 1
| #define HAVE_STDARG_H 1
| #define HAVE_INTTYPES_H 1
| #define HAVE_STDINT_H 1
| #define HAVE_STDDEF_H 1
| #define HAVE_POLL_H 1
| #define HAVE_UNISTD_H 1
| #define HAVE_SYS_EPOLL_H 1
| #define HAVE_SYS_TIME_H 1
| #define HAVE_SYS_QUEUE_H 1
| #define HAVE_SYS_PARAM_H 1
| #define HAVE_SYS_IOCTL_H 1
| #define HAVE_SYS_SELECT_H 1
| #define HAVE_NETINET_IN_H 1
| #define HAVE_SYS_SOCKET_H 1
| #define HAVE_SYS_UIO_H 1
| #define HAVE_ARPA_INET_H 1
| #define HAVE_SYS_EVENTFD_H 1
| #define HAVE_SYS_MMAN_H 1
| #define HAVE_SYS_SENDFILE_H 1
| #define HAVE_SYS_WAIT_H 1
| #define HAVE_NETDB_H 1
| #define HAVE_SYS_STAT_H 1
| #define HAVE_SYS_SYSCTL_H 1
| #define HAVE_TAILQFOREACH 1
| #define HAVE_TIMERADD 1
| #define HAVE_TIMERCMP 1
| #define HAVE_TIMERCLEAR 1
| #define HAVE_TIMERISSET 1
| #define HAVE_DECL_CTL_KERN 1
| #define HAVE_DECL_KERN_RANDOM 1
| #define HAVE_DECL_RANDOM_UUID 1
| #define HAVE_DECL_KERN_ARND 0
| #define TIME_WITH_SYS_TIME 1
| #define HAVE_GETTIMEOFDAY 1
| #define HAVE_VASPRINTF 1
| #define HAVE_FCNTL 1
| #define HAVE_CLOCK_GETTIME 1
| #define HAVE_STRTOK_R 1
| #define HAVE_STRSEP 1
| #define HAVE_GETNAMEINFO 1
| #define HAVE_INET_NTOP 1
| #define HAVE_INET_PTON 1
| #define HAVE_SIGNAL 1
| #define HAVE_SIGACTION 1
| #define HAVE_STRTOLL 1
| #define HAVE_INET_ATON 1
| #define HAVE_PIPE 1
| #define HAVE_EVENTFD 1
| #define HAVE_SENDFILE 1
| #define HAVE_MMAP 1
| #define HAVE_SPLICE 1
| #define HAVE_GETEUID 1
| #define HAVE_GETEGID 1
| #define HAVE_GETPROTOBYNUMBER 1
| #define HAVE_SETENV 1
| #define HAVE_UNSETENV 1
| #define HAVE_PUTENV 1
| #define HAVE_UMASK 1
| #define HAVE_GETADDRINFO 1
| #define SIZEOF_LONG 8
| #define HAVE_SETFD 1
| #define HAVE_SELECT 1
| #define HAVE_POLL 1
| #define HAVE_EPOLL_CTL 1
| #define HAVE_EPOLL 1
| #define HAVE_UINT64_T 1
| #define HAVE_UINT32_T 1
| #define HAVE_UINT16_T 1
| #define HAVE_UINT8_T 1
| #define HAVE_UINTPTR_T 1
| #define HAVE_FD_MASK 1
| #define SIZEOF_LONG_LONG 8
| #define SIZEOF_LONG 8
| #define SIZEOF_INT 4
| #define SIZEOF_SHORT 2
| #define SIZEOF_SIZE_T 8
| #define SIZEOF_VOID_P 8
| #define SIZEOF_OFF_T 8
| /* end confdefs.h.  */
| #define _GNU_SOURCE
| #include <sys/types.h>
| #ifdef HAVE_NETINET_IN_H
| #include <netinet/in.h>
| #endif
| #ifdef HAVE_NETINET_IN6_H
| #include <netinet/in6.h>
| #endif
| #ifdef HAVE_SYS_SOCKET_H
| #include <sys/socket.h>
| #endif
| #ifdef HAVE_NETDB_H
| #include <netdb.h>
| #endif
| #ifdef WIN32
| #define WIN32_WINNT 0x400
| #define _WIN32_WINNT 0x400
| #define WIN32_LEAN_AND_MEAN
| #if defined(_MSC_VER) && (_MSC_VER < 1300)
| #include <winsock.h>
| #else
| #include <winsock2.h>
| #include <ws2tcpip.h>
| #endif
| #endif
| 
| 
| int
| main ()
| {
| if (sizeof ((struct in6_addr)))
| 	    return 0;
|   ;
|   return 0;
| }
configure:14139: result: yes
configure:14174: checking for struct sockaddr_in6
configure:14174: /exports/toolchains/common/aarch64-linux-gnu/bin/aarch64-linux-gnu-gcc -c -w -Wall -fno-strict-aliasing -w conftest.c >&5
configure:14174: $? = 0
configure:14174: /exports/toolchains/common/aarch64-linux-gnu/bin/aarch64-linux-gnu-gcc -c -w -Wall -fno-strict-aliasing -w conftest.c >&5
conftest.c: In function 'main':
conftest.c:135:34: error: expected expression before ')' token
 if (sizeof ((struct sockaddr_in6)))
                                  ^
configure:14174: $? = 1
configure: failed program was:
| /* confdefs.h */
| #define PACKAGE_NAME ""
| #define PACKAGE_TARNAME ""
| #define PACKAGE_VERSION ""
| #define PACKAGE_STRING ""
| #define PACKAGE_BUGREPORT ""
| #define PACKAGE_URL ""
| #define PACKAGE "libevent"
| #define VERSION "2.0.22-stable"
| #define NUMERIC_VERSION 0x02001600
| #define STDC_HEADERS 1
| #define HAVE_SYS_TYPES_H 1
| #define HAVE_SYS_STAT_H 1
| #define HAVE_STDLIB_H 1
| #define HAVE_STRING_H 1
| #define HAVE_MEMORY_H 1
| #define HAVE_STRINGS_H 1
| #define HAVE_INTTYPES_H 1
| #define HAVE_STDINT_H 1
| #define HAVE_UNISTD_H 1
| #define HAVE_DLFCN_H 1
| #define LT_OBJDIR ".libs/"
| #define STDC_HEADERS 1
| #define HAVE_FCNTL_H 1
| #define HAVE_STDARG_H 1
| #define HAVE_INTTYPES_H 1
| #define HAVE_STDINT_H 1
| #define HAVE_STDDEF_H 1
| #define HAVE_POLL_H 1
| #define HAVE_UNISTD_H 1
| #define HAVE_SYS_EPOLL_H 1
| #define HAVE_SYS_TIME_H 1
| #define HAVE_SYS_QUEUE_H 1
| #define HAVE_SYS_PARAM_H 1
| #define HAVE_SYS_IOCTL_H 1
| #define HAVE_SYS_SELECT_H 1
| #define HAVE_NETINET_IN_H 1
| #define HAVE_SYS_SOCKET_H 1
| #define HAVE_SYS_UIO_H 1
| #define HAVE_ARPA_INET_H 1
| #define HAVE_SYS_EVENTFD_H 1
| #define HAVE_SYS_MMAN_H 1
| #define HAVE_SYS_SENDFILE_H 1
| #define HAVE_SYS_WAIT_H 1
| #define HAVE_NETDB_H 1
| #define HAVE_SYS_STAT_H 1
| #define HAVE_SYS_SYSCTL_H 1
| #define HAVE_TAILQFOREACH 1
| #define HAVE_TIMERADD 1
| #define HAVE_TIMERCMP 1
| #define HAVE_TIMERCLEAR 1
| #define HAVE_TIMERISSET 1
| #define HAVE_DECL_CTL_KERN 1
| #define HAVE_DECL_KERN_RANDOM 1
| #define HAVE_DECL_RANDOM_UUID 1
| #define HAVE_DECL_KERN_ARND 0
| #define TIME_WITH_SYS_TIME 1
| #define HAVE_GETTIMEOFDAY 1
| #define HAVE_VASPRINTF 1
| #define HAVE_FCNTL 1
| #define HAVE_CLOCK_GETTIME 1
| #define HAVE_STRTOK_R 1
| #define HAVE_STRSEP 1
| #define HAVE_GETNAMEINFO 1
| #define HAVE_INET_NTOP 1
| #define HAVE_INET_PTON 1
| #define HAVE_SIGNAL 1
| #define HAVE_SIGACTION 1
| #define HAVE_STRTOLL 1
| #define HAVE_INET_ATON 1
| #define HAVE_PIPE 1
| #define HAVE_EVENTFD 1
| #define HAVE_SENDFILE 1
| #define HAVE_MMAP 1
| #define HAVE_SPLICE 1
| #define HAVE_GETEUID 1
| #define HAVE_GETEGID 1
| #define HAVE_GETPROTOBYNUMBER 1
| #define HAVE_SETENV 1
| #define HAVE_UNSETENV 1
| #define HAVE_PUTENV 1
| #define HAVE_UMASK 1
| #define HAVE_GETADDRINFO 1
| #define SIZEOF_LONG 8
| #define HAVE_SETFD 1
| #define HAVE_SELECT 1
| #define HAVE_POLL 1
| #define HAVE_EPOLL_CTL 1
| #define HAVE_EPOLL 1
| #define HAVE_UINT64_T 1
| #define HAVE_UINT32_T 1
| #define HAVE_UINT16_T 1
| #define HAVE_UINT8_T 1
| #define HAVE_UINTPTR_T 1
| #define HAVE_FD_MASK 1
| #define SIZEOF_LONG_LONG 8
| #define SIZEOF_LONG 8
| #define SIZEOF_INT 4
| #define SIZEOF_SHORT 2
| #define SIZEOF_SIZE_T 8
| #define SIZEOF_VOID_P 8
| #define SIZEOF_OFF_T 8
| #define HAVE_STRUCT_IN6_ADDR 1
| /* end confdefs.h.  */
| #define _GNU_SOURCE
| #include <sys/types.h>
| #ifdef HAVE_NETINET_IN_H
| #include <netinet/in.h>
| #endif
| #ifdef HAVE_NETINET_IN6_H
| #include <netinet/in6.h>
| #endif
| #ifdef HAVE_SYS_SOCKET_H
| #include <sys/socket.h>
| #endif
| #ifdef HAVE_NETDB_H
| #include <netdb.h>
| #endif
| #ifdef WIN32
| #define WIN32_WINNT 0x400
| #define _WIN32_WINNT 0x400
| #define WIN32_LEAN_AND_MEAN
| #if defined(_MSC_VER) && (_MSC_VER < 1300)
| #include <winsock.h>
| #else
| #include <winsock2.h>
| #include <ws2tcpip.h>
| #endif
| #endif
| 
| 
| int
| main ()
| {
| if (sizeof ((struct sockaddr_in6)))
| 	    return 0;
|   ;
|   return 0;
| }
configure:14174: result: yes
configure:14209: checking for sa_family_t
configure:14209: /exports/toolchains/common/aarch64-linux-gnu/bin/aarch64-linux-gnu-gcc -c -w -Wall -fno-strict-aliasing -w conftest.c >&5
configure:14209: $? = 0
configure:14209: /exports/toolchains/common/aarch64-linux-gnu/bin/aarch64-linux-gnu-gcc -c -w -Wall -fno-strict-aliasing -w conftest.c >&5
conftest.c: In function 'main':
conftest.c:136:26: error: expected expression before ')' token
 if (sizeof ((sa_family_t)))
                          ^
configure:14209: $? = 1
configure: failed program was:
| /* confdefs.h */
| #define PACKAGE_NAME ""
| #define PACKAGE_TARNAME ""
| #define PACKAGE_VERSION ""
| #define PACKAGE_STRING ""
| #define PACKAGE_BUGREPORT ""
| #define PACKAGE_URL ""
| #define PACKAGE "libevent"
| #define VERSION "2.0.22-stable"
| #define NUMERIC_VERSION 0x02001600
| #define STDC_HEADERS 1
| #define HAVE_SYS_TYPES_H 1
| #define HAVE_SYS_STAT_H 1
| #define HAVE_STDLIB_H 1
| #define HAVE_STRING_H 1
| #define HAVE_MEMORY_H 1
| #define HAVE_STRINGS_H 1
| #define HAVE_INTTYPES_H 1
| #define HAVE_STDINT_H 1
| #define HAVE_UNISTD_H 1
| #define HAVE_DLFCN_H 1
| #define LT_OBJDIR ".libs/"
| #define STDC_HEADERS 1
| #define HAVE_FCNTL_H 1
| #define HAVE_STDARG_H 1
| #define HAVE_INTTYPES_H 1
| #define HAVE_STDINT_H 1
| #define HAVE_STDDEF_H 1
| #define HAVE_POLL_H 1
| #define HAVE_UNISTD_H 1
| #define HAVE_SYS_EPOLL_H 1
| #define HAVE_SYS_TIME_H 1
| #define HAVE_SYS_QUEUE_H 1
| #define HAVE_SYS_PARAM_H 1
| #define HAVE_SYS_IOCTL_H 1
| #define HAVE_SYS_SELECT_H 1
| #define HAVE_NETINET_IN_H 1
| #define HAVE_SYS_SOCKET_H 1
| #define HAVE_SYS_UIO_H 1
| #define HAVE_ARPA_INET_H 1
| #define HAVE_SYS_EVENTFD_H 1
| #define HAVE_SYS_MMAN_H 1
| #define HAVE_SYS_SENDFILE_H 1
| #define HAVE_SYS_WAIT_H 1
| #define HAVE_NETDB_H 1
| #define HAVE_SYS_STAT_H 1
| #define HAVE_SYS_SYSCTL_H 1
| #define HAVE_TAILQFOREACH 1
| #define HAVE_TIMERADD 1
| #define HAVE_TIMERCMP 1
| #define HAVE_TIMERCLEAR 1
| #define HAVE_TIMERISSET 1
| #define HAVE_DECL_CTL_KERN 1
| #define HAVE_DECL_KERN_RANDOM 1
| #define HAVE_DECL_RANDOM_UUID 1
| #define HAVE_DECL_KERN_ARND 0
| #define TIME_WITH_SYS_TIME 1
| #define HAVE_GETTIMEOFDAY 1
| #define HAVE_VASPRINTF 1
| #define HAVE_FCNTL 1
| #define HAVE_CLOCK_GETTIME 1
| #define HAVE_STRTOK_R 1
| #define HAVE_STRSEP 1
| #define HAVE_GETNAMEINFO 1
| #define HAVE_INET_NTOP 1
| #define HAVE_INET_PTON 1
| #define HAVE_SIGNAL 1
| #define HAVE_SIGACTION 1
| #define HAVE_STRTOLL 1
| #define HAVE_INET_ATON 1
| #define HAVE_PIPE 1
| #define HAVE_EVENTFD 1
| #define HAVE_SENDFILE 1
| #define HAVE_MMAP 1
| #define HAVE_SPLICE 1
| #define HAVE_GETEUID 1
| #define HAVE_GETEGID 1
| #define HAVE_GETPROTOBYNUMBER 1
| #define HAVE_SETENV 1
| #define HAVE_UNSETENV 1
| #define HAVE_PUTENV 1
| #define HAVE_UMASK 1
| #define HAVE_GETADDRINFO 1
| #define SIZEOF_LONG 8
| #define HAVE_SETFD 1
| #define HAVE_SELECT 1
| #define HAVE_POLL 1
| #define HAVE_EPOLL_CTL 1
| #define HAVE_EPOLL 1
| #define HAVE_UINT64_T 1
| #define HAVE_UINT32_T 1
| #define HAVE_UINT16_T 1
| #define HAVE_UINT8_T 1
| #define HAVE_UINTPTR_T 1
| #define HAVE_FD_MASK 1
| #define SIZEOF_LONG_LONG 8
| #define SIZEOF_LONG 8
| #define SIZEOF_INT 4
| #define SIZEOF_SHORT 2
| #define SIZEOF_SIZE_T 8
| #define SIZEOF_VOID_P 8
| #define SIZEOF_OFF_T 8
| #define HAVE_STRUCT_IN6_ADDR 1
| #define HAVE_STRUCT_SOCKADDR_IN6 1
| /* end confdefs.h.  */
| #define _GNU_SOURCE
| #include <sys/types.h>
| #ifdef HAVE_NETINET_IN_H
| #include <netinet/in.h>
| #endif
| #ifdef HAVE_NETINET_IN6_H
| #include <netinet/in6.h>
| #endif
| #ifdef HAVE_SYS_SOCKET_H
| #include <sys/socket.h>
| #endif
| #ifdef HAVE_NETDB_H
| #include <netdb.h>
| #endif
| #ifdef WIN32
| #define WIN32_WINNT 0x400
| #define _WIN32_WINNT 0x400
| #define WIN32_LEAN_AND_MEAN
| #if defined(_MSC_VER) && (_MSC_VER < 1300)
| #include <winsock.h>
| #else
| #include <winsock2.h>
| #include <ws2tcpip.h>
| #endif
| #endif
| 
| 
| int
| main ()
| {
| if (sizeof ((sa_family_t)))
| 	    return 0;
|   ;
|   return 0;
| }
configure:14209: result: yes
configure:14244: checking for struct addrinfo
configure:14244: /exports/toolchains/common/aarch64-linux-gnu/bin/aarch64-linux-gnu-gcc -c -w -Wall -fno-strict-aliasing -w conftest.c >&5
configure:14244: $? = 0
configure:14244: /exports/toolchains/common/aarch64-linux-gnu/bin/aarch64-linux-gnu-gcc -c -w -Wall -fno-strict-aliasing -w conftest.c >&5
conftest.c: In function 'main':
conftest.c:137:30: error: expected expression before ')' token
 if (sizeof ((struct addrinfo)))
                              ^
configure:14244: $? = 1
configure: failed program was:
| /* confdefs.h */
| #define PACKAGE_NAME ""
| #define PACKAGE_TARNAME ""
| #define PACKAGE_VERSION ""
| #define PACKAGE_STRING ""
| #define PACKAGE_BUGREPORT ""
| #define PACKAGE_URL ""
| #define PACKAGE "libevent"
| #define VERSION "2.0.22-stable"
| #define NUMERIC_VERSION 0x02001600
| #define STDC_HEADERS 1
| #define HAVE_SYS_TYPES_H 1
| #define HAVE_SYS_STAT_H 1
| #define HAVE_STDLIB_H 1
| #define HAVE_STRING_H 1
| #define HAVE_MEMORY_H 1
| #define HAVE_STRINGS_H 1
| #define HAVE_INTTYPES_H 1
| #define HAVE_STDINT_H 1
| #define HAVE_UNISTD_H 1
| #define HAVE_DLFCN_H 1
| #define LT_OBJDIR ".libs/"
| #define STDC_HEADERS 1
| #define HAVE_FCNTL_H 1
| #define HAVE_STDARG_H 1
| #define HAVE_INTTYPES_H 1
| #define HAVE_STDINT_H 1
| #define HAVE_STDDEF_H 1
| #define HAVE_POLL_H 1
| #define HAVE_UNISTD_H 1
| #define HAVE_SYS_EPOLL_H 1
| #define HAVE_SYS_TIME_H 1
| #define HAVE_SYS_QUEUE_H 1
| #define HAVE_SYS_PARAM_H 1
| #define HAVE_SYS_IOCTL_H 1
| #define HAVE_SYS_SELECT_H 1
| #define HAVE_NETINET_IN_H 1
| #define HAVE_SYS_SOCKET_H 1
| #define HAVE_SYS_UIO_H 1
| #define HAVE_ARPA_INET_H 1
| #define HAVE_SYS_EVENTFD_H 1
| #define HAVE_SYS_MMAN_H 1
| #define HAVE_SYS_SENDFILE_H 1
| #define HAVE_SYS_WAIT_H 1
| #define HAVE_NETDB_H 1
| #define HAVE_SYS_STAT_H 1
| #define HAVE_SYS_SYSCTL_H 1
| #define HAVE_TAILQFOREACH 1
| #define HAVE_TIMERADD 1
| #define HAVE_TIMERCMP 1
| #define HAVE_TIMERCLEAR 1
| #define HAVE_TIMERISSET 1
| #define HAVE_DECL_CTL_KERN 1
| #define HAVE_DECL_KERN_RANDOM 1
| #define HAVE_DECL_RANDOM_UUID 1
| #define HAVE_DECL_KERN_ARND 0
| #define TIME_WITH_SYS_TIME 1
| #define HAVE_GETTIMEOFDAY 1
| #define HAVE_VASPRINTF 1
| #define HAVE_FCNTL 1
| #define HAVE_CLOCK_GETTIME 1
| #define HAVE_STRTOK_R 1
| #define HAVE_STRSEP 1
| #define HAVE_GETNAMEINFO 1
| #define HAVE_INET_NTOP 1
| #define HAVE_INET_PTON 1
| #define HAVE_SIGNAL 1
| #define HAVE_SIGACTION 1
| #define HAVE_STRTOLL 1
| #define HAVE_INET_ATON 1
| #define HAVE_PIPE 1
| #define HAVE_EVENTFD 1
| #define HAVE_SENDFILE 1
| #define HAVE_MMAP 1
| #define HAVE_SPLICE 1
| #define HAVE_GETEUID 1
| #define HAVE_GETEGID 1
| #define HAVE_GETPROTOBYNUMBER 1
| #define HAVE_SETENV 1
| #define HAVE_UNSETENV 1
| #define HAVE_PUTENV 1
| #define HAVE_UMASK 1
| #define HAVE_GETADDRINFO 1
| #define SIZEOF_LONG 8
| #define HAVE_SETFD 1
| #define HAVE_SELECT 1
| #define HAVE_POLL 1
| #define HAVE_EPOLL_CTL 1
| #define HAVE_EPOLL 1
| #define HAVE_UINT64_T 1
| #define HAVE_UINT32_T 1
| #define HAVE_UINT16_T 1
| #define HAVE_UINT8_T 1
| #define HAVE_UINTPTR_T 1
| #define HAVE_FD_MASK 1
| #define SIZEOF_LONG_LONG 8
| #define SIZEOF_LONG 8
| #define SIZEOF_INT 4
| #define SIZEOF_SHORT 2
| #define SIZEOF_SIZE_T 8
| #define SIZEOF_VOID_P 8
| #define SIZEOF_OFF_T 8
| #define HAVE_STRUCT_IN6_ADDR 1
| #define HAVE_STRUCT_SOCKADDR_IN6 1
| #define HAVE_SA_FAMILY_T 1
| /* end confdefs.h.  */
| #define _GNU_SOURCE
| #include <sys/types.h>
| #ifdef HAVE_NETINET_IN_H
| #include <netinet/in.h>
| #endif
| #ifdef HAVE_NETINET_IN6_H
| #include <netinet/in6.h>
| #endif
| #ifdef HAVE_SYS_SOCKET_H
| #include <sys/socket.h>
| #endif
| #ifdef HAVE_NETDB_H
| #include <netdb.h>
| #endif
| #ifdef WIN32
| #define WIN32_WINNT 0x400
| #define _WIN32_WINNT 0x400
| #define WIN32_LEAN_AND_MEAN
| #if defined(_MSC_VER) && (_MSC_VER < 1300)
| #include <winsock.h>
| #else
| #include <winsock2.h>
| #include <ws2tcpip.h>
| #endif
| #endif
| 
| 
| int
| main ()
| {
| if (sizeof ((struct addrinfo)))
| 	    return 0;
|   ;
|   return 0;
| }
configure:14244: result: yes
configure:14279: checking for struct sockaddr_storage
configure:14279: /exports/toolchains/common/aarch64-linux-gnu/bin/aarch64-linux-gnu-gcc -c -w -Wall -fno-strict-aliasing -w conftest.c >&5
configure:14279: $? = 0
configure:14279: /exports/toolchains/common/aarch64-linux-gnu/bin/aarch64-linux-gnu-gcc -c -w -Wall -fno-strict-aliasing -w conftest.c >&5
conftest.c: In function 'main':
conftest.c:138:38: error: expected expression before ')' token
 if (sizeof ((struct sockaddr_storage)))
                                      ^
configure:14279: $? = 1
configure: failed program was:
| /* confdefs.h */
| #define PACKAGE_NAME ""
| #define PACKAGE_TARNAME ""
| #define PACKAGE_VERSION ""
| #define PACKAGE_STRING ""
| #define PACKAGE_BUGREPORT ""
| #define PACKAGE_URL ""
| #define PACKAGE "libevent"
| #define VERSION "2.0.22-stable"
| #define NUMERIC_VERSION 0x02001600
| #define STDC_HEADERS 1
| #define HAVE_SYS_TYPES_H 1
| #define HAVE_SYS_STAT_H 1
| #define HAVE_STDLIB_H 1
| #define HAVE_STRING_H 1
| #define HAVE_MEMORY_H 1
| #define HAVE_STRINGS_H 1
| #define HAVE_INTTYPES_H 1
| #define HAVE_STDINT_H 1
| #define HAVE_UNISTD_H 1
| #define HAVE_DLFCN_H 1
| #define LT_OBJDIR ".libs/"
| #define STDC_HEADERS 1
| #define HAVE_FCNTL_H 1
| #define HAVE_STDARG_H 1
| #define HAVE_INTTYPES_H 1
| #define HAVE_STDINT_H 1
| #define HAVE_STDDEF_H 1
| #define HAVE_POLL_H 1
| #define HAVE_UNISTD_H 1
| #define HAVE_SYS_EPOLL_H 1
| #define HAVE_SYS_TIME_H 1
| #define HAVE_SYS_QUEUE_H 1
| #define HAVE_SYS_PARAM_H 1
| #define HAVE_SYS_IOCTL_H 1
| #define HAVE_SYS_SELECT_H 1
| #define HAVE_NETINET_IN_H 1
| #define HAVE_SYS_SOCKET_H 1
| #define HAVE_SYS_UIO_H 1
| #define HAVE_ARPA_INET_H 1
| #define HAVE_SYS_EVENTFD_H 1
| #define HAVE_SYS_MMAN_H 1
| #define HAVE_SYS_SENDFILE_H 1
| #define HAVE_SYS_WAIT_H 1
| #define HAVE_NETDB_H 1
| #define HAVE_SYS_STAT_H 1
| #define HAVE_SYS_SYSCTL_H 1
| #define HAVE_TAILQFOREACH 1
| #define HAVE_TIMERADD 1
| #define HAVE_TIMERCMP 1
| #define HAVE_TIMERCLEAR 1
| #define HAVE_TIMERISSET 1
| #define HAVE_DECL_CTL_KERN 1
| #define HAVE_DECL_KERN_RANDOM 1
| #define HAVE_DECL_RANDOM_UUID 1
| #define HAVE_DECL_KERN_ARND 0
| #define TIME_WITH_SYS_TIME 1
| #define HAVE_GETTIMEOFDAY 1
| #define HAVE_VASPRINTF 1
| #define HAVE_FCNTL 1
| #define HAVE_CLOCK_GETTIME 1
| #define HAVE_STRTOK_R 1
| #define HAVE_STRSEP 1
| #define HAVE_GETNAMEINFO 1
| #define HAVE_INET_NTOP 1
| #define HAVE_INET_PTON 1
| #define HAVE_SIGNAL 1
| #define HAVE_SIGACTION 1
| #define HAVE_STRTOLL 1
| #define HAVE_INET_ATON 1
| #define HAVE_PIPE 1
| #define HAVE_EVENTFD 1
| #define HAVE_SENDFILE 1
| #define HAVE_MMAP 1
| #define HAVE_SPLICE 1
| #define HAVE_GETEUID 1
| #define HAVE_GETEGID 1
| #define HAVE_GETPROTOBYNUMBER 1
| #define HAVE_SETENV 1
| #define HAVE_UNSETENV 1
| #define HAVE_PUTENV 1
| #define HAVE_UMASK 1
| #define HAVE_GETADDRINFO 1
| #define SIZEOF_LONG 8
| #define HAVE_SETFD 1
| #define HAVE_SELECT 1
| #define HAVE_POLL 1
| #define HAVE_EPOLL_CTL 1
| #define HAVE_EPOLL 1
| #define HAVE_UINT64_T 1
| #define HAVE_UINT32_T 1
| #define HAVE_UINT16_T 1
| #define HAVE_UINT8_T 1
| #define HAVE_UINTPTR_T 1
| #define HAVE_FD_MASK 1
| #define SIZEOF_LONG_LONG 8
| #define SIZEOF_LONG 8
| #define SIZEOF_INT 4
| #define SIZEOF_SHORT 2
| #define SIZEOF_SIZE_T 8
| #define SIZEOF_VOID_P 8
| #define SIZEOF_OFF_T 8
| #define HAVE_STRUCT_IN6_ADDR 1
| #define HAVE_STRUCT_SOCKADDR_IN6 1
| #define HAVE_SA_FAMILY_T 1
| #define HAVE_STRUCT_ADDRINFO 1
| /* end confdefs.h.  */
| #define _GNU_SOURCE
| #include <sys/types.h>
| #ifdef HAVE_NETINET_IN_H
| #include <netinet/in.h>
| #endif
| #ifdef HAVE_NETINET_IN6_H
| #include <netinet/in6.h>
| #endif
| #ifdef HAVE_SYS_SOCKET_H
| #include <sys/socket.h>
| #endif
| #ifdef HAVE_NETDB_H
| #include <netdb.h>
| #endif
| #ifdef WIN32
| #define WIN32_WINNT 0x400
| #define _WIN32_WINNT 0x400
| #define WIN32_LEAN_AND_MEAN
| #if defined(_MSC_VER) && (_MSC_VER < 1300)
| #include <winsock.h>
| #else
| #include <winsock2.h>
| #include <ws2tcpip.h>
| #endif
| #endif
| 
| 
| int
| main ()
| {
| if (sizeof ((struct sockaddr_storage)))
| 	    return 0;
|   ;
|   return 0;
| }
configure:14279: result: yes
configure:14315: checking for struct in6_addr.s6_addr32
configure:14315: /exports/toolchains/common/aarch64-linux-gnu/bin/aarch64-linux-gnu-gcc -c -w -Wall -fno-strict-aliasing -w conftest.c >&5
configure:14315: $? = 0
configure:14315: result: yes
configure:14346: checking for struct in6_addr.s6_addr16
configure:14346: /exports/toolchains/common/aarch64-linux-gnu/bin/aarch64-linux-gnu-gcc -c -w -Wall -fno-strict-aliasing -w conftest.c >&5
configure:14346: $? = 0
configure:14346: result: yes
configure:14377: checking for struct sockaddr_in.sin_len
configure:14377: /exports/toolchains/common/aarch64-linux-gnu/bin/aarch64-linux-gnu-gcc -c -w -Wall -fno-strict-aliasing -w conftest.c >&5
conftest.c: In function 'main':
conftest.c:138:12: error: 'struct sockaddr_in' has no member named 'sin_len'
 if (ac_aggr.sin_len)
            ^
configure:14377: $? = 1
configure: failed program was:
| /* confdefs.h */
| #define PACKAGE_NAME ""
| #define PACKAGE_TARNAME ""
| #define PACKAGE_VERSION ""
| #define PACKAGE_STRING ""
| #define PACKAGE_BUGREPORT ""
| #define PACKAGE_URL ""
| #define PACKAGE "libevent"
| #define VERSION "2.0.22-stable"
| #define NUMERIC_VERSION 0x02001600
| #define STDC_HEADERS 1
| #define HAVE_SYS_TYPES_H 1
| #define HAVE_SYS_STAT_H 1
| #define HAVE_STDLIB_H 1
| #define HAVE_STRING_H 1
| #define HAVE_MEMORY_H 1
| #define HAVE_STRINGS_H 1
| #define HAVE_INTTYPES_H 1
| #define HAVE_STDINT_H 1
| #define HAVE_UNISTD_H 1
| #define HAVE_DLFCN_H 1
| #define LT_OBJDIR ".libs/"
| #define STDC_HEADERS 1
| #define HAVE_FCNTL_H 1
| #define HAVE_STDARG_H 1
| #define HAVE_INTTYPES_H 1
| #define HAVE_STDINT_H 1
| #define HAVE_STDDEF_H 1
| #define HAVE_POLL_H 1
| #define HAVE_UNISTD_H 1
| #define HAVE_SYS_EPOLL_H 1
| #define HAVE_SYS_TIME_H 1
| #define HAVE_SYS_QUEUE_H 1
| #define HAVE_SYS_PARAM_H 1
| #define HAVE_SYS_IOCTL_H 1
| #define HAVE_SYS_SELECT_H 1
| #define HAVE_NETINET_IN_H 1
| #define HAVE_SYS_SOCKET_H 1
| #define HAVE_SYS_UIO_H 1
| #define HAVE_ARPA_INET_H 1
| #define HAVE_SYS_EVENTFD_H 1
| #define HAVE_SYS_MMAN_H 1
| #define HAVE_SYS_SENDFILE_H 1
| #define HAVE_SYS_WAIT_H 1
| #define HAVE_NETDB_H 1
| #define HAVE_SYS_STAT_H 1
| #define HAVE_SYS_SYSCTL_H 1
| #define HAVE_TAILQFOREACH 1
| #define HAVE_TIMERADD 1
| #define HAVE_TIMERCMP 1
| #define HAVE_TIMERCLEAR 1
| #define HAVE_TIMERISSET 1
| #define HAVE_DECL_CTL_KERN 1
| #define HAVE_DECL_KERN_RANDOM 1
| #define HAVE_DECL_RANDOM_UUID 1
| #define HAVE_DECL_KERN_ARND 0
| #define TIME_WITH_SYS_TIME 1
| #define HAVE_GETTIMEOFDAY 1
| #define HAVE_VASPRINTF 1
| #define HAVE_FCNTL 1
| #define HAVE_CLOCK_GETTIME 1
| #define HAVE_STRTOK_R 1
| #define HAVE_STRSEP 1
| #define HAVE_GETNAMEINFO 1
| #define HAVE_INET_NTOP 1
| #define HAVE_INET_PTON 1
| #define HAVE_SIGNAL 1
| #define HAVE_SIGACTION 1
| #define HAVE_STRTOLL 1
| #define HAVE_INET_ATON 1
| #define HAVE_PIPE 1
| #define HAVE_EVENTFD 1
| #define HAVE_SENDFILE 1
| #define HAVE_MMAP 1
| #define HAVE_SPLICE 1
| #define HAVE_GETEUID 1
| #define HAVE_GETEGID 1
| #define HAVE_GETPROTOBYNUMBER 1
| #define HAVE_SETENV 1
| #define HAVE_UNSETENV 1
| #define HAVE_PUTENV 1
| #define HAVE_UMASK 1
| #define HAVE_GETADDRINFO 1
| #define SIZEOF_LONG 8
| #define HAVE_SETFD 1
| #define HAVE_SELECT 1
| #define HAVE_POLL 1
| #define HAVE_EPOLL_CTL 1
| #define HAVE_EPOLL 1
| #define HAVE_UINT64_T 1
| #define HAVE_UINT32_T 1
| #define HAVE_UINT16_T 1
| #define HAVE_UINT8_T 1
| #define HAVE_UINTPTR_T 1
| #define HAVE_FD_MASK 1
| #define SIZEOF_LONG_LONG 8
| #define SIZEOF_LONG 8
| #define SIZEOF_INT 4
| #define SIZEOF_SHORT 2
| #define SIZEOF_SIZE_T 8
| #define SIZEOF_VOID_P 8
| #define SIZEOF_OFF_T 8
| #define HAVE_STRUCT_IN6_ADDR 1
| #define HAVE_STRUCT_SOCKADDR_IN6 1
| #define HAVE_SA_FAMILY_T 1
| #define HAVE_STRUCT_ADDRINFO 1
| #define HAVE_STRUCT_SOCKADDR_STORAGE 1
| #define HAVE_STRUCT_IN6_ADDR_S6_ADDR32 1
| #define HAVE_STRUCT_IN6_ADDR_S6_ADDR16 1
| /* end confdefs.h.  */
| #include <sys/types.h>
| #ifdef HAVE_NETINET_IN_H
| #include <netinet/in.h>
| #endif
| #ifdef HAVE_NETINET_IN6_H
| #include <netinet/in6.h>
| #endif
| #ifdef HAVE_SYS_SOCKET_H
| #include <sys/socket.h>
| #endif
| #ifdef WIN32
| #define WIN32_WINNT 0x400
| #define _WIN32_WINNT 0x400
| #define WIN32_LEAN_AND_MEAN
| #if defined(_MSC_VER) && (_MSC_VER < 1300)
| #include <winsock.h>
| #else
| #include <winsock2.h>
| #include <ws2tcpip.h>
| #endif
| #endif
| 
| 
| int
| main ()
| {
| static struct sockaddr_in ac_aggr;
| if (ac_aggr.sin_len)
| return 0;
|   ;
|   return 0;
| }
configure:14377: /exports/toolchains/common/aarch64-linux-gnu/bin/aarch64-linux-gnu-gcc -c -w -Wall -fno-strict-aliasing -w conftest.c >&5
conftest.c: In function 'main':
conftest.c:138:19: error: 'struct sockaddr_in' has no member named 'sin_len'
 if (sizeof ac_aggr.sin_len)
                   ^
configure:14377: $? = 1
configure: failed program was:
| /* confdefs.h */
| #define PACKAGE_NAME ""
| #define PACKAGE_TARNAME ""
| #define PACKAGE_VERSION ""
| #define PACKAGE_STRING ""
| #define PACKAGE_BUGREPORT ""
| #define PACKAGE_URL ""
| #define PACKAGE "libevent"
| #define VERSION "2.0.22-stable"
| #define NUMERIC_VERSION 0x02001600
| #define STDC_HEADERS 1
| #define HAVE_SYS_TYPES_H 1
| #define HAVE_SYS_STAT_H 1
| #define HAVE_STDLIB_H 1
| #define HAVE_STRING_H 1
| #define HAVE_MEMORY_H 1
| #define HAVE_STRINGS_H 1
| #define HAVE_INTTYPES_H 1
| #define HAVE_STDINT_H 1
| #define HAVE_UNISTD_H 1
| #define HAVE_DLFCN_H 1
| #define LT_OBJDIR ".libs/"
| #define STDC_HEADERS 1
| #define HAVE_FCNTL_H 1
| #define HAVE_STDARG_H 1
| #define HAVE_INTTYPES_H 1
| #define HAVE_STDINT_H 1
| #define HAVE_STDDEF_H 1
| #define HAVE_POLL_H 1
| #define HAVE_UNISTD_H 1
| #define HAVE_SYS_EPOLL_H 1
| #define HAVE_SYS_TIME_H 1
| #define HAVE_SYS_QUEUE_H 1
| #define HAVE_SYS_PARAM_H 1
| #define HAVE_SYS_IOCTL_H 1
| #define HAVE_SYS_SELECT_H 1
| #define HAVE_NETINET_IN_H 1
| #define HAVE_SYS_SOCKET_H 1
| #define HAVE_SYS_UIO_H 1
| #define HAVE_ARPA_INET_H 1
| #define HAVE_SYS_EVENTFD_H 1
| #define HAVE_SYS_MMAN_H 1
| #define HAVE_SYS_SENDFILE_H 1
| #define HAVE_SYS_WAIT_H 1
| #define HAVE_NETDB_H 1
| #define HAVE_SYS_STAT_H 1
| #define HAVE_SYS_SYSCTL_H 1
| #define HAVE_TAILQFOREACH 1
| #define HAVE_TIMERADD 1
| #define HAVE_TIMERCMP 1
| #define HAVE_TIMERCLEAR 1
| #define HAVE_TIMERISSET 1
| #define HAVE_DECL_CTL_KERN 1
| #define HAVE_DECL_KERN_RANDOM 1
| #define HAVE_DECL_RANDOM_UUID 1
| #define HAVE_DECL_KERN_ARND 0
| #define TIME_WITH_SYS_TIME 1
| #define HAVE_GETTIMEOFDAY 1
| #define HAVE_VASPRINTF 1
| #define HAVE_FCNTL 1
| #define HAVE_CLOCK_GETTIME 1
| #define HAVE_STRTOK_R 1
| #define HAVE_STRSEP 1
| #define HAVE_GETNAMEINFO 1
| #define HAVE_INET_NTOP 1
| #define HAVE_INET_PTON 1
| #define HAVE_SIGNAL 1
| #define HAVE_SIGACTION 1
| #define HAVE_STRTOLL 1
| #define HAVE_INET_ATON 1
| #define HAVE_PIPE 1
| #define HAVE_EVENTFD 1
| #define HAVE_SENDFILE 1
| #define HAVE_MMAP 1
| #define HAVE_SPLICE 1
| #define HAVE_GETEUID 1
| #define HAVE_GETEGID 1
| #define HAVE_GETPROTOBYNUMBER 1
| #define HAVE_SETENV 1
| #define HAVE_UNSETENV 1
| #define HAVE_PUTENV 1
| #define HAVE_UMASK 1
| #define HAVE_GETADDRINFO 1
| #define SIZEOF_LONG 8
| #define HAVE_SETFD 1
| #define HAVE_SELECT 1
| #define HAVE_POLL 1
| #define HAVE_EPOLL_CTL 1
| #define HAVE_EPOLL 1
| #define HAVE_UINT64_T 1
| #define HAVE_UINT32_T 1
| #define HAVE_UINT16_T 1
| #define HAVE_UINT8_T 1
| #define HAVE_UINTPTR_T 1
| #define HAVE_FD_MASK 1
| #define SIZEOF_LONG_LONG 8
| #define SIZEOF_LONG 8
| #define SIZEOF_INT 4
| #define SIZEOF_SHORT 2
| #define SIZEOF_SIZE_T 8
| #define SIZEOF_VOID_P 8
| #define SIZEOF_OFF_T 8
| #define HAVE_STRUCT_IN6_ADDR 1
| #define HAVE_STRUCT_SOCKADDR_IN6 1
| #define HAVE_SA_FAMILY_T 1
| #define HAVE_STRUCT_ADDRINFO 1
| #define HAVE_STRUCT_SOCKADDR_STORAGE 1
| #define HAVE_STRUCT_IN6_ADDR_S6_ADDR32 1
| #define HAVE_STRUCT_IN6_ADDR_S6_ADDR16 1
| /* end confdefs.h.  */
| #include <sys/types.h>
| #ifdef HAVE_NETINET_IN_H
| #include <netinet/in.h>
| #endif
| #ifdef HAVE_NETINET_IN6_H
| #include <netinet/in6.h>
| #endif
| #ifdef HAVE_SYS_SOCKET_H
| #include <sys/socket.h>
| #endif
| #ifdef WIN32
| #define WIN32_WINNT 0x400
| #define _WIN32_WINNT 0x400
| #define WIN32_LEAN_AND_MEAN
| #if defined(_MSC_VER) && (_MSC_VER < 1300)
| #include <winsock.h>
| #else
| #include <winsock2.h>
| #include <ws2tcpip.h>
| #endif
| #endif
| 
| 
| int
| main ()
| {
| static struct sockaddr_in ac_aggr;
| if (sizeof ac_aggr.sin_len)
| return 0;
|   ;
|   return 0;
| }
configure:14377: result: no
configure:14408: checking for struct sockaddr_in6.sin6_len
configure:14408: /exports/toolchains/common/aarch64-linux-gnu/bin/aarch64-linux-gnu-gcc -c -w -Wall -fno-strict-aliasing -w conftest.c >&5
conftest.c: In function 'main':
conftest.c:138:12: error: 'struct sockaddr_in6' has no member named 'sin6_len'
 if (ac_aggr.sin6_len)
            ^
configure:14408: $? = 1
configure: failed program was:
| /* confdefs.h */
| #define PACKAGE_NAME ""
| #define PACKAGE_TARNAME ""
| #define PACKAGE_VERSION ""
| #define PACKAGE_STRING ""
| #define PACKAGE_BUGREPORT ""
| #define PACKAGE_URL ""
| #define PACKAGE "libevent"
| #define VERSION "2.0.22-stable"
| #define NUMERIC_VERSION 0x02001600
| #define STDC_HEADERS 1
| #define HAVE_SYS_TYPES_H 1
| #define HAVE_SYS_STAT_H 1
| #define HAVE_STDLIB_H 1
| #define HAVE_STRING_H 1
| #define HAVE_MEMORY_H 1
| #define HAVE_STRINGS_H 1
| #define HAVE_INTTYPES_H 1
| #define HAVE_STDINT_H 1
| #define HAVE_UNISTD_H 1
| #define HAVE_DLFCN_H 1
| #define LT_OBJDIR ".libs/"
| #define STDC_HEADERS 1
| #define HAVE_FCNTL_H 1
| #define HAVE_STDARG_H 1
| #define HAVE_INTTYPES_H 1
| #define HAVE_STDINT_H 1
| #define HAVE_STDDEF_H 1
| #define HAVE_POLL_H 1
| #define HAVE_UNISTD_H 1
| #define HAVE_SYS_EPOLL_H 1
| #define HAVE_SYS_TIME_H 1
| #define HAVE_SYS_QUEUE_H 1
| #define HAVE_SYS_PARAM_H 1
| #define HAVE_SYS_IOCTL_H 1
| #define HAVE_SYS_SELECT_H 1
| #define HAVE_NETINET_IN_H 1
| #define HAVE_SYS_SOCKET_H 1
| #define HAVE_SYS_UIO_H 1
| #define HAVE_ARPA_INET_H 1
| #define HAVE_SYS_EVENTFD_H 1
| #define HAVE_SYS_MMAN_H 1
| #define HAVE_SYS_SENDFILE_H 1
| #define HAVE_SYS_WAIT_H 1
| #define HAVE_NETDB_H 1
| #define HAVE_SYS_STAT_H 1
| #define HAVE_SYS_SYSCTL_H 1
| #define HAVE_TAILQFOREACH 1
| #define HAVE_TIMERADD 1
| #define HAVE_TIMERCMP 1
| #define HAVE_TIMERCLEAR 1
| #define HAVE_TIMERISSET 1
| #define HAVE_DECL_CTL_KERN 1
| #define HAVE_DECL_KERN_RANDOM 1
| #define HAVE_DECL_RANDOM_UUID 1
| #define HAVE_DECL_KERN_ARND 0
| #define TIME_WITH_SYS_TIME 1
| #define HAVE_GETTIMEOFDAY 1
| #define HAVE_VASPRINTF 1
| #define HAVE_FCNTL 1
| #define HAVE_CLOCK_GETTIME 1
| #define HAVE_STRTOK_R 1
| #define HAVE_STRSEP 1
| #define HAVE_GETNAMEINFO 1
| #define HAVE_INET_NTOP 1
| #define HAVE_INET_PTON 1
| #define HAVE_SIGNAL 1
| #define HAVE_SIGACTION 1
| #define HAVE_STRTOLL 1
| #define HAVE_INET_ATON 1
| #define HAVE_PIPE 1
| #define HAVE_EVENTFD 1
| #define HAVE_SENDFILE 1
| #define HAVE_MMAP 1
| #define HAVE_SPLICE 1
| #define HAVE_GETEUID 1
| #define HAVE_GETEGID 1
| #define HAVE_GETPROTOBYNUMBER 1
| #define HAVE_SETENV 1
| #define HAVE_UNSETENV 1
| #define HAVE_PUTENV 1
| #define HAVE_UMASK 1
| #define HAVE_GETADDRINFO 1
| #define SIZEOF_LONG 8
| #define HAVE_SETFD 1
| #define HAVE_SELECT 1
| #define HAVE_POLL 1
| #define HAVE_EPOLL_CTL 1
| #define HAVE_EPOLL 1
| #define HAVE_UINT64_T 1
| #define HAVE_UINT32_T 1
| #define HAVE_UINT16_T 1
| #define HAVE_UINT8_T 1
| #define HAVE_UINTPTR_T 1
| #define HAVE_FD_MASK 1
| #define SIZEOF_LONG_LONG 8
| #define SIZEOF_LONG 8
| #define SIZEOF_INT 4
| #define SIZEOF_SHORT 2
| #define SIZEOF_SIZE_T 8
| #define SIZEOF_VOID_P 8
| #define SIZEOF_OFF_T 8
| #define HAVE_STRUCT_IN6_ADDR 1
| #define HAVE_STRUCT_SOCKADDR_IN6 1
| #define HAVE_SA_FAMILY_T 1
| #define HAVE_STRUCT_ADDRINFO 1
| #define HAVE_STRUCT_SOCKADDR_STORAGE 1
| #define HAVE_STRUCT_IN6_ADDR_S6_ADDR32 1
| #define HAVE_STRUCT_IN6_ADDR_S6_ADDR16 1
| /* end confdefs.h.  */
| #include <sys/types.h>
| #ifdef HAVE_NETINET_IN_H
| #include <netinet/in.h>
| #endif
| #ifdef HAVE_NETINET_IN6_H
| #include <netinet/in6.h>
| #endif
| #ifdef HAVE_SYS_SOCKET_H
| #include <sys/socket.h>
| #endif
| #ifdef WIN32
| #define WIN32_WINNT 0x400
| #define _WIN32_WINNT 0x400
| #define WIN32_LEAN_AND_MEAN
| #if defined(_MSC_VER) && (_MSC_VER < 1300)
| #include <winsock.h>
| #else
| #include <winsock2.h>
| #include <ws2tcpip.h>
| #endif
| #endif
| 
| 
| int
| main ()
| {
| static struct sockaddr_in6 ac_aggr;
| if (ac_aggr.sin6_len)
| return 0;
|   ;
|   return 0;
| }
configure:14408: /exports/toolchains/common/aarch64-linux-gnu/bin/aarch64-linux-gnu-gcc -c -w -Wall -fno-strict-aliasing -w conftest.c >&5
conftest.c: In function 'main':
conftest.c:138:19: error: 'struct sockaddr_in6' has no member named 'sin6_len'
 if (sizeof ac_aggr.sin6_len)
                   ^
configure:14408: $? = 1
configure: failed program was:
| /* confdefs.h */
| #define PACKAGE_NAME ""
| #define PACKAGE_TARNAME ""
| #define PACKAGE_VERSION ""
| #define PACKAGE_STRING ""
| #define PACKAGE_BUGREPORT ""
| #define PACKAGE_URL ""
| #define PACKAGE "libevent"
| #define VERSION "2.0.22-stable"
| #define NUMERIC_VERSION 0x02001600
| #define STDC_HEADERS 1
| #define HAVE_SYS_TYPES_H 1
| #define HAVE_SYS_STAT_H 1
| #define HAVE_STDLIB_H 1
| #define HAVE_STRING_H 1
| #define HAVE_MEMORY_H 1
| #define HAVE_STRINGS_H 1
| #define HAVE_INTTYPES_H 1
| #define HAVE_STDINT_H 1
| #define HAVE_UNISTD_H 1
| #define HAVE_DLFCN_H 1
| #define LT_OBJDIR ".libs/"
| #define STDC_HEADERS 1
| #define HAVE_FCNTL_H 1
| #define HAVE_STDARG_H 1
| #define HAVE_INTTYPES_H 1
| #define HAVE_STDINT_H 1
| #define HAVE_STDDEF_H 1
| #define HAVE_POLL_H 1
| #define HAVE_UNISTD_H 1
| #define HAVE_SYS_EPOLL_H 1
| #define HAVE_SYS_TIME_H 1
| #define HAVE_SYS_QUEUE_H 1
| #define HAVE_SYS_PARAM_H 1
| #define HAVE_SYS_IOCTL_H 1
| #define HAVE_SYS_SELECT_H 1
| #define HAVE_NETINET_IN_H 1
| #define HAVE_SYS_SOCKET_H 1
| #define HAVE_SYS_UIO_H 1
| #define HAVE_ARPA_INET_H 1
| #define HAVE_SYS_EVENTFD_H 1
| #define HAVE_SYS_MMAN_H 1
| #define HAVE_SYS_SENDFILE_H 1
| #define HAVE_SYS_WAIT_H 1
| #define HAVE_NETDB_H 1
| #define HAVE_SYS_STAT_H 1
| #define HAVE_SYS_SYSCTL_H 1
| #define HAVE_TAILQFOREACH 1
| #define HAVE_TIMERADD 1
| #define HAVE_TIMERCMP 1
| #define HAVE_TIMERCLEAR 1
| #define HAVE_TIMERISSET 1
| #define HAVE_DECL_CTL_KERN 1
| #define HAVE_DECL_KERN_RANDOM 1
| #define HAVE_DECL_RANDOM_UUID 1
| #define HAVE_DECL_KERN_ARND 0
| #define TIME_WITH_SYS_TIME 1
| #define HAVE_GETTIMEOFDAY 1
| #define HAVE_VASPRINTF 1
| #define HAVE_FCNTL 1
| #define HAVE_CLOCK_GETTIME 1
| #define HAVE_STRTOK_R 1
| #define HAVE_STRSEP 1
| #define HAVE_GETNAMEINFO 1
| #define HAVE_INET_NTOP 1
| #define HAVE_INET_PTON 1
| #define HAVE_SIGNAL 1
| #define HAVE_SIGACTION 1
| #define HAVE_STRTOLL 1
| #define HAVE_INET_ATON 1
| #define HAVE_PIPE 1
| #define HAVE_EVENTFD 1
| #define HAVE_SENDFILE 1
| #define HAVE_MMAP 1
| #define HAVE_SPLICE 1
| #define HAVE_GETEUID 1
| #define HAVE_GETEGID 1
| #define HAVE_GETPROTOBYNUMBER 1
| #define HAVE_SETENV 1
| #define HAVE_UNSETENV 1
| #define HAVE_PUTENV 1
| #define HAVE_UMASK 1
| #define HAVE_GETADDRINFO 1
| #define SIZEOF_LONG 8
| #define HAVE_SETFD 1
| #define HAVE_SELECT 1
| #define HAVE_POLL 1
| #define HAVE_EPOLL_CTL 1
| #define HAVE_EPOLL 1
| #define HAVE_UINT64_T 1
| #define HAVE_UINT32_T 1
| #define HAVE_UINT16_T 1
| #define HAVE_UINT8_T 1
| #define HAVE_UINTPTR_T 1
| #define HAVE_FD_MASK 1
| #define SIZEOF_LONG_LONG 8
| #define SIZEOF_LONG 8
| #define SIZEOF_INT 4
| #define SIZEOF_SHORT 2
| #define SIZEOF_SIZE_T 8
| #define SIZEOF_VOID_P 8
| #define SIZEOF_OFF_T 8
| #define HAVE_STRUCT_IN6_ADDR 1
| #define HAVE_STRUCT_SOCKADDR_IN6 1
| #define HAVE_SA_FAMILY_T 1
| #define HAVE_STRUCT_ADDRINFO 1
| #define HAVE_STRUCT_SOCKADDR_STORAGE 1
| #define HAVE_STRUCT_IN6_ADDR_S6_ADDR32 1
| #define HAVE_STRUCT_IN6_ADDR_S6_ADDR16 1
| /* end confdefs.h.  */
| #include <sys/types.h>
| #ifdef HAVE_NETINET_IN_H
| #include <netinet/in.h>
| #endif
| #ifdef HAVE_NETINET_IN6_H
| #include <netinet/in6.h>
| #endif
| #ifdef HAVE_SYS_SOCKET_H
| #include <sys/socket.h>
| #endif
| #ifdef WIN32
| #define WIN32_WINNT 0x400
| #define _WIN32_WINNT 0x400
| #define WIN32_LEAN_AND_MEAN
| #if defined(_MSC_VER) && (_MSC_VER < 1300)
| #include <winsock.h>
| #else
| #include <winsock2.h>
| #include <ws2tcpip.h>
| #endif
| #endif
| 
| 
| int
| main ()
| {
| static struct sockaddr_in6 ac_aggr;
| if (sizeof ac_aggr.sin6_len)
| return 0;
|   ;
|   return 0;
| }
configure:14408: result: no
configure:14439: checking for struct sockaddr_storage.ss_family
configure:14439: /exports/toolchains/common/aarch64-linux-gnu/bin/aarch64-linux-gnu-gcc -c -w -Wall -fno-strict-aliasing -w conftest.c >&5
configure:14439: $? = 0
configure:14439: result: yes
configure:14470: checking for struct sockaddr_storage.__ss_family
configure:14470: /exports/toolchains/common/aarch64-linux-gnu/bin/aarch64-linux-gnu-gcc -c -w -Wall -fno-strict-aliasing -w conftest.c >&5
conftest.c: In function 'main':
conftest.c:139:12: error: 'struct sockaddr_storage' has no member named '__ss_family'
 if (ac_aggr.__ss_family)
            ^
configure:14470: $? = 1
configure: failed program was:
| /* confdefs.h */
| #define PACKAGE_NAME ""
| #define PACKAGE_TARNAME ""
| #define PACKAGE_VERSION ""
| #define PACKAGE_STRING ""
| #define PACKAGE_BUGREPORT ""
| #define PACKAGE_URL ""
| #define PACKAGE "libevent"
| #define VERSION "2.0.22-stable"
| #define NUMERIC_VERSION 0x02001600
| #define STDC_HEADERS 1
| #define HAVE_SYS_TYPES_H 1
| #define HAVE_SYS_STAT_H 1
| #define HAVE_STDLIB_H 1
| #define HAVE_STRING_H 1
| #define HAVE_MEMORY_H 1
| #define HAVE_STRINGS_H 1
| #define HAVE_INTTYPES_H 1
| #define HAVE_STDINT_H 1
| #define HAVE_UNISTD_H 1
| #define HAVE_DLFCN_H 1
| #define LT_OBJDIR ".libs/"
| #define STDC_HEADERS 1
| #define HAVE_FCNTL_H 1
| #define HAVE_STDARG_H 1
| #define HAVE_INTTYPES_H 1
| #define HAVE_STDINT_H 1
| #define HAVE_STDDEF_H 1
| #define HAVE_POLL_H 1
| #define HAVE_UNISTD_H 1
| #define HAVE_SYS_EPOLL_H 1
| #define HAVE_SYS_TIME_H 1
| #define HAVE_SYS_QUEUE_H 1
| #define HAVE_SYS_PARAM_H 1
| #define HAVE_SYS_IOCTL_H 1
| #define HAVE_SYS_SELECT_H 1
| #define HAVE_NETINET_IN_H 1
| #define HAVE_SYS_SOCKET_H 1
| #define HAVE_SYS_UIO_H 1
| #define HAVE_ARPA_INET_H 1
| #define HAVE_SYS_EVENTFD_H 1
| #define HAVE_SYS_MMAN_H 1
| #define HAVE_SYS_SENDFILE_H 1
| #define HAVE_SYS_WAIT_H 1
| #define HAVE_NETDB_H 1
| #define HAVE_SYS_STAT_H 1
| #define HAVE_SYS_SYSCTL_H 1
| #define HAVE_TAILQFOREACH 1
| #define HAVE_TIMERADD 1
| #define HAVE_TIMERCMP 1
| #define HAVE_TIMERCLEAR 1
| #define HAVE_TIMERISSET 1
| #define HAVE_DECL_CTL_KERN 1
| #define HAVE_DECL_KERN_RANDOM 1
| #define HAVE_DECL_RANDOM_UUID 1
| #define HAVE_DECL_KERN_ARND 0
| #define TIME_WITH_SYS_TIME 1
| #define HAVE_GETTIMEOFDAY 1
| #define HAVE_VASPRINTF 1
| #define HAVE_FCNTL 1
| #define HAVE_CLOCK_GETTIME 1
| #define HAVE_STRTOK_R 1
| #define HAVE_STRSEP 1
| #define HAVE_GETNAMEINFO 1
| #define HAVE_INET_NTOP 1
| #define HAVE_INET_PTON 1
| #define HAVE_SIGNAL 1
| #define HAVE_SIGACTION 1
| #define HAVE_STRTOLL 1
| #define HAVE_INET_ATON 1
| #define HAVE_PIPE 1
| #define HAVE_EVENTFD 1
| #define HAVE_SENDFILE 1
| #define HAVE_MMAP 1
| #define HAVE_SPLICE 1
| #define HAVE_GETEUID 1
| #define HAVE_GETEGID 1
| #define HAVE_GETPROTOBYNUMBER 1
| #define HAVE_SETENV 1
| #define HAVE_UNSETENV 1
| #define HAVE_PUTENV 1
| #define HAVE_UMASK 1
| #define HAVE_GETADDRINFO 1
| #define SIZEOF_LONG 8
| #define HAVE_SETFD 1
| #define HAVE_SELECT 1
| #define HAVE_POLL 1
| #define HAVE_EPOLL_CTL 1
| #define HAVE_EPOLL 1
| #define HAVE_UINT64_T 1
| #define HAVE_UINT32_T 1
| #define HAVE_UINT16_T 1
| #define HAVE_UINT8_T 1
| #define HAVE_UINTPTR_T 1
| #define HAVE_FD_MASK 1
| #define SIZEOF_LONG_LONG 8
| #define SIZEOF_LONG 8
| #define SIZEOF_INT 4
| #define SIZEOF_SHORT 2
| #define SIZEOF_SIZE_T 8
| #define SIZEOF_VOID_P 8
| #define SIZEOF_OFF_T 8
| #define HAVE_STRUCT_IN6_ADDR 1
| #define HAVE_STRUCT_SOCKADDR_IN6 1
| #define HAVE_SA_FAMILY_T 1
| #define HAVE_STRUCT_ADDRINFO 1
| #define HAVE_STRUCT_SOCKADDR_STORAGE 1
| #define HAVE_STRUCT_IN6_ADDR_S6_ADDR32 1
| #define HAVE_STRUCT_IN6_ADDR_S6_ADDR16 1
| #define HAVE_STRUCT_SOCKADDR_STORAGE_SS_FAMILY 1
| /* end confdefs.h.  */
| #include <sys/types.h>
| #ifdef HAVE_NETINET_IN_H
| #include <netinet/in.h>
| #endif
| #ifdef HAVE_NETINET_IN6_H
| #include <netinet/in6.h>
| #endif
| #ifdef HAVE_SYS_SOCKET_H
| #include <sys/socket.h>
| #endif
| #ifdef WIN32
| #define WIN32_WINNT 0x400
| #define _WIN32_WINNT 0x400
| #define WIN32_LEAN_AND_MEAN
| #if defined(_MSC_VER) && (_MSC_VER < 1300)
| #include <winsock.h>
| #else
| #include <winsock2.h>
| #include <ws2tcpip.h>
| #endif
| #endif
| 
| 
| int
| main ()
| {
| static struct sockaddr_storage ac_aggr;
| if (ac_aggr.__ss_family)
| return 0;
|   ;
|   return 0;
| }
configure:14470: /exports/toolchains/common/aarch64-linux-gnu/bin/aarch64-linux-gnu-gcc -c -w -Wall -fno-strict-aliasing -w conftest.c >&5
conftest.c: In function 'main':
conftest.c:139:19: error: 'struct sockaddr_storage' has no member named '__ss_family'
 if (sizeof ac_aggr.__ss_family)
                   ^
configure:14470: $? = 1
configure: failed program was:
| /* confdefs.h */
| #define PACKAGE_NAME ""
| #define PACKAGE_TARNAME ""
| #define PACKAGE_VERSION ""
| #define PACKAGE_STRING ""
| #define PACKAGE_BUGREPORT ""
| #define PACKAGE_URL ""
| #define PACKAGE "libevent"
| #define VERSION "2.0.22-stable"
| #define NUMERIC_VERSION 0x02001600
| #define STDC_HEADERS 1
| #define HAVE_SYS_TYPES_H 1
| #define HAVE_SYS_STAT_H 1
| #define HAVE_STDLIB_H 1
| #define HAVE_STRING_H 1
| #define HAVE_MEMORY_H 1
| #define HAVE_STRINGS_H 1
| #define HAVE_INTTYPES_H 1
| #define HAVE_STDINT_H 1
| #define HAVE_UNISTD_H 1
| #define HAVE_DLFCN_H 1
| #define LT_OBJDIR ".libs/"
| #define STDC_HEADERS 1
| #define HAVE_FCNTL_H 1
| #define HAVE_STDARG_H 1
| #define HAVE_INTTYPES_H 1
| #define HAVE_STDINT_H 1
| #define HAVE_STDDEF_H 1
| #define HAVE_POLL_H 1
| #define HAVE_UNISTD_H 1
| #define HAVE_SYS_EPOLL_H 1
| #define HAVE_SYS_TIME_H 1
| #define HAVE_SYS_QUEUE_H 1
| #define HAVE_SYS_PARAM_H 1
| #define HAVE_SYS_IOCTL_H 1
| #define HAVE_SYS_SELECT_H 1
| #define HAVE_NETINET_IN_H 1
| #define HAVE_SYS_SOCKET_H 1
| #define HAVE_SYS_UIO_H 1
| #define HAVE_ARPA_INET_H 1
| #define HAVE_SYS_EVENTFD_H 1
| #define HAVE_SYS_MMAN_H 1
| #define HAVE_SYS_SENDFILE_H 1
| #define HAVE_SYS_WAIT_H 1
| #define HAVE_NETDB_H 1
| #define HAVE_SYS_STAT_H 1
| #define HAVE_SYS_SYSCTL_H 1
| #define HAVE_TAILQFOREACH 1
| #define HAVE_TIMERADD 1
| #define HAVE_TIMERCMP 1
| #define HAVE_TIMERCLEAR 1
| #define HAVE_TIMERISSET 1
| #define HAVE_DECL_CTL_KERN 1
| #define HAVE_DECL_KERN_RANDOM 1
| #define HAVE_DECL_RANDOM_UUID 1
| #define HAVE_DECL_KERN_ARND 0
| #define TIME_WITH_SYS_TIME 1
| #define HAVE_GETTIMEOFDAY 1
| #define HAVE_VASPRINTF 1
| #define HAVE_FCNTL 1
| #define HAVE_CLOCK_GETTIME 1
| #define HAVE_STRTOK_R 1
| #define HAVE_STRSEP 1
| #define HAVE_GETNAMEINFO 1
| #define HAVE_INET_NTOP 1
| #define HAVE_INET_PTON 1
| #define HAVE_SIGNAL 1
| #define HAVE_SIGACTION 1
| #define HAVE_STRTOLL 1
| #define HAVE_INET_ATON 1
| #define HAVE_PIPE 1
| #define HAVE_EVENTFD 1
| #define HAVE_SENDFILE 1
| #define HAVE_MMAP 1
| #define HAVE_SPLICE 1
| #define HAVE_GETEUID 1
| #define HAVE_GETEGID 1
| #define HAVE_GETPROTOBYNUMBER 1
| #define HAVE_SETENV 1
| #define HAVE_UNSETENV 1
| #define HAVE_PUTENV 1
| #define HAVE_UMASK 1
| #define HAVE_GETADDRINFO 1
| #define SIZEOF_LONG 8
| #define HAVE_SETFD 1
| #define HAVE_SELECT 1
| #define HAVE_POLL 1
| #define HAVE_EPOLL_CTL 1
| #define HAVE_EPOLL 1
| #define HAVE_UINT64_T 1
| #define HAVE_UINT32_T 1
| #define HAVE_UINT16_T 1
| #define HAVE_UINT8_T 1
| #define HAVE_UINTPTR_T 1
| #define HAVE_FD_MASK 1
| #define SIZEOF_LONG_LONG 8
| #define SIZEOF_LONG 8
| #define SIZEOF_INT 4
| #define SIZEOF_SHORT 2
| #define SIZEOF_SIZE_T 8
| #define SIZEOF_VOID_P 8
| #define SIZEOF_OFF_T 8
| #define HAVE_STRUCT_IN6_ADDR 1
| #define HAVE_STRUCT_SOCKADDR_IN6 1
| #define HAVE_SA_FAMILY_T 1
| #define HAVE_STRUCT_ADDRINFO 1
| #define HAVE_STRUCT_SOCKADDR_STORAGE 1
| #define HAVE_STRUCT_IN6_ADDR_S6_ADDR32 1
| #define HAVE_STRUCT_IN6_ADDR_S6_ADDR16 1
| #define HAVE_STRUCT_SOCKADDR_STORAGE_SS_FAMILY 1
| /* end confdefs.h.  */
| #include <sys/types.h>
| #ifdef HAVE_NETINET_IN_H
| #include <netinet/in.h>
| #endif
| #ifdef HAVE_NETINET_IN6_H
| #include <netinet/in6.h>
| #endif
| #ifdef HAVE_SYS_SOCKET_H
| #include <sys/socket.h>
| #endif
| #ifdef WIN32
| #define WIN32_WINNT 0x400
| #define _WIN32_WINNT 0x400
| #define WIN32_LEAN_AND_MEAN
| #if defined(_MSC_VER) && (_MSC_VER < 1300)
| #include <winsock.h>
| #else
| #include <winsock2.h>
| #include <ws2tcpip.h>
| #endif
| #endif
| 
| 
| int
| main ()
| {
| static struct sockaddr_storage ac_aggr;
| if (sizeof ac_aggr.__ss_family)
| return 0;
|   ;
|   return 0;
| }
configure:14470: result: no
configure:14503: checking for socklen_t
configure:14518: /exports/toolchains/common/aarch64-linux-gnu/bin/aarch64-linux-gnu-gcc -c -w -Wall -fno-strict-aliasing -w conftest.c >&5
configure:14518: $? = 0
configure:14519: result: yes
configure:14531: checking whether our compiler supports __func__
configure:14544: /exports/toolchains/common/aarch64-linux-gnu/bin/aarch64-linux-gnu-gcc -c -w -Wall -fno-strict-aliasing -w conftest.c >&5
configure:14544: $? = 0
configure:14545: result: yes
configure:14749: checking for the pthreads library -lpthreads
configure:14782: /exports/toolchains/common/aarch64-linux-gnu/bin/aarch64-linux-gnu-gcc -o conftest -w -Wall -fno-strict-aliasing  -w  conftest.c -lpthreads  >&5
/exports/toolchains/common/aarch64-linux-gnu/bin/../lib/gcc/aarch64-linux-gnu/5.3.1/../../../../aarch64-linux-gnu/bin/ld: cannot find -lpthreads
collect2: error: ld returned 1 exit status
configure:14782: $? = 1
configure: failed program was:
| /* confdefs.h */
| #define PACKAGE_NAME ""
| #define PACKAGE_TARNAME ""
| #define PACKAGE_VERSION ""
| #define PACKAGE_STRING ""
| #define PACKAGE_BUGREPORT ""
| #define PACKAGE_URL ""
| #define PACKAGE "libevent"
| #define VERSION "2.0.22-stable"
| #define NUMERIC_VERSION 0x02001600
| #define STDC_HEADERS 1
| #define HAVE_SYS_TYPES_H 1
| #define HAVE_SYS_STAT_H 1
| #define HAVE_STDLIB_H 1
| #define HAVE_STRING_H 1
| #define HAVE_MEMORY_H 1
| #define HAVE_STRINGS_H 1
| #define HAVE_INTTYPES_H 1
| #define HAVE_STDINT_H 1
| #define HAVE_UNISTD_H 1
| #define HAVE_DLFCN_H 1
| #define LT_OBJDIR ".libs/"
| #define STDC_HEADERS 1
| #define HAVE_FCNTL_H 1
| #define HAVE_STDARG_H 1
| #define HAVE_INTTYPES_H 1
| #define HAVE_STDINT_H 1
| #define HAVE_STDDEF_H 1
| #define HAVE_POLL_H 1
| #define HAVE_UNISTD_H 1
| #define HAVE_SYS_EPOLL_H 1
| #define HAVE_SYS_TIME_H 1
| #define HAVE_SYS_QUEUE_H 1
| #define HAVE_SYS_PARAM_H 1
| #define HAVE_SYS_IOCTL_H 1
| #define HAVE_SYS_SELECT_H 1
| #define HAVE_NETINET_IN_H 1
| #define HAVE_SYS_SOCKET_H 1
| #define HAVE_SYS_UIO_H 1
| #define HAVE_ARPA_INET_H 1
| #define HAVE_SYS_EVENTFD_H 1
| #define HAVE_SYS_MMAN_H 1
| #define HAVE_SYS_SENDFILE_H 1
| #define HAVE_SYS_WAIT_H 1
| #define HAVE_NETDB_H 1
| #define HAVE_SYS_STAT_H 1
| #define HAVE_SYS_SYSCTL_H 1
| #define HAVE_TAILQFOREACH 1
| #define HAVE_TIMERADD 1
| #define HAVE_TIMERCMP 1
| #define HAVE_TIMERCLEAR 1
| #define HAVE_TIMERISSET 1
| #define HAVE_DECL_CTL_KERN 1
| #define HAVE_DECL_KERN_RANDOM 1
| #define HAVE_DECL_RANDOM_UUID 1
| #define HAVE_DECL_KERN_ARND 0
| #define TIME_WITH_SYS_TIME 1
| #define HAVE_GETTIMEOFDAY 1
| #define HAVE_VASPRINTF 1
| #define HAVE_FCNTL 1
| #define HAVE_CLOCK_GETTIME 1
| #define HAVE_STRTOK_R 1
| #define HAVE_STRSEP 1
| #define HAVE_GETNAMEINFO 1
| #define HAVE_INET_NTOP 1
| #define HAVE_INET_PTON 1
| #define HAVE_SIGNAL 1
| #define HAVE_SIGACTION 1
| #define HAVE_STRTOLL 1
| #define HAVE_INET_ATON 1
| #define HAVE_PIPE 1
| #define HAVE_EVENTFD 1
| #define HAVE_SENDFILE 1
| #define HAVE_MMAP 1
| #define HAVE_SPLICE 1
| #define HAVE_GETEUID 1
| #define HAVE_GETEGID 1
| #define HAVE_GETPROTOBYNUMBER 1
| #define HAVE_SETENV 1
| #define HAVE_UNSETENV 1
| #define HAVE_PUTENV 1
| #define HAVE_UMASK 1
| #define HAVE_GETADDRINFO 1
| #define SIZEOF_LONG 8
| #define HAVE_SETFD 1
| #define HAVE_SELECT 1
| #define HAVE_POLL 1
| #define HAVE_EPOLL_CTL 1
| #define HAVE_EPOLL 1
| #define HAVE_UINT64_T 1
| #define HAVE_UINT32_T 1
| #define HAVE_UINT16_T 1
| #define HAVE_UINT8_T 1
| #define HAVE_UINTPTR_T 1
| #define HAVE_FD_MASK 1
| #define SIZEOF_LONG_LONG 8
| #define SIZEOF_LONG 8
| #define SIZEOF_INT 4
| #define SIZEOF_SHORT 2
| #define SIZEOF_SIZE_T 8
| #define SIZEOF_VOID_P 8
| #define SIZEOF_OFF_T 8
| #define HAVE_STRUCT_IN6_ADDR 1
| #define HAVE_STRUCT_SOCKADDR_IN6 1
| #define HAVE_SA_FAMILY_T 1
| #define HAVE_STRUCT_ADDRINFO 1
| #define HAVE_STRUCT_SOCKADDR_STORAGE 1
| #define HAVE_STRUCT_IN6_ADDR_S6_ADDR32 1
| #define HAVE_STRUCT_IN6_ADDR_S6_ADDR16 1
| #define HAVE_STRUCT_SOCKADDR_STORAGE_SS_FAMILY 1
| /* end confdefs.h.  */
| #include <pthread.h>
| int
| main ()
| {
| pthread_t th; pthread_join(th, 0);
|                      pthread_attr_init(0); pthread_cleanup_push(0, 0);
|                      pthread_create(0,0,0,0); pthread_cleanup_pop(0);
|   ;
|   return 0;
| }
configure:14791: result: no
configure:14694: checking whether pthreads work without any flags
configure:14782: /exports/toolchains/common/aarch64-linux-gnu/bin/aarch64-linux-gnu-gcc -o conftest -w -Wall -fno-strict-aliasing  -w  conftest.c   >&5
/tmp/cc5YA9F9.o: In function `main':
conftest.c:(.text+0x10): undefined reference to `pthread_join'
conftest.c:(.text+0x58): undefined reference to `__pthread_register_cancel'
conftest.c:(.text+0x6c): undefined reference to `pthread_create'
conftest.c:(.text+0x74): undefined reference to `__pthread_unregister_cancel'
collect2: error: ld returned 1 exit status
configure:14782: $? = 1
configure: failed program was:
| /* confdefs.h */
| #define PACKAGE_NAME ""
| #define PACKAGE_TARNAME ""
| #define PACKAGE_VERSION ""
| #define PACKAGE_STRING ""
| #define PACKAGE_BUGREPORT ""
| #define PACKAGE_URL ""
| #define PACKAGE "libevent"
| #define VERSION "2.0.22-stable"
| #define NUMERIC_VERSION 0x02001600
| #define STDC_HEADERS 1
| #define HAVE_SYS_TYPES_H 1
| #define HAVE_SYS_STAT_H 1
| #define HAVE_STDLIB_H 1
| #define HAVE_STRING_H 1
| #define HAVE_MEMORY_H 1
| #define HAVE_STRINGS_H 1
| #define HAVE_INTTYPES_H 1
| #define HAVE_STDINT_H 1
| #define HAVE_UNISTD_H 1
| #define HAVE_DLFCN_H 1
| #define LT_OBJDIR ".libs/"
| #define STDC_HEADERS 1
| #define HAVE_FCNTL_H 1
| #define HAVE_STDARG_H 1
| #define HAVE_INTTYPES_H 1
| #define HAVE_STDINT_H 1
| #define HAVE_STDDEF_H 1
| #define HAVE_POLL_H 1
| #define HAVE_UNISTD_H 1
| #define HAVE_SYS_EPOLL_H 1
| #define HAVE_SYS_TIME_H 1
| #define HAVE_SYS_QUEUE_H 1
| #define HAVE_SYS_PARAM_H 1
| #define HAVE_SYS_IOCTL_H 1
| #define HAVE_SYS_SELECT_H 1
| #define HAVE_NETINET_IN_H 1
| #define HAVE_SYS_SOCKET_H 1
| #define HAVE_SYS_UIO_H 1
| #define HAVE_ARPA_INET_H 1
| #define HAVE_SYS_EVENTFD_H 1
| #define HAVE_SYS_MMAN_H 1
| #define HAVE_SYS_SENDFILE_H 1
| #define HAVE_SYS_WAIT_H 1
| #define HAVE_NETDB_H 1
| #define HAVE_SYS_STAT_H 1
| #define HAVE_SYS_SYSCTL_H 1
| #define HAVE_TAILQFOREACH 1
| #define HAVE_TIMERADD 1
| #define HAVE_TIMERCMP 1
| #define HAVE_TIMERCLEAR 1
| #define HAVE_TIMERISSET 1
| #define HAVE_DECL_CTL_KERN 1
| #define HAVE_DECL_KERN_RANDOM 1
| #define HAVE_DECL_RANDOM_UUID 1
| #define HAVE_DECL_KERN_ARND 0
| #define TIME_WITH_SYS_TIME 1
| #define HAVE_GETTIMEOFDAY 1
| #define HAVE_VASPRINTF 1
| #define HAVE_FCNTL 1
| #define HAVE_CLOCK_GETTIME 1
| #define HAVE_STRTOK_R 1
| #define HAVE_STRSEP 1
| #define HAVE_GETNAMEINFO 1
| #define HAVE_INET_NTOP 1
| #define HAVE_INET_PTON 1
| #define HAVE_SIGNAL 1
| #define HAVE_SIGACTION 1
| #define HAVE_STRTOLL 1
| #define HAVE_INET_ATON 1
| #define HAVE_PIPE 1
| #define HAVE_EVENTFD 1
| #define HAVE_SENDFILE 1
| #define HAVE_MMAP 1
| #define HAVE_SPLICE 1
| #define HAVE_GETEUID 1
| #define HAVE_GETEGID 1
| #define HAVE_GETPROTOBYNUMBER 1
| #define HAVE_SETENV 1
| #define HAVE_UNSETENV 1
| #define HAVE_PUTENV 1
| #define HAVE_UMASK 1
| #define HAVE_GETADDRINFO 1
| #define SIZEOF_LONG 8
| #define HAVE_SETFD 1
| #define HAVE_SELECT 1
| #define HAVE_POLL 1
| #define HAVE_EPOLL_CTL 1
| #define HAVE_EPOLL 1
| #define HAVE_UINT64_T 1
| #define HAVE_UINT32_T 1
| #define HAVE_UINT16_T 1
| #define HAVE_UINT8_T 1
| #define HAVE_UINTPTR_T 1
| #define HAVE_FD_MASK 1
| #define SIZEOF_LONG_LONG 8
| #define SIZEOF_LONG 8
| #define SIZEOF_INT 4
| #define SIZEOF_SHORT 2
| #define SIZEOF_SIZE_T 8
| #define SIZEOF_VOID_P 8
| #define SIZEOF_OFF_T 8
| #define HAVE_STRUCT_IN6_ADDR 1
| #define HAVE_STRUCT_SOCKADDR_IN6 1
| #define HAVE_SA_FAMILY_T 1
| #define HAVE_STRUCT_ADDRINFO 1
| #define HAVE_STRUCT_SOCKADDR_STORAGE 1
| #define HAVE_STRUCT_IN6_ADDR_S6_ADDR32 1
| #define HAVE_STRUCT_IN6_ADDR_S6_ADDR16 1
| #define HAVE_STRUCT_SOCKADDR_STORAGE_SS_FAMILY 1
| /* end confdefs.h.  */
| #include <pthread.h>
| int
| main ()
| {
| pthread_t th; pthread_join(th, 0);
|                      pthread_attr_init(0); pthread_cleanup_push(0, 0);
|                      pthread_create(0,0,0,0); pthread_cleanup_pop(0);
|   ;
|   return 0;
| }
configure:14791: result: no
configure:14699: checking whether pthreads work with -Kthread
configure:14782: /exports/toolchains/common/aarch64-linux-gnu/bin/aarch64-linux-gnu-gcc -o conftest -w -Wall -fno-strict-aliasing -Kthread -w  conftest.c   >&5
aarch64-linux-gnu-gcc: error: unrecognized command line option '-Kthread'
configure:14782: $? = 1
configure: failed program was:
| /* confdefs.h */
| #define PACKAGE_NAME ""
| #define PACKAGE_TARNAME ""
| #define PACKAGE_VERSION ""
| #define PACKAGE_STRING ""
| #define PACKAGE_BUGREPORT ""
| #define PACKAGE_URL ""
| #define PACKAGE "libevent"
| #define VERSION "2.0.22-stable"
| #define NUMERIC_VERSION 0x02001600
| #define STDC_HEADERS 1
| #define HAVE_SYS_TYPES_H 1
| #define HAVE_SYS_STAT_H 1
| #define HAVE_STDLIB_H 1
| #define HAVE_STRING_H 1
| #define HAVE_MEMORY_H 1
| #define HAVE_STRINGS_H 1
| #define HAVE_INTTYPES_H 1
| #define HAVE_STDINT_H 1
| #define HAVE_UNISTD_H 1
| #define HAVE_DLFCN_H 1
| #define LT_OBJDIR ".libs/"
| #define STDC_HEADERS 1
| #define HAVE_FCNTL_H 1
| #define HAVE_STDARG_H 1
| #define HAVE_INTTYPES_H 1
| #define HAVE_STDINT_H 1
| #define HAVE_STDDEF_H 1
| #define HAVE_POLL_H 1
| #define HAVE_UNISTD_H 1
| #define HAVE_SYS_EPOLL_H 1
| #define HAVE_SYS_TIME_H 1
| #define HAVE_SYS_QUEUE_H 1
| #define HAVE_SYS_PARAM_H 1
| #define HAVE_SYS_IOCTL_H 1
| #define HAVE_SYS_SELECT_H 1
| #define HAVE_NETINET_IN_H 1
| #define HAVE_SYS_SOCKET_H 1
| #define HAVE_SYS_UIO_H 1
| #define HAVE_ARPA_INET_H 1
| #define HAVE_SYS_EVENTFD_H 1
| #define HAVE_SYS_MMAN_H 1
| #define HAVE_SYS_SENDFILE_H 1
| #define HAVE_SYS_WAIT_H 1
| #define HAVE_NETDB_H 1
| #define HAVE_SYS_STAT_H 1
| #define HAVE_SYS_SYSCTL_H 1
| #define HAVE_TAILQFOREACH 1
| #define HAVE_TIMERADD 1
| #define HAVE_TIMERCMP 1
| #define HAVE_TIMERCLEAR 1
| #define HAVE_TIMERISSET 1
| #define HAVE_DECL_CTL_KERN 1
| #define HAVE_DECL_KERN_RANDOM 1
| #define HAVE_DECL_RANDOM_UUID 1
| #define HAVE_DECL_KERN_ARND 0
| #define TIME_WITH_SYS_TIME 1
| #define HAVE_GETTIMEOFDAY 1
| #define HAVE_VASPRINTF 1
| #define HAVE_FCNTL 1
| #define HAVE_CLOCK_GETTIME 1
| #define HAVE_STRTOK_R 1
| #define HAVE_STRSEP 1
| #define HAVE_GETNAMEINFO 1
| #define HAVE_INET_NTOP 1
| #define HAVE_INET_PTON 1
| #define HAVE_SIGNAL 1
| #define HAVE_SIGACTION 1
| #define HAVE_STRTOLL 1
| #define HAVE_INET_ATON 1
| #define HAVE_PIPE 1
| #define HAVE_EVENTFD 1
| #define HAVE_SENDFILE 1
| #define HAVE_MMAP 1
| #define HAVE_SPLICE 1
| #define HAVE_GETEUID 1
| #define HAVE_GETEGID 1
| #define HAVE_GETPROTOBYNUMBER 1
| #define HAVE_SETENV 1
| #define HAVE_UNSETENV 1
| #define HAVE_PUTENV 1
| #define HAVE_UMASK 1
| #define HAVE_GETADDRINFO 1
| #define SIZEOF_LONG 8
| #define HAVE_SETFD 1
| #define HAVE_SELECT 1
| #define HAVE_POLL 1
| #define HAVE_EPOLL_CTL 1
| #define HAVE_EPOLL 1
| #define HAVE_UINT64_T 1
| #define HAVE_UINT32_T 1
| #define HAVE_UINT16_T 1
| #define HAVE_UINT8_T 1
| #define HAVE_UINTPTR_T 1
| #define HAVE_FD_MASK 1
| #define SIZEOF_LONG_LONG 8
| #define SIZEOF_LONG 8
| #define SIZEOF_INT 4
| #define SIZEOF_SHORT 2
| #define SIZEOF_SIZE_T 8
| #define SIZEOF_VOID_P 8
| #define SIZEOF_OFF_T 8
| #define HAVE_STRUCT_IN6_ADDR 1
| #define HAVE_STRUCT_SOCKADDR_IN6 1
| #define HAVE_SA_FAMILY_T 1
| #define HAVE_STRUCT_ADDRINFO 1
| #define HAVE_STRUCT_SOCKADDR_STORAGE 1
| #define HAVE_STRUCT_IN6_ADDR_S6_ADDR32 1
| #define HAVE_STRUCT_IN6_ADDR_S6_ADDR16 1
| #define HAVE_STRUCT_SOCKADDR_STORAGE_SS_FAMILY 1
| /* end confdefs.h.  */
| #include <pthread.h>
| int
| main ()
| {
| pthread_t th; pthread_join(th, 0);
|                      pthread_attr_init(0); pthread_cleanup_push(0, 0);
|                      pthread_create(0,0,0,0); pthread_cleanup_pop(0);
|   ;
|   return 0;
| }
configure:14791: result: no
configure:14699: checking whether pthreads work with -kthread
configure:14782: /exports/toolchains/common/aarch64-linux-gnu/bin/aarch64-linux-gnu-gcc -o conftest -w -Wall -fno-strict-aliasing -kthread -w  conftest.c   >&5
aarch64-linux-gnu-gcc: error: unrecognized command line option '-kthread'
configure:14782: $? = 1
configure: failed program was:
| /* confdefs.h */
| #define PACKAGE_NAME ""
| #define PACKAGE_TARNAME ""
| #define PACKAGE_VERSION ""
| #define PACKAGE_STRING ""
| #define PACKAGE_BUGREPORT ""
| #define PACKAGE_URL ""
| #define PACKAGE "libevent"
| #define VERSION "2.0.22-stable"
| #define NUMERIC_VERSION 0x02001600
| #define STDC_HEADERS 1
| #define HAVE_SYS_TYPES_H 1
| #define HAVE_SYS_STAT_H 1
| #define HAVE_STDLIB_H 1
| #define HAVE_STRING_H 1
| #define HAVE_MEMORY_H 1
| #define HAVE_STRINGS_H 1
| #define HAVE_INTTYPES_H 1
| #define HAVE_STDINT_H 1
| #define HAVE_UNISTD_H 1
| #define HAVE_DLFCN_H 1
| #define LT_OBJDIR ".libs/"
| #define STDC_HEADERS 1
| #define HAVE_FCNTL_H 1
| #define HAVE_STDARG_H 1
| #define HAVE_INTTYPES_H 1
| #define HAVE_STDINT_H 1
| #define HAVE_STDDEF_H 1
| #define HAVE_POLL_H 1
| #define HAVE_UNISTD_H 1
| #define HAVE_SYS_EPOLL_H 1
| #define HAVE_SYS_TIME_H 1
| #define HAVE_SYS_QUEUE_H 1
| #define HAVE_SYS_PARAM_H 1
| #define HAVE_SYS_IOCTL_H 1
| #define HAVE_SYS_SELECT_H 1
| #define HAVE_NETINET_IN_H 1
| #define HAVE_SYS_SOCKET_H 1
| #define HAVE_SYS_UIO_H 1
| #define HAVE_ARPA_INET_H 1
| #define HAVE_SYS_EVENTFD_H 1
| #define HAVE_SYS_MMAN_H 1
| #define HAVE_SYS_SENDFILE_H 1
| #define HAVE_SYS_WAIT_H 1
| #define HAVE_NETDB_H 1
| #define HAVE_SYS_STAT_H 1
| #define HAVE_SYS_SYSCTL_H 1
| #define HAVE_TAILQFOREACH 1
| #define HAVE_TIMERADD 1
| #define HAVE_TIMERCMP 1
| #define HAVE_TIMERCLEAR 1
| #define HAVE_TIMERISSET 1
| #define HAVE_DECL_CTL_KERN 1
| #define HAVE_DECL_KERN_RANDOM 1
| #define HAVE_DECL_RANDOM_UUID 1
| #define HAVE_DECL_KERN_ARND 0
| #define TIME_WITH_SYS_TIME 1
| #define HAVE_GETTIMEOFDAY 1
| #define HAVE_VASPRINTF 1
| #define HAVE_FCNTL 1
| #define HAVE_CLOCK_GETTIME 1
| #define HAVE_STRTOK_R 1
| #define HAVE_STRSEP 1
| #define HAVE_GETNAMEINFO 1
| #define HAVE_INET_NTOP 1
| #define HAVE_INET_PTON 1
| #define HAVE_SIGNAL 1
| #define HAVE_SIGACTION 1
| #define HAVE_STRTOLL 1
| #define HAVE_INET_ATON 1
| #define HAVE_PIPE 1
| #define HAVE_EVENTFD 1
| #define HAVE_SENDFILE 1
| #define HAVE_MMAP 1
| #define HAVE_SPLICE 1
| #define HAVE_GETEUID 1
| #define HAVE_GETEGID 1
| #define HAVE_GETPROTOBYNUMBER 1
| #define HAVE_SETENV 1
| #define HAVE_UNSETENV 1
| #define HAVE_PUTENV 1
| #define HAVE_UMASK 1
| #define HAVE_GETADDRINFO 1
| #define SIZEOF_LONG 8
| #define HAVE_SETFD 1
| #define HAVE_SELECT 1
| #define HAVE_POLL 1
| #define HAVE_EPOLL_CTL 1
| #define HAVE_EPOLL 1
| #define HAVE_UINT64_T 1
| #define HAVE_UINT32_T 1
| #define HAVE_UINT16_T 1
| #define HAVE_UINT8_T 1
| #define HAVE_UINTPTR_T 1
| #define HAVE_FD_MASK 1
| #define SIZEOF_LONG_LONG 8
| #define SIZEOF_LONG 8
| #define SIZEOF_INT 4
| #define SIZEOF_SHORT 2
| #define SIZEOF_SIZE_T 8
| #define SIZEOF_VOID_P 8
| #define SIZEOF_OFF_T 8
| #define HAVE_STRUCT_IN6_ADDR 1
| #define HAVE_STRUCT_SOCKADDR_IN6 1
| #define HAVE_SA_FAMILY_T 1
| #define HAVE_STRUCT_ADDRINFO 1
| #define HAVE_STRUCT_SOCKADDR_STORAGE 1
| #define HAVE_STRUCT_IN6_ADDR_S6_ADDR32 1
| #define HAVE_STRUCT_IN6_ADDR_S6_ADDR16 1
| #define HAVE_STRUCT_SOCKADDR_STORAGE_SS_FAMILY 1
| /* end confdefs.h.  */
| #include <pthread.h>
| int
| main ()
| {
| pthread_t th; pthread_join(th, 0);
|                      pthread_attr_init(0); pthread_cleanup_push(0, 0);
|                      pthread_create(0,0,0,0); pthread_cleanup_pop(0);
|   ;
|   return 0;
| }
configure:14791: result: no
configure:14749: checking for the pthreads library -llthread
configure:14782: /exports/toolchains/common/aarch64-linux-gnu/bin/aarch64-linux-gnu-gcc -o conftest -w -Wall -fno-strict-aliasing  -w  conftest.c -llthread  >&5
/exports/toolchains/common/aarch64-linux-gnu/bin/../lib/gcc/aarch64-linux-gnu/5.3.1/../../../../aarch64-linux-gnu/bin/ld: cannot find -llthread
collect2: error: ld returned 1 exit status
configure:14782: $? = 1
configure: failed program was:
| /* confdefs.h */
| #define PACKAGE_NAME ""
| #define PACKAGE_TARNAME ""
| #define PACKAGE_VERSION ""
| #define PACKAGE_STRING ""
| #define PACKAGE_BUGREPORT ""
| #define PACKAGE_URL ""
| #define PACKAGE "libevent"
| #define VERSION "2.0.22-stable"
| #define NUMERIC_VERSION 0x02001600
| #define STDC_HEADERS 1
| #define HAVE_SYS_TYPES_H 1
| #define HAVE_SYS_STAT_H 1
| #define HAVE_STDLIB_H 1
| #define HAVE_STRING_H 1
| #define HAVE_MEMORY_H 1
| #define HAVE_STRINGS_H 1
| #define HAVE_INTTYPES_H 1
| #define HAVE_STDINT_H 1
| #define HAVE_UNISTD_H 1
| #define HAVE_DLFCN_H 1
| #define LT_OBJDIR ".libs/"
| #define STDC_HEADERS 1
| #define HAVE_FCNTL_H 1
| #define HAVE_STDARG_H 1
| #define HAVE_INTTYPES_H 1
| #define HAVE_STDINT_H 1
| #define HAVE_STDDEF_H 1
| #define HAVE_POLL_H 1
| #define HAVE_UNISTD_H 1
| #define HAVE_SYS_EPOLL_H 1
| #define HAVE_SYS_TIME_H 1
| #define HAVE_SYS_QUEUE_H 1
| #define HAVE_SYS_PARAM_H 1
| #define HAVE_SYS_IOCTL_H 1
| #define HAVE_SYS_SELECT_H 1
| #define HAVE_NETINET_IN_H 1
| #define HAVE_SYS_SOCKET_H 1
| #define HAVE_SYS_UIO_H 1
| #define HAVE_ARPA_INET_H 1
| #define HAVE_SYS_EVENTFD_H 1
| #define HAVE_SYS_MMAN_H 1
| #define HAVE_SYS_SENDFILE_H 1
| #define HAVE_SYS_WAIT_H 1
| #define HAVE_NETDB_H 1
| #define HAVE_SYS_STAT_H 1
| #define HAVE_SYS_SYSCTL_H 1
| #define HAVE_TAILQFOREACH 1
| #define HAVE_TIMERADD 1
| #define HAVE_TIMERCMP 1
| #define HAVE_TIMERCLEAR 1
| #define HAVE_TIMERISSET 1
| #define HAVE_DECL_CTL_KERN 1
| #define HAVE_DECL_KERN_RANDOM 1
| #define HAVE_DECL_RANDOM_UUID 1
| #define HAVE_DECL_KERN_ARND 0
| #define TIME_WITH_SYS_TIME 1
| #define HAVE_GETTIMEOFDAY 1
| #define HAVE_VASPRINTF 1
| #define HAVE_FCNTL 1
| #define HAVE_CLOCK_GETTIME 1
| #define HAVE_STRTOK_R 1
| #define HAVE_STRSEP 1
| #define HAVE_GETNAMEINFO 1
| #define HAVE_INET_NTOP 1
| #define HAVE_INET_PTON 1
| #define HAVE_SIGNAL 1
| #define HAVE_SIGACTION 1
| #define HAVE_STRTOLL 1
| #define HAVE_INET_ATON 1
| #define HAVE_PIPE 1
| #define HAVE_EVENTFD 1
| #define HAVE_SENDFILE 1
| #define HAVE_MMAP 1
| #define HAVE_SPLICE 1
| #define HAVE_GETEUID 1
| #define HAVE_GETEGID 1
| #define HAVE_GETPROTOBYNUMBER 1
| #define HAVE_SETENV 1
| #define HAVE_UNSETENV 1
| #define HAVE_PUTENV 1
| #define HAVE_UMASK 1
| #define HAVE_GETADDRINFO 1
| #define SIZEOF_LONG 8
| #define HAVE_SETFD 1
| #define HAVE_SELECT 1
| #define HAVE_POLL 1
| #define HAVE_EPOLL_CTL 1
| #define HAVE_EPOLL 1
| #define HAVE_UINT64_T 1
| #define HAVE_UINT32_T 1
| #define HAVE_UINT16_T 1
| #define HAVE_UINT8_T 1
| #define HAVE_UINTPTR_T 1
| #define HAVE_FD_MASK 1
| #define SIZEOF_LONG_LONG 8
| #define SIZEOF_LONG 8
| #define SIZEOF_INT 4
| #define SIZEOF_SHORT 2
| #define SIZEOF_SIZE_T 8
| #define SIZEOF_VOID_P 8
| #define SIZEOF_OFF_T 8
| #define HAVE_STRUCT_IN6_ADDR 1
| #define HAVE_STRUCT_SOCKADDR_IN6 1
| #define HAVE_SA_FAMILY_T 1
| #define HAVE_STRUCT_ADDRINFO 1
| #define HAVE_STRUCT_SOCKADDR_STORAGE 1
| #define HAVE_STRUCT_IN6_ADDR_S6_ADDR32 1
| #define HAVE_STRUCT_IN6_ADDR_S6_ADDR16 1
| #define HAVE_STRUCT_SOCKADDR_STORAGE_SS_FAMILY 1
| /* end confdefs.h.  */
| #include <pthread.h>
| int
| main ()
| {
| pthread_t th; pthread_join(th, 0);
|                      pthread_attr_init(0); pthread_cleanup_push(0, 0);
|                      pthread_create(0,0,0,0); pthread_cleanup_pop(0);
|   ;
|   return 0;
| }
configure:14791: result: no
configure:14699: checking whether pthreads work with -pthread
configure:14782: /exports/toolchains/common/aarch64-linux-gnu/bin/aarch64-linux-gnu-gcc -o conftest -w -Wall -fno-strict-aliasing -pthread -w  conftest.c   >&5
configure:14782: $? = 0
configure:14791: result: yes
configure:14810: checking for joinable pthread attribute
configure:14825: /exports/toolchains/common/aarch64-linux-gnu/bin/aarch64-linux-gnu-gcc -o conftest -w -Wall -fno-strict-aliasing -pthread -w  conftest.c   >&5
configure:14825: $? = 0
configure:14831: result: PTHREAD_CREATE_JOINABLE
configure:14841: checking if more special flags are required for pthreads
configure:14848: result: no
configure:14937: checking size of pthread_t
configure:14942: /exports/toolchains/common/aarch64-linux-gnu/bin/aarch64-linux-gnu-gcc -c -w -Wall -fno-strict-aliasing -pthread -w conftest.c >&5
configure:14942: $? = 0
configure:14942: /exports/toolchains/common/aarch64-linux-gnu/bin/aarch64-linux-gnu-gcc -c -w -Wall -fno-strict-aliasing -pthread -w conftest.c >&5
conftest.c: In function 'main':
conftest.c:152:12: error: size of array 'test_array' is negative
 static int test_array [1 - 2 * !(((long int) (sizeof (pthread_t))) <= 0)];
            ^
configure:14942: $? = 1
configure: failed program was:
| /* confdefs.h */
| #define PACKAGE_NAME ""
| #define PACKAGE_TARNAME ""
| #define PACKAGE_VERSION ""
| #define PACKAGE_STRING ""
| #define PACKAGE_BUGREPORT ""
| #define PACKAGE_URL ""
| #define PACKAGE "libevent"
| #define VERSION "2.0.22-stable"
| #define NUMERIC_VERSION 0x02001600
| #define STDC_HEADERS 1
| #define HAVE_SYS_TYPES_H 1
| #define HAVE_SYS_STAT_H 1
| #define HAVE_STDLIB_H 1
| #define HAVE_STRING_H 1
| #define HAVE_MEMORY_H 1
| #define HAVE_STRINGS_H 1
| #define HAVE_INTTYPES_H 1
| #define HAVE_STDINT_H 1
| #define HAVE_UNISTD_H 1
| #define HAVE_DLFCN_H 1
| #define LT_OBJDIR ".libs/"
| #define STDC_HEADERS 1
| #define HAVE_FCNTL_H 1
| #define HAVE_STDARG_H 1
| #define HAVE_INTTYPES_H 1
| #define HAVE_STDINT_H 1
| #define HAVE_STDDEF_H 1
| #define HAVE_POLL_H 1
| #define HAVE_UNISTD_H 1
| #define HAVE_SYS_EPOLL_H 1
| #define HAVE_SYS_TIME_H 1
| #define HAVE_SYS_QUEUE_H 1
| #define HAVE_SYS_PARAM_H 1
| #define HAVE_SYS_IOCTL_H 1
| #define HAVE_SYS_SELECT_H 1
| #define HAVE_NETINET_IN_H 1
| #define HAVE_SYS_SOCKET_H 1
| #define HAVE_SYS_UIO_H 1
| #define HAVE_ARPA_INET_H 1
| #define HAVE_SYS_EVENTFD_H 1
| #define HAVE_SYS_MMAN_H 1
| #define HAVE_SYS_SENDFILE_H 1
| #define HAVE_SYS_WAIT_H 1
| #define HAVE_NETDB_H 1
| #define HAVE_SYS_STAT_H 1
| #define HAVE_SYS_SYSCTL_H 1
| #define HAVE_TAILQFOREACH 1
| #define HAVE_TIMERADD 1
| #define HAVE_TIMERCMP 1
| #define HAVE_TIMERCLEAR 1
| #define HAVE_TIMERISSET 1
| #define HAVE_DECL_CTL_KERN 1
| #define HAVE_DECL_KERN_RANDOM 1
| #define HAVE_DECL_RANDOM_UUID 1
| #define HAVE_DECL_KERN_ARND 0
| #define TIME_WITH_SYS_TIME 1
| #define HAVE_GETTIMEOFDAY 1
| #define HAVE_VASPRINTF 1
| #define HAVE_FCNTL 1
| #define HAVE_CLOCK_GETTIME 1
| #define HAVE_STRTOK_R 1
| #define HAVE_STRSEP 1
| #define HAVE_GETNAMEINFO 1
| #define HAVE_INET_NTOP 1
| #define HAVE_INET_PTON 1
| #define HAVE_SIGNAL 1
| #define HAVE_SIGACTION 1
| #define HAVE_STRTOLL 1
| #define HAVE_INET_ATON 1
| #define HAVE_PIPE 1
| #define HAVE_EVENTFD 1
| #define HAVE_SENDFILE 1
| #define HAVE_MMAP 1
| #define HAVE_SPLICE 1
| #define HAVE_GETEUID 1
| #define HAVE_GETEGID 1
| #define HAVE_GETPROTOBYNUMBER 1
| #define HAVE_SETENV 1
| #define HAVE_UNSETENV 1
| #define HAVE_PUTENV 1
| #define HAVE_UMASK 1
| #define HAVE_GETADDRINFO 1
| #define SIZEOF_LONG 8
| #define HAVE_SETFD 1
| #define HAVE_SELECT 1
| #define HAVE_POLL 1
| #define HAVE_EPOLL_CTL 1
| #define HAVE_EPOLL 1
| #define HAVE_UINT64_T 1
| #define HAVE_UINT32_T 1
| #define HAVE_UINT16_T 1
| #define HAVE_UINT8_T 1
| #define HAVE_UINTPTR_T 1
| #define HAVE_FD_MASK 1
| #define SIZEOF_LONG_LONG 8
| #define SIZEOF_LONG 8
| #define SIZEOF_INT 4
| #define SIZEOF_SHORT 2
| #define SIZEOF_SIZE_T 8
| #define SIZEOF_VOID_P 8
| #define SIZEOF_OFF_T 8
| #define HAVE_STRUCT_IN6_ADDR 1
| #define HAVE_STRUCT_SOCKADDR_IN6 1
| #define HAVE_SA_FAMILY_T 1
| #define HAVE_STRUCT_ADDRINFO 1
| #define HAVE_STRUCT_SOCKADDR_STORAGE 1
| #define HAVE_STRUCT_IN6_ADDR_S6_ADDR32 1
| #define HAVE_STRUCT_IN6_ADDR_S6_ADDR16 1
| #define HAVE_STRUCT_SOCKADDR_STORAGE_SS_FAMILY 1
| #define HAVE_PTHREADS 1
| /* end confdefs.h.  */
| #include <stdio.h>
| #ifdef HAVE_SYS_TYPES_H
| # include <sys/types.h>
| #endif
| #ifdef HAVE_SYS_STAT_H
| # include <sys/stat.h>
| #endif
| #ifdef STDC_HEADERS
| # include <stdlib.h>
| # include <stddef.h>
| #else
| # ifdef HAVE_STDLIB_H
| #  include <stdlib.h>
| # endif
| #endif
| #ifdef HAVE_STRING_H
| # if !defined STDC_HEADERS && defined HAVE_MEMORY_H
| #  include <memory.h>
| # endif
| # include <string.h>
| #endif
| #ifdef HAVE_STRINGS_H
| # include <strings.h>
| #endif
| #ifdef HAVE_INTTYPES_H
| # include <inttypes.h>
| #endif
| #ifdef HAVE_STDINT_H
| # include <stdint.h>
| #endif
| #ifdef HAVE_UNISTD_H
| # include <unistd.h>
| #endif
|       #include <pthread.h>
| 
| 
| int
| main ()
| {
| static int test_array [1 - 2 * !(((long int) (sizeof (pthread_t))) <= 0)];
| test_array [0] = 0;
| return test_array [0];
| 
|   ;
|   return 0;
| }
configure:14942: /exports/toolchains/common/aarch64-linux-gnu/bin/aarch64-linux-gnu-gcc -c -w -Wall -fno-strict-aliasing -pthread -w conftest.c >&5
conftest.c: In function 'main':
conftest.c:152:12: error: size of array 'test_array' is negative
 static int test_array [1 - 2 * !(((long int) (sizeof (pthread_t))) <= 1)];
            ^
configure:14942: $? = 1
configure: failed program was:
| /* confdefs.h */
| #define PACKAGE_NAME ""
| #define PACKAGE_TARNAME ""
| #define PACKAGE_VERSION ""
| #define PACKAGE_STRING ""
| #define PACKAGE_BUGREPORT ""
| #define PACKAGE_URL ""
| #define PACKAGE "libevent"
| #define VERSION "2.0.22-stable"
| #define NUMERIC_VERSION 0x02001600
| #define STDC_HEADERS 1
| #define HAVE_SYS_TYPES_H 1
| #define HAVE_SYS_STAT_H 1
| #define HAVE_STDLIB_H 1
| #define HAVE_STRING_H 1
| #define HAVE_MEMORY_H 1
| #define HAVE_STRINGS_H 1
| #define HAVE_INTTYPES_H 1
| #define HAVE_STDINT_H 1
| #define HAVE_UNISTD_H 1
| #define HAVE_DLFCN_H 1
| #define LT_OBJDIR ".libs/"
| #define STDC_HEADERS 1
| #define HAVE_FCNTL_H 1
| #define HAVE_STDARG_H 1
| #define HAVE_INTTYPES_H 1
| #define HAVE_STDINT_H 1
| #define HAVE_STDDEF_H 1
| #define HAVE_POLL_H 1
| #define HAVE_UNISTD_H 1
| #define HAVE_SYS_EPOLL_H 1
| #define HAVE_SYS_TIME_H 1
| #define HAVE_SYS_QUEUE_H 1
| #define HAVE_SYS_PARAM_H 1
| #define HAVE_SYS_IOCTL_H 1
| #define HAVE_SYS_SELECT_H 1
| #define HAVE_NETINET_IN_H 1
| #define HAVE_SYS_SOCKET_H 1
| #define HAVE_SYS_UIO_H 1
| #define HAVE_ARPA_INET_H 1
| #define HAVE_SYS_EVENTFD_H 1
| #define HAVE_SYS_MMAN_H 1
| #define HAVE_SYS_SENDFILE_H 1
| #define HAVE_SYS_WAIT_H 1
| #define HAVE_NETDB_H 1
| #define HAVE_SYS_STAT_H 1
| #define HAVE_SYS_SYSCTL_H 1
| #define HAVE_TAILQFOREACH 1
| #define HAVE_TIMERADD 1
| #define HAVE_TIMERCMP 1
| #define HAVE_TIMERCLEAR 1
| #define HAVE_TIMERISSET 1
| #define HAVE_DECL_CTL_KERN 1
| #define HAVE_DECL_KERN_RANDOM 1
| #define HAVE_DECL_RANDOM_UUID 1
| #define HAVE_DECL_KERN_ARND 0
| #define TIME_WITH_SYS_TIME 1
| #define HAVE_GETTIMEOFDAY 1
| #define HAVE_VASPRINTF 1
| #define HAVE_FCNTL 1
| #define HAVE_CLOCK_GETTIME 1
| #define HAVE_STRTOK_R 1
| #define HAVE_STRSEP 1
| #define HAVE_GETNAMEINFO 1
| #define HAVE_INET_NTOP 1
| #define HAVE_INET_PTON 1
| #define HAVE_SIGNAL 1
| #define HAVE_SIGACTION 1
| #define HAVE_STRTOLL 1
| #define HAVE_INET_ATON 1
| #define HAVE_PIPE 1
| #define HAVE_EVENTFD 1
| #define HAVE_SENDFILE 1
| #define HAVE_MMAP 1
| #define HAVE_SPLICE 1
| #define HAVE_GETEUID 1
| #define HAVE_GETEGID 1
| #define HAVE_GETPROTOBYNUMBER 1
| #define HAVE_SETENV 1
| #define HAVE_UNSETENV 1
| #define HAVE_PUTENV 1
| #define HAVE_UMASK 1
| #define HAVE_GETADDRINFO 1
| #define SIZEOF_LONG 8
| #define HAVE_SETFD 1
| #define HAVE_SELECT 1
| #define HAVE_POLL 1
| #define HAVE_EPOLL_CTL 1
| #define HAVE_EPOLL 1
| #define HAVE_UINT64_T 1
| #define HAVE_UINT32_T 1
| #define HAVE_UINT16_T 1
| #define HAVE_UINT8_T 1
| #define HAVE_UINTPTR_T 1
| #define HAVE_FD_MASK 1
| #define SIZEOF_LONG_LONG 8
| #define SIZEOF_LONG 8
| #define SIZEOF_INT 4
| #define SIZEOF_SHORT 2
| #define SIZEOF_SIZE_T 8
| #define SIZEOF_VOID_P 8
| #define SIZEOF_OFF_T 8
| #define HAVE_STRUCT_IN6_ADDR 1
| #define HAVE_STRUCT_SOCKADDR_IN6 1
| #define HAVE_SA_FAMILY_T 1
| #define HAVE_STRUCT_ADDRINFO 1
| #define HAVE_STRUCT_SOCKADDR_STORAGE 1
| #define HAVE_STRUCT_IN6_ADDR_S6_ADDR32 1
| #define HAVE_STRUCT_IN6_ADDR_S6_ADDR16 1
| #define HAVE_STRUCT_SOCKADDR_STORAGE_SS_FAMILY 1
| #define HAVE_PTHREADS 1
| /* end confdefs.h.  */
| #include <stdio.h>
| #ifdef HAVE_SYS_TYPES_H
| # include <sys/types.h>
| #endif
| #ifdef HAVE_SYS_STAT_H
| # include <sys/stat.h>
| #endif
| #ifdef STDC_HEADERS
| # include <stdlib.h>
| # include <stddef.h>
| #else
| # ifdef HAVE_STDLIB_H
| #  include <stdlib.h>
| # endif
| #endif
| #ifdef HAVE_STRING_H
| # if !defined STDC_HEADERS && defined HAVE_MEMORY_H
| #  include <memory.h>
| # endif
| # include <string.h>
| #endif
| #ifdef HAVE_STRINGS_H
| # include <strings.h>
| #endif
| #ifdef HAVE_INTTYPES_H
| # include <inttypes.h>
| #endif
| #ifdef HAVE_STDINT_H
| # include <stdint.h>
| #endif
| #ifdef HAVE_UNISTD_H
| # include <unistd.h>
| #endif
|       #include <pthread.h>
| 
| 
| int
| main ()
| {
| static int test_array [1 - 2 * !(((long int) (sizeof (pthread_t))) <= 1)];
| test_array [0] = 0;
| return test_array [0];
| 
|   ;
|   return 0;
| }
configure:14942: /exports/toolchains/common/aarch64-linux-gnu/bin/aarch64-linux-gnu-gcc -c -w -Wall -fno-strict-aliasing -pthread -w conftest.c >&5
conftest.c: In function 'main':
conftest.c:152:12: error: size of array 'test_array' is negative
 static int test_array [1 - 2 * !(((long int) (sizeof (pthread_t))) <= 3)];
            ^
configure:14942: $? = 1
configure: failed program was:
| /* confdefs.h */
| #define PACKAGE_NAME ""
| #define PACKAGE_TARNAME ""
| #define PACKAGE_VERSION ""
| #define PACKAGE_STRING ""
| #define PACKAGE_BUGREPORT ""
| #define PACKAGE_URL ""
| #define PACKAGE "libevent"
| #define VERSION "2.0.22-stable"
| #define NUMERIC_VERSION 0x02001600
| #define STDC_HEADERS 1
| #define HAVE_SYS_TYPES_H 1
| #define HAVE_SYS_STAT_H 1
| #define HAVE_STDLIB_H 1
| #define HAVE_STRING_H 1
| #define HAVE_MEMORY_H 1
| #define HAVE_STRINGS_H 1
| #define HAVE_INTTYPES_H 1
| #define HAVE_STDINT_H 1
| #define HAVE_UNISTD_H 1
| #define HAVE_DLFCN_H 1
| #define LT_OBJDIR ".libs/"
| #define STDC_HEADERS 1
| #define HAVE_FCNTL_H 1
| #define HAVE_STDARG_H 1
| #define HAVE_INTTYPES_H 1
| #define HAVE_STDINT_H 1
| #define HAVE_STDDEF_H 1
| #define HAVE_POLL_H 1
| #define HAVE_UNISTD_H 1
| #define HAVE_SYS_EPOLL_H 1
| #define HAVE_SYS_TIME_H 1
| #define HAVE_SYS_QUEUE_H 1
| #define HAVE_SYS_PARAM_H 1
| #define HAVE_SYS_IOCTL_H 1
| #define HAVE_SYS_SELECT_H 1
| #define HAVE_NETINET_IN_H 1
| #define HAVE_SYS_SOCKET_H 1
| #define HAVE_SYS_UIO_H 1
| #define HAVE_ARPA_INET_H 1
| #define HAVE_SYS_EVENTFD_H 1
| #define HAVE_SYS_MMAN_H 1
| #define HAVE_SYS_SENDFILE_H 1
| #define HAVE_SYS_WAIT_H 1
| #define HAVE_NETDB_H 1
| #define HAVE_SYS_STAT_H 1
| #define HAVE_SYS_SYSCTL_H 1
| #define HAVE_TAILQFOREACH 1
| #define HAVE_TIMERADD 1
| #define HAVE_TIMERCMP 1
| #define HAVE_TIMERCLEAR 1
| #define HAVE_TIMERISSET 1
| #define HAVE_DECL_CTL_KERN 1
| #define HAVE_DECL_KERN_RANDOM 1
| #define HAVE_DECL_RANDOM_UUID 1
| #define HAVE_DECL_KERN_ARND 0
| #define TIME_WITH_SYS_TIME 1
| #define HAVE_GETTIMEOFDAY 1
| #define HAVE_VASPRINTF 1
| #define HAVE_FCNTL 1
| #define HAVE_CLOCK_GETTIME 1
| #define HAVE_STRTOK_R 1
| #define HAVE_STRSEP 1
| #define HAVE_GETNAMEINFO 1
| #define HAVE_INET_NTOP 1
| #define HAVE_INET_PTON 1
| #define HAVE_SIGNAL 1
| #define HAVE_SIGACTION 1
| #define HAVE_STRTOLL 1
| #define HAVE_INET_ATON 1
| #define HAVE_PIPE 1
| #define HAVE_EVENTFD 1
| #define HAVE_SENDFILE 1
| #define HAVE_MMAP 1
| #define HAVE_SPLICE 1
| #define HAVE_GETEUID 1
| #define HAVE_GETEGID 1
| #define HAVE_GETPROTOBYNUMBER 1
| #define HAVE_SETENV 1
| #define HAVE_UNSETENV 1
| #define HAVE_PUTENV 1
| #define HAVE_UMASK 1
| #define HAVE_GETADDRINFO 1
| #define SIZEOF_LONG 8
| #define HAVE_SETFD 1
| #define HAVE_SELECT 1
| #define HAVE_POLL 1
| #define HAVE_EPOLL_CTL 1
| #define HAVE_EPOLL 1
| #define HAVE_UINT64_T 1
| #define HAVE_UINT32_T 1
| #define HAVE_UINT16_T 1
| #define HAVE_UINT8_T 1
| #define HAVE_UINTPTR_T 1
| #define HAVE_FD_MASK 1
| #define SIZEOF_LONG_LONG 8
| #define SIZEOF_LONG 8
| #define SIZEOF_INT 4
| #define SIZEOF_SHORT 2
| #define SIZEOF_SIZE_T 8
| #define SIZEOF_VOID_P 8
| #define SIZEOF_OFF_T 8
| #define HAVE_STRUCT_IN6_ADDR 1
| #define HAVE_STRUCT_SOCKADDR_IN6 1
| #define HAVE_SA_FAMILY_T 1
| #define HAVE_STRUCT_ADDRINFO 1
| #define HAVE_STRUCT_SOCKADDR_STORAGE 1
| #define HAVE_STRUCT_IN6_ADDR_S6_ADDR32 1
| #define HAVE_STRUCT_IN6_ADDR_S6_ADDR16 1
| #define HAVE_STRUCT_SOCKADDR_STORAGE_SS_FAMILY 1
| #define HAVE_PTHREADS 1
| /* end confdefs.h.  */
| #include <stdio.h>
| #ifdef HAVE_SYS_TYPES_H
| # include <sys/types.h>
| #endif
| #ifdef HAVE_SYS_STAT_H
| # include <sys/stat.h>
| #endif
| #ifdef STDC_HEADERS
| # include <stdlib.h>
| # include <stddef.h>
| #else
| # ifdef HAVE_STDLIB_H
| #  include <stdlib.h>
| # endif
| #endif
| #ifdef HAVE_STRING_H
| # if !defined STDC_HEADERS && defined HAVE_MEMORY_H
| #  include <memory.h>
| # endif
| # include <string.h>
| #endif
| #ifdef HAVE_STRINGS_H
| # include <strings.h>
| #endif
| #ifdef HAVE_INTTYPES_H
| # include <inttypes.h>
| #endif
| #ifdef HAVE_STDINT_H
| # include <stdint.h>
| #endif
| #ifdef HAVE_UNISTD_H
| # include <unistd.h>
| #endif
|       #include <pthread.h>
| 
| 
| int
| main ()
| {
| static int test_array [1 - 2 * !(((long int) (sizeof (pthread_t))) <= 3)];
| test_array [0] = 0;
| return test_array [0];
| 
|   ;
|   return 0;
| }
configure:14942: /exports/toolchains/common/aarch64-linux-gnu/bin/aarch64-linux-gnu-gcc -c -w -Wall -fno-strict-aliasing -pthread -w conftest.c >&5
conftest.c: In function 'main':
conftest.c:152:12: error: size of array 'test_array' is negative
 static int test_array [1 - 2 * !(((long int) (sizeof (pthread_t))) <= 7)];
            ^
configure:14942: $? = 1
configure: failed program was:
| /* confdefs.h */
| #define PACKAGE_NAME ""
| #define PACKAGE_TARNAME ""
| #define PACKAGE_VERSION ""
| #define PACKAGE_STRING ""
| #define PACKAGE_BUGREPORT ""
| #define PACKAGE_URL ""
| #define PACKAGE "libevent"
| #define VERSION "2.0.22-stable"
| #define NUMERIC_VERSION 0x02001600
| #define STDC_HEADERS 1
| #define HAVE_SYS_TYPES_H 1
| #define HAVE_SYS_STAT_H 1
| #define HAVE_STDLIB_H 1
| #define HAVE_STRING_H 1
| #define HAVE_MEMORY_H 1
| #define HAVE_STRINGS_H 1
| #define HAVE_INTTYPES_H 1
| #define HAVE_STDINT_H 1
| #define HAVE_UNISTD_H 1
| #define HAVE_DLFCN_H 1
| #define LT_OBJDIR ".libs/"
| #define STDC_HEADERS 1
| #define HAVE_FCNTL_H 1
| #define HAVE_STDARG_H 1
| #define HAVE_INTTYPES_H 1
| #define HAVE_STDINT_H 1
| #define HAVE_STDDEF_H 1
| #define HAVE_POLL_H 1
| #define HAVE_UNISTD_H 1
| #define HAVE_SYS_EPOLL_H 1
| #define HAVE_SYS_TIME_H 1
| #define HAVE_SYS_QUEUE_H 1
| #define HAVE_SYS_PARAM_H 1
| #define HAVE_SYS_IOCTL_H 1
| #define HAVE_SYS_SELECT_H 1
| #define HAVE_NETINET_IN_H 1
| #define HAVE_SYS_SOCKET_H 1
| #define HAVE_SYS_UIO_H 1
| #define HAVE_ARPA_INET_H 1
| #define HAVE_SYS_EVENTFD_H 1
| #define HAVE_SYS_MMAN_H 1
| #define HAVE_SYS_SENDFILE_H 1
| #define HAVE_SYS_WAIT_H 1
| #define HAVE_NETDB_H 1
| #define HAVE_SYS_STAT_H 1
| #define HAVE_SYS_SYSCTL_H 1
| #define HAVE_TAILQFOREACH 1
| #define HAVE_TIMERADD 1
| #define HAVE_TIMERCMP 1
| #define HAVE_TIMERCLEAR 1
| #define HAVE_TIMERISSET 1
| #define HAVE_DECL_CTL_KERN 1
| #define HAVE_DECL_KERN_RANDOM 1
| #define HAVE_DECL_RANDOM_UUID 1
| #define HAVE_DECL_KERN_ARND 0
| #define TIME_WITH_SYS_TIME 1
| #define HAVE_GETTIMEOFDAY 1
| #define HAVE_VASPRINTF 1
| #define HAVE_FCNTL 1
| #define HAVE_CLOCK_GETTIME 1
| #define HAVE_STRTOK_R 1
| #define HAVE_STRSEP 1
| #define HAVE_GETNAMEINFO 1
| #define HAVE_INET_NTOP 1
| #define HAVE_INET_PTON 1
| #define HAVE_SIGNAL 1
| #define HAVE_SIGACTION 1
| #define HAVE_STRTOLL 1
| #define HAVE_INET_ATON 1
| #define HAVE_PIPE 1
| #define HAVE_EVENTFD 1
| #define HAVE_SENDFILE 1
| #define HAVE_MMAP 1
| #define HAVE_SPLICE 1
| #define HAVE_GETEUID 1
| #define HAVE_GETEGID 1
| #define HAVE_GETPROTOBYNUMBER 1
| #define HAVE_SETENV 1
| #define HAVE_UNSETENV 1
| #define HAVE_PUTENV 1
| #define HAVE_UMASK 1
| #define HAVE_GETADDRINFO 1
| #define SIZEOF_LONG 8
| #define HAVE_SETFD 1
| #define HAVE_SELECT 1
| #define HAVE_POLL 1
| #define HAVE_EPOLL_CTL 1
| #define HAVE_EPOLL 1
| #define HAVE_UINT64_T 1
| #define HAVE_UINT32_T 1
| #define HAVE_UINT16_T 1
| #define HAVE_UINT8_T 1
| #define HAVE_UINTPTR_T 1
| #define HAVE_FD_MASK 1
| #define SIZEOF_LONG_LONG 8
| #define SIZEOF_LONG 8
| #define SIZEOF_INT 4
| #define SIZEOF_SHORT 2
| #define SIZEOF_SIZE_T 8
| #define SIZEOF_VOID_P 8
| #define SIZEOF_OFF_T 8
| #define HAVE_STRUCT_IN6_ADDR 1
| #define HAVE_STRUCT_SOCKADDR_IN6 1
| #define HAVE_SA_FAMILY_T 1
| #define HAVE_STRUCT_ADDRINFO 1
| #define HAVE_STRUCT_SOCKADDR_STORAGE 1
| #define HAVE_STRUCT_IN6_ADDR_S6_ADDR32 1
| #define HAVE_STRUCT_IN6_ADDR_S6_ADDR16 1
| #define HAVE_STRUCT_SOCKADDR_STORAGE_SS_FAMILY 1
| #define HAVE_PTHREADS 1
| /* end confdefs.h.  */
| #include <stdio.h>
| #ifdef HAVE_SYS_TYPES_H
| # include <sys/types.h>
| #endif
| #ifdef HAVE_SYS_STAT_H
| # include <sys/stat.h>
| #endif
| #ifdef STDC_HEADERS
| # include <stdlib.h>
| # include <stddef.h>
| #else
| # ifdef HAVE_STDLIB_H
| #  include <stdlib.h>
| # endif
| #endif
| #ifdef HAVE_STRING_H
| # if !defined STDC_HEADERS && defined HAVE_MEMORY_H
| #  include <memory.h>
| # endif
| # include <string.h>
| #endif
| #ifdef HAVE_STRINGS_H
| # include <strings.h>
| #endif
| #ifdef HAVE_INTTYPES_H
| # include <inttypes.h>
| #endif
| #ifdef HAVE_STDINT_H
| # include <stdint.h>
| #endif
| #ifdef HAVE_UNISTD_H
| # include <unistd.h>
| #endif
|       #include <pthread.h>
| 
| 
| int
| main ()
| {
| static int test_array [1 - 2 * !(((long int) (sizeof (pthread_t))) <= 7)];
| test_array [0] = 0;
| return test_array [0];
| 
|   ;
|   return 0;
| }
configure:14942: /exports/toolchains/common/aarch64-linux-gnu/bin/aarch64-linux-gnu-gcc -c -w -Wall -fno-strict-aliasing -pthread -w conftest.c >&5
configure:14942: $? = 0
configure:14942: /exports/toolchains/common/aarch64-linux-gnu/bin/aarch64-linux-gnu-gcc -c -w -Wall -fno-strict-aliasing -pthread -w conftest.c >&5
configure:14942: $? = 0
configure:14942: /exports/toolchains/common/aarch64-linux-gnu/bin/aarch64-linux-gnu-gcc -c -w -Wall -fno-strict-aliasing -pthread -w conftest.c >&5
configure:14942: $? = 0
configure:14942: /exports/toolchains/common/aarch64-linux-gnu/bin/aarch64-linux-gnu-gcc -c -w -Wall -fno-strict-aliasing -pthread -w conftest.c >&5
configure:14942: $? = 0
configure:14959: result: 8
configure:15341: checking that generated files are newer than configure
configure:15347: result: done
configure:15430: creating ./config.status

## ---------------------- ##
## Running config.status. ##
## ---------------------- ##

This file was extended by config.status, which was
generated by GNU Autoconf 2.69.  Invocation command line was

  CONFIG_FILES    = 
  CONFIG_HEADERS  = 
  CONFIG_LINKS    = 
  CONFIG_COMMANDS = 
  $ ./config.status 

on e108636

config.status:1219: creating libevent.pc
config.status:1219: creating libevent_openssl.pc
config.status:1219: creating libevent_pthreads.pc
config.status:1219: creating libevent_core.pc
config.status:1219: creating libevent_extra.pc
config.status:1219: creating Makefile
config.status:1219: creating include/Makefile
config.status:1219: creating config.h
config.status:1433: executing depfiles commands
config.status:1433: executing libtool commands

## ---------------- ##
## Cache variables. ##
## ---------------- ##

ac_cv_build=x86_64-unknown-linux-gnu
ac_cv_c_compiler_gnu=yes
ac_cv_c_const=yes
ac_cv_c_inline=inline
ac_cv_env_CC_set=set
ac_cv_env_CC_value=/exports/toolchains/common/aarch64-linux-gnu/bin/aarch64-linux-gnu-gcc
ac_cv_env_CFLAGS_set=set
ac_cv_env_CFLAGS_value=-w
ac_cv_env_CPPFLAGS_set=set
ac_cv_env_CPPFLAGS_value=-w
ac_cv_env_CPP_set=
ac_cv_env_CPP_value=
ac_cv_env_LDFLAGS_set=
ac_cv_env_LDFLAGS_value=
ac_cv_env_LIBS_set=
ac_cv_env_LIBS_value=
ac_cv_env_build_alias_set=
ac_cv_env_build_alias_value=
ac_cv_env_host_alias_set=set
ac_cv_env_host_alias_value=aarch64-linux-gnu
ac_cv_env_target_alias_set=
ac_cv_env_target_alias_value=
ac_cv_func_arc4random=no
ac_cv_func_arc4random_buf=no
ac_cv_func_clock_gettime=yes
ac_cv_func_epoll_ctl=yes
ac_cv_func_eventfd=yes
ac_cv_func_fcntl=yes
ac_cv_func_getegid=yes
ac_cv_func_geteuid=yes
ac_cv_func_getnameinfo=yes
ac_cv_func_getprotobynumber=yes
ac_cv_func_gettimeofday=yes
ac_cv_func_inet_aton=yes
ac_cv_func_inet_ntop=yes
ac_cv_func_inet_pton=yes
ac_cv_func_issetugid=no
ac_cv_func_mmap=yes
ac_cv_func_pipe=yes
ac_cv_func_poll=yes
ac_cv_func_port_create=no
ac_cv_func_putenv=yes
ac_cv_func_select=yes
ac_cv_func_sendfile=yes
ac_cv_func_setenv=yes
ac_cv_func_sigaction=yes
ac_cv_func_signal=yes
ac_cv_func_splice=yes
ac_cv_func_strlcpy=no
ac_cv_func_strsep=yes
ac_cv_func_strtok_r=yes
ac_cv_func_strtoll=yes
ac_cv_func_sysctl=no
ac_cv_func_umask=yes
ac_cv_func_unsetenv=yes
ac_cv_func_vasprintf=yes
ac_cv_have_decl_CTL_KERN=yes
ac_cv_have_decl_KERN_ARND=no
ac_cv_have_decl_KERN_RANDOM=yes
ac_cv_have_decl_RANDOM_UUID=yes
ac_cv_header_arpa_inet_h=yes
ac_cv_header_dlfcn_h=yes
ac_cv_header_fcntl_h=yes
ac_cv_header_inttypes_h=yes
ac_cv_header_memory_h=yes
ac_cv_header_netdb_h=yes
ac_cv_header_netinet_in6_h=no
ac_cv_header_netinet_in_h=yes
ac_cv_header_openssl_bio_h=no
ac_cv_header_poll_h=yes
ac_cv_header_port_h=no
ac_cv_header_stdarg_h=yes
ac_cv_header_stdc=yes
ac_cv_header_stddef_h=yes
ac_cv_header_stdint_h=yes
ac_cv_header_stdlib_h=yes
ac_cv_header_string_h=yes
ac_cv_header_strings_h=yes
ac_cv_header_sys_devpoll_h=no
ac_cv_header_sys_epoll_h=yes
ac_cv_header_sys_event_h=no
ac_cv_header_sys_eventfd_h=yes
ac_cv_header_sys_ioctl_h=yes
ac_cv_header_sys_mman_h=yes
ac_cv_header_sys_param_h=yes
ac_cv_header_sys_queue_h=yes
ac_cv_header_sys_select_h=yes
ac_cv_header_sys_sendfile_h=yes
ac_cv_header_sys_socket_h=yes
ac_cv_header_sys_stat_h=yes
ac_cv_header_sys_sysctl_h=yes
ac_cv_header_sys_time_h=yes
ac_cv_header_sys_types_h=yes
ac_cv_header_sys_uio_h=yes
ac_cv_header_sys_wait_h=yes
ac_cv_header_time=yes
ac_cv_header_unistd_h=yes
ac_cv_header_zlib_h=no
ac_cv_host=aarch64-unknown-linux-gnu
ac_cv_member_struct_in6_addr_s6_addr16=yes
ac_cv_member_struct_in6_addr_s6_addr32=yes
ac_cv_member_struct_sockaddr_in6_sin6_len=no
ac_cv_member_struct_sockaddr_in_sin_len=no
ac_cv_member_struct_sockaddr_storage___ss_family=no
ac_cv_member_struct_sockaddr_storage_ss_family=yes
ac_cv_objext=o
ac_cv_path_EGREP='/bin/grep -E'
ac_cv_path_FGREP='/bin/grep -F'
ac_cv_path_GREP=/bin/grep
ac_cv_path_SED=/bin/sed
ac_cv_path_install='/bin/install -c'
ac_cv_path_mkdir=/bin/mkdir
ac_cv_prog_AR=/exports/toolchains/common/aarch64-linux-gnu/bin/aarch64-linux-gnu-ar
ac_cv_prog_AWK=gawk
ac_cv_prog_CC=/exports/toolchains/common/aarch64-linux-gnu/bin/aarch64-linux-gnu-gcc
ac_cv_prog_CPP='/exports/toolchains/common/aarch64-linux-gnu/bin/aarch64-linux-gnu-gcc -E'
ac_cv_prog_OBJDUMP=/exports/toolchains/common/aarch64-linux-gnu/bin/aarch64-linux-gnu-objdump
ac_cv_prog_RANLIB=/exports/toolchains/common/aarch64-linux-gnu/bin/aarch64-linux-gnu-ranlib
ac_cv_prog_STRIP=strip
ac_cv_prog_ac_ct_STRIP=strip
ac_cv_prog_cc__exports_toolchains_common_aarch64_linux_gnu_bin_aarch64_linux_gnu_gcc_c_o=yes
ac_cv_prog_cc_c89=
ac_cv_prog_cc_g=yes
ac_cv_prog_gcc_traditional=no
ac_cv_prog_make_make_set=yes
ac_cv_search_clock_gettime='none required'
ac_cv_search_inet_aton='none required'
ac_cv_search_inet_ntoa='none required'
ac_cv_search_sendfile='none required'
ac_cv_search_socket='none required'
ac_cv_sizeof_int=4
ac_cv_sizeof_long=8
ac_cv_sizeof_long_long=8
ac_cv_sizeof_off_t=8
ac_cv_sizeof_pthread_t=8
ac_cv_sizeof_short=2
ac_cv_sizeof_size_t=8
ac_cv_sizeof_void_p=8
ac_cv_type_fd_mask=yes
ac_cv_type_pid_t=yes
ac_cv_type_sa_family_t=yes
ac_cv_type_size_t=yes
ac_cv_type_ssize_t=yes
ac_cv_type_struct_addrinfo=yes
ac_cv_type_struct_in6_addr=yes
ac_cv_type_struct_sockaddr_in6=yes
ac_cv_type_struct_sockaddr_storage=yes
ac_cv_type_uint16_t=yes
ac_cv_type_uint32_t=yes
ac_cv_type_uint64_t=yes
ac_cv_type_uint8_t=yes
ac_cv_type_uintptr_t=yes
am_cv_CC_dependencies_compiler_type=none
am_cv_make_support_nested_variables=yes
libevent_cv_getaddrinfo=yes
lt_cv_ar_at_file=@
lt_cv_archive_cmds_need_lc=no
lt_cv_deplibs_check_method=pass_all
lt_cv_file_magic_cmd='$MAGIC_CMD'
lt_cv_file_magic_test_file=
lt_cv_ld_reload_flag=-r
lt_cv_nm_interface='BSD nm'
lt_cv_objdir=.libs
lt_cv_path_LD=/exports/toolchains/common/aarch64-linux-gnu/aarch64-linux-gnu/bin/ld
lt_cv_path_NM=/exports/toolchains/common/aarch64-linux-gnu/bin/aarch64-linux-gnu-nm
lt_cv_path_mainfest_tool=no
lt_cv_prog_compiler_c_o=yes
lt_cv_prog_compiler_pic='-fPIC -DPIC'
lt_cv_prog_compiler_pic_works=yes
lt_cv_prog_compiler_rtti_exceptions=yes
lt_cv_prog_compiler_static_works=yes
lt_cv_prog_gnu_ld=yes
lt_cv_sharedlib_from_linklib_cmd='printf %s\n'
lt_cv_shlibpath_overrides_runpath=no
lt_cv_sys_global_symbol_pipe='sed -n -e '\''s/^.*[	 ]\([ABCDGIRSTW][ABCDGIRSTW]*\)[	 ][	 ]*\([_A-Za-z][_A-Za-z0-9]*\)$/\1 \2 \2/p'\'' | sed '\''/ __gnu_lto/d'\'''
lt_cv_sys_global_symbol_to_c_name_address='sed -n -e '\''s/^: \([^ ]*\)[ ]*$/  {\"\1\", (void *) 0},/p'\'' -e '\''s/^[ABCDGIRSTW]* \([^ ]*\) \([^ ]*\)$/  {"\2", (void *) \&\2},/p'\'''
lt_cv_sys_global_symbol_to_c_name_address_lib_prefix='sed -n -e '\''s/^: \([^ ]*\)[ ]*$/  {\"\1\", (void *) 0},/p'\'' -e '\''s/^[ABCDGIRSTW]* \([^ ]*\) \(lib[^ ]*\)$/  {"\2", (void *) \&\2},/p'\'' -e '\''s/^[ABCDGIRSTW]* \([^ ]*\) \([^ ]*\)$/  {"lib\2", (void *) \&\2},/p'\'''
lt_cv_sys_global_symbol_to_cdecl='sed -n -e '\''s/^T .* \(.*\)$/extern int \1();/p'\'' -e '\''s/^[ABCDGIRSTW]* .* \(.*\)$/extern char \1;/p'\'''
lt_cv_sys_max_cmd_len=1572864
lt_cv_to_host_file_cmd=func_convert_file_noop
lt_cv_to_tool_file_cmd=func_convert_file_noop

## ----------------- ##
## Output variables. ##
## ----------------- ##

ACLOCAL='${SHELL} /data/projects/control-tool/target/act-server-src/libevent/missing aclocal-1.13'
AMDEPBACKSLASH=''
AMDEP_FALSE=''
AMDEP_TRUE='#'
AMTAR='$${TAR-tar}'
AM_BACKSLASH='\'
AM_DEFAULT_V='$(AM_DEFAULT_VERBOSITY)'
AM_DEFAULT_VERBOSITY='0'
AM_V='$(V)'
AR='/exports/toolchains/common/aarch64-linux-gnu/bin/aarch64-linux-gnu-ar'
AUTOCONF='${SHELL} /data/projects/control-tool/target/act-server-src/libevent/missing autoconf'
AUTOHEADER='${SHELL} /data/projects/control-tool/target/act-server-src/libevent/missing autoheader'
AUTOMAKE='${SHELL} /data/projects/control-tool/target/act-server-src/libevent/missing automake-1.13'
AWK='gawk'
BUILD_CYGWIN_FALSE=''
BUILD_CYGWIN_TRUE='#'
BUILD_REGRESS_FALSE=''
BUILD_REGRESS_TRUE='#'
BUILD_WIN32_FALSE=''
BUILD_WIN32_TRUE='#'
BUILD_WITH_NO_UNDEFINED_FALSE=''
BUILD_WITH_NO_UNDEFINED_TRUE='#'
CC='/exports/toolchains/common/aarch64-linux-gnu/bin/aarch64-linux-gnu-gcc'
CCDEPMODE='depmode=none'
CFLAGS='-w -Wall -fno-strict-aliasing -pthread'
CPP='/exports/toolchains/common/aarch64-linux-gnu/bin/aarch64-linux-gnu-gcc -E'
CPPFLAGS='-w'
CYGPATH_W='echo'
DEFS='-DHAVE_CONFIG_H'
DEPDIR='.deps'
DEVPOLL_BACKEND_FALSE=''
DEVPOLL_BACKEND_TRUE='#'
DLLTOOL='false'
DSYMUTIL=''
DUMPBIN=''
ECHO_C=''
ECHO_N='-n'
ECHO_T=''
EGREP='/bin/grep -E'
EPOLL_BACKEND_FALSE='#'
EPOLL_BACKEND_TRUE=''
EVPORT_BACKEND_FALSE=''
EVPORT_BACKEND_TRUE='#'
EV_LIB_GDI=''
EV_LIB_WS32=''
EXEEXT=''
FGREP='/bin/grep -F'
GREP='/bin/grep'
INSTALL_DATA='${INSTALL} -m 644'
INSTALL_LIBEVENT_FALSE=''
INSTALL_LIBEVENT_TRUE='#'
INSTALL_PROGRAM='${INSTALL}'
INSTALL_SCRIPT='${INSTALL}'
INSTALL_STRIP_PROGRAM='$(install_sh) -c -s'
KQUEUE_BACKEND_FALSE=''
KQUEUE_BACKEND_TRUE='#'
LD='/exports/toolchains/common/aarch64-linux-gnu/aarch64-linux-gnu/bin/ld'
LDFLAGS=''
LIBEVENT_GC_SECTIONS=''
LIBOBJS=''
LIBS=''
LIBTOOL='$(SHELL) $(top_builddir)/libtool'
LIBTOOL_DEPS='/data/projects/control-tool/target/act-server-src/libevent/ltmain.sh'
LIPO=''
LN_S='ln -s'
LTLIBOBJS=''
MAKEINFO='${SHELL} /data/projects/control-tool/target/act-server-src/libevent/missing makeinfo'
MANIFEST_TOOL=':'
MKDIR_P='/bin/mkdir -p'
NM='/exports/toolchains/common/aarch64-linux-gnu/bin/aarch64-linux-gnu-nm'
NMEDIT=''
OBJDUMP='/exports/toolchains/common/aarch64-linux-gnu/bin/aarch64-linux-gnu-objdump'
OBJEXT='o'
OPENSSL_FALSE=''
OPENSSL_LIBADD=''
OPENSSL_LIBS=''
OPENSSL_TRUE='#'
OTOOL64=''
OTOOL=''
PACKAGE='libevent'
PACKAGE_BUGREPORT=''
PACKAGE_NAME=''
PACKAGE_STRING=''
PACKAGE_TARNAME=''
PACKAGE_URL=''
PACKAGE_VERSION=''
PATH_SEPARATOR=':'
POLL_BACKEND_FALSE='#'
POLL_BACKEND_TRUE=''
PTHREADS_FALSE='#'
PTHREADS_TRUE=''
PTHREAD_CC='/exports/toolchains/common/aarch64-linux-gnu/bin/aarch64-linux-gnu-gcc'
PTHREAD_CFLAGS='-pthread'
PTHREAD_LIBS=''
RANLIB='/exports/toolchains/common/aarch64-linux-gnu/bin/aarch64-linux-gnu-ranlib'
SED='/bin/sed'
SELECT_BACKEND_FALSE='#'
SELECT_BACKEND_TRUE=''
SET_MAKE=''
SHELL='/bin/sh'
SIGNAL_SUPPORT_FALSE='#'
SIGNAL_SUPPORT_TRUE=''
STRIP='strip'
VERSION='2.0.22-stable'
ZLIB_LIBS=''
ZLIB_REGRESS_FALSE=''
ZLIB_REGRESS_TRUE='#'
ac_ct_AR=''
ac_ct_CC=''
ac_ct_DUMPBIN=''
acx_pthread_config=''
am__EXEEXT_FALSE=''
am__EXEEXT_TRUE='#'
am__fastdepCC_FALSE=''
am__fastdepCC_TRUE='#'
am__include='include'
am__isrc=' -I$(srcdir)'
am__leading_dot='.'
am__nodep=''
am__quote=''
am__tar='$${TAR-tar} chof - "$$tardir"'
am__untar='$${TAR-tar} xf -'
bindir='${exec_prefix}/bin'
build='x86_64-unknown-linux-gnu'
build_alias=''
build_cpu='x86_64'
build_os='linux-gnu'
build_vendor='unknown'
datadir='${datarootdir}'
datarootdir='${prefix}/share'
docdir='${datarootdir}/doc/${PACKAGE}'
dvidir='${docdir}'
exec_prefix='${prefix}'
host='aarch64-unknown-linux-gnu'
host_alias='aarch64-linux-gnu'
host_cpu='aarch64'
host_os='linux-gnu'
host_vendor='unknown'
htmldir='${docdir}'
includedir='${prefix}/include'
infodir='${datarootdir}/info'
install_sh='${SHELL} /data/projects/control-tool/target/act-server-src/libevent/install-sh'
libdir='${exec_prefix}/lib'
libexecdir='${exec_prefix}/libexec'
localedir='${datarootdir}/locale'
localstatedir='${prefix}/var'
mandir='${datarootdir}/man'
mkdir_p='$(MKDIR_P)'
oldincludedir='/usr/include'
pdfdir='${docdir}'
prefix='/usr/local'
program_transform_name='s,x,x,'
psdir='${docdir}'
sbindir='${exec_prefix}/sbin'
sharedstatedir='${prefix}/com'
sysconfdir='${prefix}/etc'
target_alias=''

## ----------- ##
## confdefs.h. ##
## ----------- ##

/* confdefs.h */
#define PACKAGE_NAME ""
#define PACKAGE_TARNAME ""
#define PACKAGE_VERSION ""
#define PACKAGE_STRING ""
#define PACKAGE_BUGREPORT ""
#define PACKAGE_URL ""
#define PACKAGE "libevent"
#define VERSION "2.0.22-stable"
#define NUMERIC_VERSION 0x02001600
#define STDC_HEADERS 1
#define HAVE_SYS_TYPES_H 1
#define HAVE_SYS_STAT_H 1
#define HAVE_STDLIB_H 1
#define HAVE_STRING_H 1
#define HAVE_MEMORY_H 1
#define HAVE_STRINGS_H 1
#define HAVE_INTTYPES_H 1
#define HAVE_STDINT_H 1
#define HAVE_UNISTD_H 1
#define HAVE_DLFCN_H 1
#define LT_OBJDIR ".libs/"
#define STDC_HEADERS 1
#define HAVE_FCNTL_H 1
#define HAVE_STDARG_H 1
#define HAVE_INTTYPES_H 1
#define HAVE_STDINT_H 1
#define HAVE_STDDEF_H 1
#define HAVE_POLL_H 1
#define HAVE_UNISTD_H 1
#define HAVE_SYS_EPOLL_H 1
#define HAVE_SYS_TIME_H 1
#define HAVE_SYS_QUEUE_H 1
#define HAVE_SYS_PARAM_H 1
#define HAVE_SYS_IOCTL_H 1
#define HAVE_SYS_SELECT_H 1
#define HAVE_NETINET_IN_H 1
#define HAVE_SYS_SOCKET_H 1
#define HAVE_SYS_UIO_H 1
#define HAVE_ARPA_INET_H 1
#define HAVE_SYS_EVENTFD_H 1
#define HAVE_SYS_MMAN_H 1
#define HAVE_SYS_SENDFILE_H 1
#define HAVE_SYS_WAIT_H 1
#define HAVE_NETDB_H 1
#define HAVE_SYS_STAT_H 1
#define HAVE_SYS_SYSCTL_H 1
#define HAVE_TAILQFOREACH 1
#define HAVE_TIMERADD 1
#define HAVE_TIMERCMP 1
#define HAVE_TIMERCLEAR 1
#define HAVE_TIMERISSET 1
#define HAVE_DECL_CTL_KERN 1
#define HAVE_DECL_KERN_RANDOM 1
#define HAVE_DECL_RANDOM_UUID 1
#define HAVE_DECL_KERN_ARND 0
#define TIME_WITH_SYS_TIME 1
#define HAVE_GETTIMEOFDAY 1
#define HAVE_VASPRINTF 1
#define HAVE_FCNTL 1
#define HAVE_CLOCK_GETTIME 1
#define HAVE_STRTOK_R 1
#define HAVE_STRSEP 1
#define HAVE_GETNAMEINFO 1
#define HAVE_INET_NTOP 1
#define HAVE_INET_PTON 1
#define HAVE_SIGNAL 1
#define HAVE_SIGACTION 1
#define HAVE_STRTOLL 1
#define HAVE_INET_ATON 1
#define HAVE_PIPE 1
#define HAVE_EVENTFD 1
#define HAVE_SENDFILE 1
#define HAVE_MMAP 1
#define HAVE_SPLICE 1
#define HAVE_GETEUID 1
#define HAVE_GETEGID 1
#define HAVE_GETPROTOBYNUMBER 1
#define HAVE_SETENV 1
#define HAVE_UNSETENV 1
#define HAVE_PUTENV 1
#define HAVE_UMASK 1
#define HAVE_GETADDRINFO 1
#define SIZEOF_LONG 8
#define HAVE_SETFD 1
#define HAVE_SELECT 1
#define HAVE_POLL 1
#define HAVE_EPOLL_CTL 1
#define HAVE_EPOLL 1
#define HAVE_UINT64_T 1
#define HAVE_UINT32_T 1
#define HAVE_UINT16_T 1
#define HAVE_UINT8_T 1
#define HAVE_UINTPTR_T 1
#define HAVE_FD_MASK 1
#define SIZEOF_LONG_LONG 8
#define SIZEOF_LONG 8
#define SIZEOF_INT 4
#define SIZEOF_SHORT 2
#define SIZEOF_SIZE_T 8
#define SIZEOF_VOID_P 8
#define SIZEOF_OFF_T 8
#define HAVE_STRUCT_IN6_ADDR 1
#define HAVE_STRUCT_SOCKADDR_IN6 1
#define HAVE_SA_FAMILY_T 1
#define HAVE_STRUCT_ADDRINFO 1
#define HAVE_STRUCT_SOCKADDR_STORAGE 1
#define HAVE_STRUCT_IN6_ADDR_S6_ADDR32 1
#define HAVE_STRUCT_IN6_ADDR_S6_ADDR16 1
#define HAVE_STRUCT_SOCKADDR_STORAGE_SS_FAMILY 1
#define HAVE_PTHREADS 1
#define SIZEOF_PTHREAD_T 8
#define DISABLE_MM_REPLACEMENT 1

configure: exit 0

## ---------------------- ##
## Running config.status. ##
## ---------------------- ##

This file was extended by config.status, which was
generated by GNU Autoconf 2.69.  Invocation command line was

  CONFIG_FILES    = 
  CONFIG_HEADERS  = 
  CONFIG_LINKS    = 
  CONFIG_COMMANDS = 
  $ ./config.status config.h

on e108636

config.status:1219: creating config.h
config.status:1385: config.h is unchanged
